source_path,/Users/C832577250/Desktop/CSU_IS_example/IS1a 15 Apr 2026 mos79frztest_2.dat
reset_after_warmed_to_C,5.0
cycle_count,1
sample_total_cells,Sample_0,48,sample
sample_total_cells,Sample_1,48,sample
sample_total_cells,Sample_2,48,sample
sample_total_cells,Sample_3,48,blank

timestamp,temperature_C,cycle,picture,blank correction count,Sample_0 (n=48) frozen count,Sample_1 (n=48) frozen count,Sample_2 (n=48) frozen count
2026-04-15T13:00:42.140,12.747,0,,0,0,0,0
2026-04-15T13:00:42.600,12.752,0,,0,0,0,0
2026-04-15T13:00:43.590,12.759,0,,0,0,0,0
2026-04-15T13:00:44.590,12.780,0,,0,0,0,0
2026-04-15T13:00:45.600,12.779,0,,0,0,0,0
2026-04-15T13:00:46.590,12.766,0,,0,0,0,0
2026-04-15T13:00:47.600,12.770,0,,0,0,0,0
2026-04-15T13:00:48.590,12.780,0,,0,0,0,0
2026-04-15T13:00:49.590,12.768,0,,0,0,0,0
2026-04-15T13:00:50.590,12.770,0,,0,0,0,0
2026-04-15T13:00:51.600,12.770,0,,0,0,0,0
2026-04-15T13:00:52.590,12.778,0,,0,0,0,0
2026-04-15T13:00:53.600,12.771,0,,0,0,0,0
2026-04-15T13:00:54.600,12.802,0,,0,0,0,0
2026-04-15T13:00:55.590,12.819,0,,0,0,0,0
2026-04-15T13:00:56.600,12.819,0,,0,0,0,0
2026-04-15T13:00:57.590,12.809,0,,0,0,0,0
2026-04-15T13:00:58.590,12.810,0,,0,0,0,0
2026-04-15T13:00:59.580,12.818,0,,0,0,0,0
2026-04-15T13:01:00.600,12.830,0,,0,0,0,0
2026-04-15T13:01:01.590,12.858,0,,0,0,0,0
2026-04-15T13:01:02.600,12.853,0,,0,0,0,0
2026-04-15T13:01:03.600,12.853,0,,0,0,0,0
2026-04-15T13:01:04.590,12.857,0,,0,0,0,0
2026-04-15T13:01:05.600,12.861,0,,0,0,0,0
2026-04-15T13:01:06.600,12.872,0,,0,0,0,0
2026-04-15T13:01:07.590,12.880,0,,0,0,0,0
2026-04-15T13:01:08.590,12.871,0,,0,0,0,0
2026-04-15T13:01:09.600,12.877,0,,0,0,0,0
2026-04-15T13:01:10.590,12.876,0,,0,0,0,0
2026-04-15T13:01:11.600,12.882,0,,0,0,0,0
2026-04-15T13:01:12.590,12.888,0,,0,0,0,0
2026-04-15T13:01:13.590,12.900,0,,0,0,0,0
2026-04-15T13:01:14.590,12.892,0,,0,0,0,0
2026-04-15T13:01:15.600,12.901,0,,0,0,0,0
2026-04-15T13:01:16.590,12.899,0,,0,0,0,0
2026-04-15T13:01:17.600,12.897,0,,0,0,0,0
2026-04-15T13:01:18.600,12.916,0,,0,0,0,0
2026-04-15T13:01:19.590,12.912,0,,0,0,0,0
2026-04-15T13:01:20.600,12.923,0,,0,0,0,0
2026-04-15T13:01:21.600,12.925,0,,0,0,0,0
2026-04-15T13:01:22.590,12.931,0,,0,0,0,0
2026-04-15T13:01:23.600,12.930,0,,0,0,0,0
2026-04-15T13:01:24.580,12.937,0,,0,0,0,0
2026-04-15T13:01:25.590,12.929,0,,0,0,0,0
2026-04-15T13:01:26.600,12.941,0,,0,0,0,0
2026-04-15T13:01:27.600,12.947,0,,0,0,0,0
2026-04-15T13:01:28.590,12.956,0,,0,0,0,0
2026-04-15T13:01:29.590,12.951,0,,0,0,0,0
2026-04-15T13:01:30.600,12.954,0,,0,0,0,0
2026-04-15T13:01:31.590,12.972,0,,0,0,0,0
2026-04-15T13:01:32.590,12.972,0,,0,0,0,0
2026-04-15T13:01:33.600,12.989,0,,0,0,0,0
2026-04-15T13:01:34.580,13.010,0,,0,0,0,0
2026-04-15T13:01:35.600,12.990,0,,0,0,0,0
2026-04-15T13:01:36.600,12.995,0,,0,0,0,0
2026-04-15T13:01:37.590,13.003,0,,0,0,0,0
2026-04-15T13:01:38.600,12.990,0,,0,0,0,0
2026-04-15T13:01:39.600,13.010,0,,0,0,0,0
2026-04-15T13:01:40.590,13.018,0,,0,0,0,0
2026-04-15T13:01:41.590,13.015,0,,0,0,0,0
2026-04-15T13:01:42.600,13.024,0,Image_0.png,0,0,0,0
2026-04-15T13:01:43.930,13.017,0,,0,0,0,0
2026-04-15T13:01:44.590,13.023,0,,0,0,0,0
2026-04-15T13:01:45.600,13.046,0,,0,0,0,0
2026-04-15T13:01:46.590,13.045,0,,0,0,0,0
2026-04-15T13:01:47.600,13.046,0,,0,0,0,0
2026-04-15T13:01:48.600,13.047,0,,0,0,0,0
2026-04-15T13:01:49.590,13.038,0,,0,0,0,0
2026-04-15T13:01:50.600,13.052,0,,0,0,0,0
2026-04-15T13:01:51.600,13.039,0,,0,0,0,0
2026-04-15T13:01:52.590,13.038,0,,0,0,0,0
2026-04-15T13:01:53.600,13.050,0,,0,0,0,0
2026-04-15T13:01:54.600,13.073,0,,0,0,0,0
2026-04-15T13:01:55.590,13.077,0,,0,0,0,0
2026-04-15T13:01:56.600,13.095,0,,0,0,0,0
2026-04-15T13:01:57.600,13.107,0,,0,0,0,0
2026-04-15T13:01:58.590,13.111,0,,0,0,0,0
2026-04-15T13:01:59.600,13.110,0,,0,0,0,0
2026-04-15T13:02:00.600,13.096,0,,0,0,0,0
2026-04-15T13:02:01.590,13.081,0,,0,0,0,0
2026-04-15T13:02:02.600,13.090,0,,0,0,0,0
2026-04-15T13:02:03.590,13.093,0,,0,0,0,0
2026-04-15T13:02:04.590,13.109,0,,0,0,0,0
2026-04-15T13:02:05.600,13.116,0,,0,0,0,0
2026-04-15T13:02:06.600,13.112,0,,0,0,0,0
2026-04-15T13:02:07.590,13.121,0,,0,0,0,0
2026-04-15T13:02:08.590,13.118,0,,0,0,0,0
2026-04-15T13:02:09.600,13.137,0,,0,0,0,0
2026-04-15T13:02:10.590,13.147,0,,0,0,0,0
2026-04-15T13:02:11.600,13.159,0,,0,0,0,0
2026-04-15T13:02:12.600,13.147,0,,0,0,0,0
2026-04-15T13:02:13.590,13.159,0,,0,0,0,0
2026-04-15T13:02:14.600,13.163,0,,0,0,0,0
2026-04-15T13:02:15.600,13.165,0,,0,0,0,0
2026-04-15T13:02:16.590,13.158,0,,0,0,0,0
2026-04-15T13:02:17.590,13.172,0,,0,0,0,0
2026-04-15T13:02:18.590,13.171,0,,0,0,0,0
2026-04-15T13:02:19.590,13.166,0,,0,0,0,0
2026-04-15T13:02:20.600,13.174,0,,0,0,0,0
2026-04-15T13:02:21.600,13.163,0,,0,0,0,0
2026-04-15T13:02:22.590,13.180,0,,0,0,0,0
2026-04-15T13:02:23.600,13.169,0,,0,0,0,0
2026-04-15T13:02:24.590,13.186,0,,0,0,0,0
2026-04-15T13:02:25.590,13.186,0,,0,0,0,0
2026-04-15T13:02:26.590,13.178,0,,0,0,0,0
2026-04-15T13:02:27.600,13.181,0,,0,0,0,0
2026-04-15T13:02:28.590,13.189,0,,0,0,0,0
2026-04-15T13:02:29.590,13.197,0,,0,0,0,0
2026-04-15T13:02:30.600,13.207,0,,0,0,0,0
2026-04-15T13:02:31.590,13.207,0,,0,0,0,0
2026-04-15T13:02:32.600,13.209,0,,0,0,0,0
2026-04-15T13:02:33.600,13.193,0,,0,0,0,0
2026-04-15T13:02:34.590,13.198,0,,0,0,0,0
2026-04-15T13:02:35.600,13.211,0,,0,0,0,0
2026-04-15T13:02:36.600,13.229,0,,0,0,0,0
2026-04-15T13:02:37.590,13.237,0,,0,0,0,0
2026-04-15T13:02:38.600,13.231,0,,0,0,0,0
2026-04-15T13:02:39.600,13.222,0,,0,0,0,0
2026-04-15T13:02:40.590,13.216,0,,0,0,0,0
2026-04-15T13:02:41.600,13.206,0,,0,0,0,0
2026-04-15T13:02:42.600,13.212,0,Image_1.png,0,0,0,0
2026-04-15T13:02:43.910,13.212,0,,0,0,0,0
2026-04-15T13:02:44.590,13.215,0,,0,0,0,0
2026-04-15T13:02:45.600,13.227,0,,0,0,0,0
2026-04-15T13:02:46.590,13.251,0,,0,0,0,0
2026-04-15T13:02:47.590,13.263,0,,0,0,0,0
2026-04-15T13:02:48.600,13.259,0,,0,0,0,0
2026-04-15T13:02:49.590,13.252,0,,0,0,0,0
2026-04-15T13:02:50.600,13.246,0,,0,0,0,0
2026-04-15T13:02:51.600,13.261,0,,0,0,0,0
2026-04-15T13:02:52.590,13.284,0,,0,0,0,0
2026-04-15T13:02:53.600,13.308,0,,0,0,0,0
2026-04-15T13:02:54.600,13.314,0,,0,0,0,0
2026-04-15T13:02:55.590,13.309,0,,0,0,0,0
2026-04-15T13:02:56.590,13.309,0,,0,0,0,0
2026-04-15T13:02:57.600,13.314,0,,0,0,0,0
2026-04-15T13:02:58.590,13.319,0,,0,0,0,0
2026-04-15T13:02:59.590,13.324,0,,0,0,0,0
2026-04-15T13:03:00.600,13.324,0,,0,0,0,0
2026-04-15T13:03:01.590,13.306,0,,0,0,0,0
2026-04-15T13:03:02.600,13.307,0,,0,0,0,0
2026-04-15T13:03:03.600,13.316,0,,0,0,0,0
2026-04-15T13:03:04.590,13.316,0,,0,0,0,0
2026-04-15T13:03:05.600,13.334,0,,0,0,0,0
2026-04-15T13:03:06.590,13.337,0,,0,0,0,0
2026-04-15T13:03:07.590,13.343,0,,0,0,0,0
2026-04-15T13:03:08.590,13.348,0,,0,0,0,0
2026-04-15T13:03:09.600,13.356,0,,0,0,0,0
2026-04-15T13:03:10.590,13.350,0,,0,0,0,0
2026-04-15T13:03:11.600,13.362,0,,0,0,0,0
2026-04-15T13:03:12.590,13.356,0,,0,0,0,0
2026-04-15T13:03:13.590,13.358,0,,0,0,0,0
2026-04-15T13:03:14.590,13.361,0,,0,0,0,0
2026-04-15T13:03:15.600,13.364,0,,0,0,0,0
2026-04-15T13:03:16.590,13.367,0,,0,0,0,0
2026-04-15T13:03:17.600,13.377,0,,0,0,0,0
2026-04-15T13:03:18.600,13.373,0,,0,0,0,0
2026-04-15T13:03:19.590,13.386,0,,0,0,0,0
2026-04-15T13:03:20.600,13.385,0,,0,0,0,0
2026-04-15T13:03:21.600,13.387,0,,0,0,0,0
2026-04-15T13:03:22.590,13.382,0,,0,0,0,0
2026-04-15T13:03:23.600,13.394,0,,0,0,0,0
2026-04-15T13:03:24.600,13.394,0,,0,0,0,0
2026-04-15T13:03:25.590,13.385,0,,0,0,0,0
2026-04-15T13:03:26.600,13.390,0,,0,0,0,0
2026-04-15T13:03:27.600,13.384,0,,0,0,0,0
2026-04-15T13:03:28.590,13.385,0,,0,0,0,0
2026-04-15T13:03:29.590,13.385,0,,0,0,0,0
2026-04-15T13:03:30.590,13.394,0,,0,0,0,0
2026-04-15T13:03:31.590,13.381,0,,0,0,0,0
2026-04-15T13:03:32.600,13.392,0,,0,0,0,0
2026-04-15T13:03:33.600,13.403,0,,0,0,0,0
2026-04-15T13:03:34.590,13.423,0,,0,0,0,0
2026-04-15T13:03:35.600,13.416,0,,0,0,0,0
2026-04-15T13:03:36.590,13.434,0,,0,0,0,0
2026-04-15T13:03:37.590,13.397,0,,0,0,0,0
2026-04-15T13:03:38.600,13.387,0,,0,0,0,0
2026-04-15T13:03:39.600,13.401,0,,0,0,0,0
2026-04-15T13:03:40.590,13.402,0,,0,0,0,0
2026-04-15T13:03:41.600,13.394,0,,0,0,0,0
2026-04-15T13:03:42.600,13.398,0,,0,0,0,0
2026-04-15T13:03:43.590,13.364,0,Image_2.png,0,0,0,0
2026-04-15T13:03:44.880,13.375,0,,0,0,0,0
2026-04-15T13:03:45.600,13.396,0,,0,0,0,0
2026-04-15T13:03:46.590,13.400,0,,0,0,0,0
2026-04-15T13:03:47.590,13.415,0,,0,0,0,0
2026-04-15T13:03:48.600,13.444,0,,0,0,0,0
2026-04-15T13:03:49.590,13.417,0,,0,0,0,0
2026-04-15T13:03:50.600,13.421,0,,0,0,0,0
2026-04-15T13:03:51.600,13.418,0,,0,0,0,0
2026-04-15T13:03:52.590,13.413,0,,0,0,0,0
2026-04-15T13:03:53.600,13.434,0,,0,0,0,0
2026-04-15T13:03:54.600,13.429,0,,0,0,0,0
2026-04-15T13:03:55.590,13.435,0,,0,0,0,0
2026-04-15T13:03:56.600,13.432,0,,0,0,0,0
2026-04-15T13:03:57.600,13.425,0,,0,0,0,0
2026-04-15T13:03:58.590,13.432,0,,0,0,0,0
2026-04-15T13:03:59.590,13.419,0,,0,0,0,0
2026-04-15T13:04:00.600,13.427,0,,0,0,0,0
2026-04-15T13:04:01.590,13.432,0,,0,0,0,0
2026-04-15T13:04:02.600,13.419,0,,0,0,0,0
2026-04-15T13:04:03.600,13.418,0,,0,0,0,0
2026-04-15T13:04:04.590,13.424,0,,0,0,0,0
2026-04-15T13:04:05.600,13.428,0,,0,0,0,0
2026-04-15T13:04:06.600,13.420,0,,0,0,0,0
2026-04-15T13:04:07.590,13.427,0,,0,0,0,0
2026-04-15T13:04:08.600,13.420,0,,0,0,0,0
2026-04-15T13:04:09.590,13.425,0,,0,0,0,0
2026-04-15T13:04:10.590,13.436,0,,0,0,0,0
2026-04-15T13:04:11.600,13.424,0,,0,0,0,0
2026-04-15T13:04:12.590,13.420,0,,0,0,0,0
2026-04-15T13:04:13.590,13.440,0,,0,0,0,0
2026-04-15T13:04:14.590,13.427,0,,0,0,0,0
2026-04-15T13:04:15.600,13.433,0,,0,0,0,0
2026-04-15T13:04:16.590,13.436,0,,0,0,0,0
2026-04-15T13:04:17.600,13.440,0,,0,0,0,0
2026-04-15T13:04:18.600,13.441,0,,0,0,0,0
2026-04-15T13:04:19.590,13.430,0,,0,0,0,0
2026-04-15T13:04:20.600,13.442,0,,0,0,0,0
2026-04-15T13:04:21.600,13.447,0,,0,0,0,0
2026-04-15T13:04:22.590,13.452,0,,0,0,0,0
2026-04-15T13:04:23.600,13.454,0,,0,0,0,0
2026-04-15T13:04:24.600,13.457,0,,0,0,0,0
2026-04-15T13:04:25.590,13.454,0,,0,0,0,0
2026-04-15T13:04:26.600,13.457,0,,0,0,0,0
2026-04-15T13:04:27.600,13.464,0,,0,0,0,0
2026-04-15T13:04:28.590,13.468,0,,0,0,0,0
2026-04-15T13:04:29.600,13.481,0,,0,0,0,0
2026-04-15T13:04:30.600,13.481,0,,0,0,0,0
2026-04-15T13:04:31.590,13.462,0,,0,0,0,0
2026-04-15T13:04:32.600,13.454,0,,0,0,0,0
2026-04-15T13:04:33.600,13.450,0,,0,0,0,0
2026-04-15T13:04:34.590,13.444,0,,0,0,0,0
2026-04-15T13:04:35.600,13.446,0,,0,0,0,0
2026-04-15T13:04:36.600,13.463,0,,0,0,0,0
2026-04-15T13:04:37.590,13.464,0,,0,0,0,0
2026-04-15T13:04:38.590,13.457,0,,0,0,0,0
2026-04-15T13:04:39.600,13.479,0,,0,0,0,0
2026-04-15T13:04:40.590,13.456,0,,0,0,0,0
2026-04-15T13:04:41.600,13.448,0,,0,0,0,0
2026-04-15T13:04:42.600,13.468,0,,0,0,0,0
2026-04-15T13:04:43.590,13.447,0,Image_3.png,0,0,0,0
2026-04-15T13:04:44.910,13.441,0,,0,0,0,0
2026-04-15T13:04:45.600,13.464,0,,0,0,0,0
2026-04-15T13:04:46.590,13.465,0,,0,0,0,0
2026-04-15T13:04:47.600,13.469,0,,0,0,0,0
2026-04-15T13:04:48.600,13.509,0,,0,0,0,0
2026-04-15T13:04:49.590,13.501,0,,0,0,0,0
2026-04-15T13:04:50.600,13.482,0,,0,0,0,0
2026-04-15T13:04:51.600,13.477,0,,0,0,0,0
2026-04-15T13:04:52.590,13.453,0,,0,0,0,0
2026-04-15T13:04:53.600,13.450,0,,0,0,0,0
2026-04-15T13:04:54.600,13.467,0,,0,0,0,0
2026-04-15T13:04:55.590,13.477,0,,0,0,0,0
2026-04-15T13:04:56.600,13.489,0,,0,0,0,0
2026-04-15T13:04:57.600,13.471,0,,0,0,0,0
2026-04-15T13:04:58.590,13.467,0,,0,0,0,0
2026-04-15T13:04:59.600,13.443,0,,0,0,0,0
2026-04-15T13:05:00.620,13.436,0,,0,0,0,0
2026-04-15T13:05:01.590,13.472,0,,0,0,0,0
2026-04-15T13:05:02.600,13.460,0,,0,0,0,0
2026-04-15T13:05:03.600,13.477,0,,0,0,0,0
2026-04-15T13:05:04.590,13.457,0,,0,0,0,0
2026-04-15T13:05:05.590,13.475,0,,0,0,0,0
2026-04-15T13:05:06.600,13.471,0,,0,0,0,0
2026-04-15T13:05:07.590,13.464,0,,0,0,0,0
2026-04-15T13:05:08.600,13.457,0,,0,0,0,0
2026-04-15T13:05:09.600,13.458,0,,0,0,0,0
2026-04-15T13:05:10.590,13.464,0,,0,0,0,0
2026-04-15T13:05:11.600,13.454,0,,0,0,0,0
2026-04-15T13:05:12.600,13.455,0,,0,0,0,0
2026-04-15T13:05:13.590,13.455,0,,0,0,0,0
2026-04-15T13:05:14.600,13.449,0,,0,0,0,0
2026-04-15T13:05:15.600,13.449,0,,0,0,0,0
2026-04-15T13:05:16.590,13.449,0,,0,0,0,0
2026-04-15T13:05:17.590,13.444,0,,0,0,0,0
2026-04-15T13:05:18.600,13.450,0,,0,0,0,0
2026-04-15T13:05:19.590,13.456,0,,0,0,0,0
2026-04-15T13:05:20.790,13.447,0,,0,0,0,0
2026-04-15T13:05:21.600,13.449,0,,0,0,0,0
2026-04-15T13:05:22.590,13.442,0,,0,0,0,0
2026-04-15T13:05:23.600,13.452,0,,0,0,0,0
2026-04-15T13:05:24.600,13.437,0,,0,0,0,0
2026-04-15T13:05:25.590,13.462,0,,0,0,0,0
2026-04-15T13:05:26.600,13.456,0,,0,0,0,0
2026-04-15T13:05:27.600,13.442,0,,0,0,0,0
2026-04-15T13:05:28.590,13.452,0,,0,0,0,0
2026-04-15T13:05:29.600,13.434,0,,0,0,0,0
2026-04-15T13:05:30.600,13.445,0,,0,0,0,0
2026-04-15T13:05:31.590,13.441,0,,0,0,0,0
2026-04-15T13:05:32.590,13.458,0,,0,0,0,0
2026-04-15T13:05:33.600,13.445,0,,0,0,0,0
2026-04-15T13:05:34.590,13.454,0,,0,0,0,0
2026-04-15T13:05:35.600,13.458,0,,0,0,0,0
2026-04-15T13:05:36.600,13.436,0,,0,0,0,0
2026-04-15T13:05:37.590,13.443,0,,0,0,0,0
2026-04-15T13:05:38.600,13.433,0,,0,0,0,0
2026-04-15T13:05:39.600,13.434,0,,0,0,0,0
2026-04-15T13:05:40.590,13.430,0,,0,0,0,0
2026-04-15T13:05:41.600,13.434,0,,0,0,0,0
2026-04-15T13:05:42.580,13.435,0,,0,0,0,0
2026-04-15T13:05:43.590,13.424,0,Image_4.png,0,0,0,0
2026-04-15T13:05:44.910,13.439,0,,0,0,0,0
2026-04-15T13:05:45.600,13.443,0,,0,0,0,0
2026-04-15T13:05:46.590,13.451,0,,0,0,0,0
2026-04-15T13:05:47.590,13.439,0,,0,0,0,0
2026-04-15T13:05:48.600,13.443,0,,0,0,0,0
2026-04-15T13:05:49.590,13.444,0,,0,0,0,0
2026-04-15T13:05:50.590,13.436,0,,0,0,0,0
2026-04-15T13:05:51.600,13.441,0,,0,0,0,0
2026-04-15T13:05:52.590,13.415,0,,0,0,0,0
2026-04-15T13:05:53.600,13.429,0,,0,0,0,0
2026-04-15T13:05:54.600,13.419,0,,0,0,0,0
2026-04-15T13:05:55.590,13.408,0,,0,0,0,0
2026-04-15T13:05:56.600,13.430,0,,0,0,0,0
2026-04-15T13:05:57.590,13.438,0,,0,0,0,0
2026-04-15T13:05:58.590,13.454,0,,0,0,0,0
2026-04-15T13:05:59.600,13.451,0,,0,0,0,0
2026-04-15T13:06:00.600,13.430,0,,0,0,0,0
2026-04-15T13:06:01.590,13.437,0,,0,0,0,0
2026-04-15T13:06:02.580,13.421,0,,0,0,0,0
2026-04-15T13:06:03.600,13.411,0,,0,0,0,0
2026-04-15T13:06:04.590,13.416,0,,0,0,0,0
2026-04-15T13:06:05.600,13.413,0,,0,0,0,0
2026-04-15T13:06:06.600,13.412,0,,0,0,0,0
2026-04-15T13:06:07.590,13.426,0,,0,0,0,0
2026-04-15T13:06:08.600,13.443,0,,0,0,0,0
2026-04-15T13:06:09.600,13.436,0,,0,0,0,0
2026-04-15T13:06:10.590,13.439,0,,0,0,0,0
2026-04-15T13:06:11.600,13.416,0,,0,0,0,0
2026-04-15T13:06:12.590,13.404,0,,0,0,0,0
2026-04-15T13:06:13.590,13.396,0,,0,0,0,0
2026-04-15T13:06:14.600,13.400,0,,0,0,0,0
2026-04-15T13:06:15.600,13.390,0,,0,0,0,0
2026-04-15T13:06:16.590,13.388,0,,0,0,0,0
2026-04-15T13:06:17.600,13.388,0,,0,0,0,0
2026-04-15T13:06:18.600,13.391,0,,0,0,0,0
2026-04-15T13:06:19.590,13.403,0,,0,0,0,0
2026-04-15T13:06:20.600,13.421,0,,0,0,0,0
2026-04-15T13:06:21.600,13.413,0,,0,0,0,0
2026-04-15T13:06:22.590,13.432,0,,0,0,0,0
2026-04-15T13:06:23.600,13.431,0,,0,0,0,0
2026-04-15T13:06:24.600,13.411,0,,0,0,0,0
2026-04-15T13:06:25.590,13.398,0,,0,0,0,0
2026-04-15T13:06:26.600,13.385,0,,0,0,0,0
2026-04-15T13:06:27.600,13.359,0,,0,0,0,0
2026-04-15T13:06:28.590,13.356,0,,0,0,0,0
2026-04-15T13:06:29.600,13.358,0,,0,0,0,0
2026-04-15T13:06:30.600,13.358,0,,0,0,0,0
2026-04-15T13:06:31.600,13.353,0,,0,0,0,0
2026-04-15T13:06:32.600,13.373,0,,0,0,0,0
2026-04-15T13:06:33.600,13.383,0,,0,0,0,0
2026-04-15T13:06:34.590,13.387,0,,0,0,0,0
2026-04-15T13:06:35.590,13.394,0,,0,0,0,0
2026-04-15T13:06:36.600,13.385,0,,0,0,0,0
2026-04-15T13:06:37.590,13.377,0,,0,0,0,0
2026-04-15T13:06:38.600,13.372,0,,0,0,0,0
2026-04-15T13:06:39.600,13.370,0,,0,0,0,0
2026-04-15T13:06:40.590,13.355,0,,0,0,0,0
2026-04-15T13:06:41.600,13.374,0,,0,0,0,0
2026-04-15T13:06:42.600,13.366,0,,0,0,0,0
2026-04-15T13:06:43.590,13.373,0,,0,0,0,0
2026-04-15T13:06:44.600,13.366,0,Image_5.png,0,0,0,0
2026-04-15T13:06:45.900,13.370,0,,0,0,0,0
2026-04-15T13:06:46.590,13.358,0,,0,0,0,0
2026-04-15T13:06:47.590,13.353,0,,0,0,0,0
2026-04-15T13:06:48.600,13.364,0,,0,0,0,0
2026-04-15T13:06:49.590,13.342,0,,0,0,0,0
2026-04-15T13:06:50.600,13.324,0,,0,0,0,0
2026-04-15T13:06:51.600,13.321,0,,0,0,0,0
2026-04-15T13:06:52.590,13.325,0,,0,0,0,0
2026-04-15T13:06:53.590,13.298,0,,0,0,0,0
2026-04-15T13:06:54.600,13.315,0,,0,0,0,0
2026-04-15T13:06:55.590,13.315,0,,0,0,0,0
2026-04-15T13:06:56.600,13.308,0,,0,0,0,0
2026-04-15T13:06:57.600,13.301,0,,0,0,0,0
2026-04-15T13:06:58.590,13.307,0,,0,0,0,0
2026-04-15T13:06:59.600,13.296,0,,0,0,0,0
2026-04-15T13:07:00.600,13.290,0,,0,0,0,0
2026-04-15T13:07:01.590,13.309,0,,0,0,0,0
2026-04-15T13:07:02.600,13.307,0,,0,0,0,0
2026-04-15T13:07:03.600,13.306,0,,0,0,0,0
2026-04-15T13:07:04.590,13.310,0,,0,0,0,0
2026-04-15T13:07:05.600,13.304,0,,0,0,0,0
2026-04-15T13:07:06.600,13.289,0,,0,0,0,0
2026-04-15T13:07:07.590,13.295,0,,0,0,0,0
2026-04-15T13:07:08.600,13.275,0,,0,0,0,0
2026-04-15T13:07:09.600,13.263,0,,0,0,0,0
2026-04-15T13:07:10.590,13.251,0,,0,0,0,0
2026-04-15T13:07:11.600,13.268,0,,0,0,0,0
2026-04-15T13:07:12.600,13.263,0,,0,0,0,0
2026-04-15T13:07:13.590,13.257,0,,0,0,0,0
2026-04-15T13:07:14.600,13.273,0,,0,0,0,0
2026-04-15T13:07:15.600,13.265,0,,0,0,0,0
2026-04-15T13:07:16.590,13.245,0,,0,0,0,0
2026-04-15T13:07:17.600,13.245,0,,0,0,0,0
2026-04-15T13:07:18.600,13.240,0,,0,0,0,0
2026-04-15T13:07:19.590,13.225,0,,0,0,0,0
2026-04-15T13:07:20.600,13.233,0,,0,0,0,0
2026-04-15T13:07:21.600,13.224,0,,0,0,0,0
2026-04-15T13:07:22.590,13.221,0,,0,0,0,0
2026-04-15T13:07:23.600,13.208,0,,0,0,0,0
2026-04-15T13:07:24.600,13.212,0,,0,0,0,0
2026-04-15T13:07:25.590,13.218,0,,0,0,0,0
2026-04-15T13:07:26.600,13.216,0,,0,0,0,0
2026-04-15T13:07:27.600,13.184,0,,0,0,0,0
2026-04-15T13:07:28.590,13.188,0,,0,0,0,0
2026-04-15T13:07:29.600,13.190,0,,0,0,0,0
2026-04-15T13:07:30.600,13.169,0,,0,0,0,0
2026-04-15T13:07:31.590,13.190,0,,0,0,0,0
2026-04-15T13:07:32.580,13.172,0,,0,0,0,0
2026-04-15T13:07:33.600,13.161,0,,0,0,0,0
2026-04-15T13:07:34.590,13.171,0,,0,0,0,0
2026-04-15T13:07:35.590,13.161,0,,0,0,0,0
2026-04-15T13:07:36.600,13.174,0,,0,0,0,0
2026-04-15T13:07:37.590,13.165,0,,0,0,0,0
2026-04-15T13:07:38.600,13.169,0,,0,0,0,0
2026-04-15T13:07:39.600,13.146,0,,0,0,0,0
2026-04-15T13:07:40.590,13.153,0,,0,0,0,0
2026-04-15T13:07:41.600,13.143,0,,0,0,0,0
2026-04-15T13:07:42.600,13.126,0,,0,0,0,0
2026-04-15T13:07:43.590,13.146,0,,0,0,0,0
2026-04-15T13:07:44.600,13.113,0,,0,0,0,0
2026-04-15T13:07:45.590,13.114,0,Image_6.png,0,0,0,0
2026-04-15T13:07:46.890,13.108,0,,0,0,0,0
2026-04-15T13:07:47.600,13.097,0,,0,0,0,0
2026-04-15T13:07:48.600,13.110,0,,0,0,0,0
2026-04-15T13:07:49.590,13.094,0,,0,0,0,0
2026-04-15T13:07:50.590,13.083,0,,0,0,0,0
2026-04-15T13:07:51.600,13.080,0,,0,0,0,0
2026-04-15T13:07:52.590,13.075,0,,0,0,0,0
2026-04-15T13:07:53.590,13.088,0,,0,0,0,0
2026-04-15T13:07:54.600,13.077,0,,0,0,0,0
2026-04-15T13:07:55.590,13.071,0,,0,0,0,0
2026-04-15T13:07:56.600,13.051,0,,0,0,0,0
2026-04-15T13:07:57.600,13.050,0,,0,0,0,0
2026-04-15T13:07:58.590,13.035,0,,0,0,0,0
2026-04-15T13:07:59.590,13.032,0,,0,0,0,0
2026-04-15T13:08:00.600,13.039,0,,0,0,0,0
2026-04-15T13:08:01.590,13.039,0,,0,0,0,0
2026-04-15T13:08:02.590,13.039,0,,0,0,0,0
2026-04-15T13:08:03.600,13.031,0,,0,0,0,0
2026-04-15T13:08:04.590,13.017,0,,0,0,0,0
2026-04-15T13:08:05.590,13.013,0,,0,0,0,0
2026-04-15T13:08:06.590,13.011,0,,0,0,0,0
2026-04-15T13:08:07.590,12.999,0,,0,0,0,0
2026-04-15T13:08:08.600,12.995,0,,0,0,0,0
2026-04-15T13:08:09.600,12.977,0,,0,0,0,0
2026-04-15T13:08:10.590,12.983,0,,0,0,0,0
2026-04-15T13:08:11.600,12.968,0,,0,0,0,0
2026-04-15T13:08:12.590,12.950,0,,0,0,0,0
2026-04-15T13:08:13.590,12.948,0,,0,0,0,0
2026-04-15T13:08:14.600,12.944,0,,0,0,0,0
2026-04-15T13:08:15.600,12.931,0,,0,0,0,0
2026-04-15T13:08:16.590,12.941,0,,0,0,0,0
2026-04-15T13:08:17.590,12.942,0,,0,0,0,0
2026-04-15T13:08:18.600,12.925,0,,0,0,0,0
2026-04-15T13:08:19.590,12.931,0,,0,0,0,0
2026-04-15T13:08:20.600,12.913,0,,0,0,0,0
2026-04-15T13:08:21.600,12.913,0,,0,0,0,0
2026-04-15T13:08:22.590,12.904,0,,0,0,0,0
2026-04-15T13:08:23.600,12.881,0,,0,0,0,0
2026-04-15T13:08:24.600,12.883,0,,0,0,0,0
2026-04-15T13:08:25.590,12.860,0,,0,0,0,0
2026-04-15T13:08:26.600,12.870,0,,0,0,0,0
2026-04-15T13:08:27.600,12.873,0,,0,0,0,0
2026-04-15T13:08:28.590,12.867,0,,0,0,0,0
2026-04-15T13:08:29.600,12.863,0,,0,0,0,0
2026-04-15T13:08:30.600,12.851,0,,0,0,0,0
2026-04-15T13:08:31.590,12.850,0,,0,0,0,0
2026-04-15T13:08:32.600,12.837,0,,0,0,0,0
2026-04-15T13:08:33.600,12.832,0,,0,0,0,0
2026-04-15T13:08:34.590,12.821,0,,0,0,0,0
2026-04-15T13:08:35.590,12.818,0,,0,0,0,0
2026-04-15T13:08:36.600,12.792,0,,0,0,0,0
2026-04-15T13:08:37.590,12.799,0,,0,0,0,0
2026-04-15T13:08:38.600,12.798,0,,0,0,0,0
2026-04-15T13:08:39.600,12.780,0,,0,0,0,0
2026-04-15T13:08:40.590,12.776,0,,0,0,0,0
2026-04-15T13:08:41.600,12.759,0,,0,0,0,0
2026-04-15T13:08:42.600,12.772,0,,0,0,0,0
2026-04-15T13:08:43.590,12.751,0,,0,0,0,0
2026-04-15T13:08:44.600,12.751,0,,0,0,0,0
2026-04-15T13:08:45.600,12.734,0,Image_7.png,0,0,0,0
2026-04-15T13:08:46.890,12.724,0,,0,0,0,0
2026-04-15T13:08:47.590,12.730,0,,0,0,0,0
2026-04-15T13:08:48.600,12.716,0,,0,0,0,0
2026-04-15T13:08:49.590,12.718,0,,0,0,0,0
2026-04-15T13:08:50.600,12.702,0,,0,0,0,0
2026-04-15T13:08:51.600,12.692,0,,0,0,0,0
2026-04-15T13:08:52.590,12.688,0,,0,0,0,0
2026-04-15T13:08:53.600,12.688,0,,0,0,0,0
2026-04-15T13:08:54.600,12.690,0,,0,0,0,0
2026-04-15T13:08:55.590,12.677,0,,0,0,0,0
2026-04-15T13:08:56.600,12.671,0,,0,0,0,0
2026-04-15T13:08:57.590,12.660,0,,0,0,0,0
2026-04-15T13:08:58.590,12.655,0,,0,0,0,0
2026-04-15T13:08:59.600,12.646,0,,0,0,0,0
2026-04-15T13:09:00.600,12.656,0,,0,0,0,0
2026-04-15T13:09:01.590,12.627,0,,0,0,0,0
2026-04-15T13:09:02.590,12.612,0,,0,0,0,0
2026-04-15T13:09:03.600,12.612,0,,0,0,0,0
2026-04-15T13:09:04.590,12.602,0,,0,0,0,0
2026-04-15T13:09:05.590,12.596,0,,0,0,0,0
2026-04-15T13:09:06.600,12.588,0,,0,0,0,0
2026-04-15T13:09:07.590,12.590,0,,0,0,0,0
2026-04-15T13:09:08.600,12.577,0,,0,0,0,0
2026-04-15T13:09:09.600,12.565,0,,0,0,0,0
2026-04-15T13:09:10.590,12.554,0,,0,0,0,0
2026-04-15T13:09:11.600,12.556,0,,0,0,0,0
2026-04-15T13:09:12.580,12.534,0,,0,0,0,0
2026-04-15T13:09:13.590,12.498,0,,0,0,0,0
2026-04-15T13:09:14.600,12.503,0,,0,0,0,0
2026-04-15T13:09:15.600,12.514,0,,0,0,0,0
2026-04-15T13:09:16.590,12.499,0,,0,0,0,0
2026-04-15T13:09:17.590,12.495,0,,0,0,0,0
2026-04-15T13:09:18.600,12.494,0,,0,0,0,0
2026-04-15T13:09:19.590,12.506,0,,0,0,0,0
2026-04-15T13:09:20.600,12.486,0,,0,0,0,0
2026-04-15T13:09:21.600,12.476,0,,0,0,0,0
2026-04-15T13:09:22.590,12.460,0,,0,0,0,0
2026-04-15T13:09:23.600,12.446,0,,0,0,0,0
2026-04-15T13:09:24.600,12.461,0,,0,0,0,0
2026-04-15T13:09:25.590,12.462,0,,0,0,0,0
2026-04-15T13:09:26.600,12.476,0,,0,0,0,0
2026-04-15T13:09:27.600,12.451,0,,0,0,0,0
2026-04-15T13:09:28.600,12.421,0,,0,0,0,0
2026-04-15T13:09:29.600,12.412,0,,0,0,0,0
2026-04-15T13:09:30.600,12.396,0,,0,0,0,0
2026-04-15T13:09:31.590,12.393,0,,0,0,0,0
2026-04-15T13:09:32.600,12.398,0,,0,0,0,0
2026-04-15T13:09:33.600,12.397,0,,0,0,0,0
2026-04-15T13:09:34.590,12.410,0,,0,0,0,0
2026-04-15T13:09:35.590,12.421,0,,0,0,0,0
2026-04-15T13:09:36.600,12.417,0,,0,0,0,0
2026-04-15T13:09:37.590,12.409,0,,0,0,0,0
2026-04-15T13:09:38.600,12.401,0,,0,0,0,0
2026-04-15T13:09:39.590,12.394,0,,0,0,0,0
2026-04-15T13:09:40.600,12.382,0,,0,0,0,0
2026-04-15T13:09:41.600,12.364,0,,0,0,0,0
2026-04-15T13:09:42.600,12.374,0,,0,0,0,0
2026-04-15T13:09:43.590,12.374,0,,0,0,0,0
2026-04-15T13:09:44.600,12.357,0,,0,0,0,0
2026-04-15T13:09:45.600,12.350,0,,0,0,0,0
2026-04-15T13:09:46.590,12.340,0,Image_8.png,0,0,0,0
2026-04-15T13:09:47.900,12.343,0,,0,0,0,0
2026-04-15T13:09:48.600,12.331,0,,0,0,0,0
2026-04-15T13:09:49.590,12.330,0,,0,0,0,0
2026-04-15T13:09:50.600,12.316,0,,0,0,0,0
2026-04-15T13:09:51.600,12.292,0,,0,0,0,0
2026-04-15T13:09:52.590,12.301,0,,0,0,0,0
2026-04-15T13:09:53.590,12.286,0,,0,0,0,0
2026-04-15T13:09:54.600,12.273,0,,0,0,0,0
2026-04-15T13:09:55.590,12.278,0,,0,0,0,0
2026-04-15T13:09:56.600,12.252,0,,0,0,0,0
2026-04-15T13:09:57.600,12.248,0,,0,0,0,0
2026-04-15T13:09:58.590,12.221,0,,0,0,0,0
2026-04-15T13:09:59.600,12.210,0,,0,0,0,0
2026-04-15T13:10:00.630,12.218,0,,0,0,0,0
2026-04-15T13:10:01.590,12.212,0,,0,0,0,0
2026-04-15T13:10:02.590,12.233,0,,0,0,0,0
2026-04-15T13:10:03.600,12.211,0,,0,0,0,0
2026-04-15T13:10:04.590,12.191,0,,0,0,0,0
2026-04-15T13:10:05.590,12.182,0,,0,0,0,0
2026-04-15T13:10:06.600,12.180,0,,0,0,0,0
2026-04-15T13:10:07.590,12.184,0,,0,0,0,0
2026-04-15T13:10:08.590,12.173,0,,0,0,0,0
2026-04-15T13:10:09.600,12.179,0,,0,0,0,0
2026-04-15T13:10:10.590,12.164,0,,0,0,0,0
2026-04-15T13:10:11.600,12.143,0,,0,0,0,0
2026-04-15T13:10:12.600,12.150,0,,0,0,0,0
2026-04-15T13:10:13.590,12.146,0,,0,0,0,0
2026-04-15T13:10:14.600,12.132,0,,0,0,0,0
2026-04-15T13:10:15.600,12.116,0,,0,0,0,0
2026-04-15T13:10:16.590,12.121,0,,0,0,0,0
2026-04-15T13:10:17.600,12.108,0,,0,0,0,0
2026-04-15T13:10:18.600,12.103,0,,0,0,0,0
2026-04-15T13:10:19.590,12.093,0,,0,0,0,0
2026-04-15T13:10:20.580,12.094,0,,0,0,0,0
2026-04-15T13:10:21.600,12.089,0,,0,0,0,0
2026-04-15T13:10:22.590,12.074,0,,0,0,0,0
2026-04-15T13:10:23.590,12.061,0,,0,0,0,0
2026-04-15T13:10:24.600,12.050,0,,0,0,0,0
2026-04-15T13:10:25.580,12.057,0,,0,0,0,0
2026-04-15T13:10:26.600,12.049,0,,0,0,0,0
2026-04-15T13:10:27.600,12.038,0,,0,0,0,0
2026-04-15T13:10:28.590,12.016,0,,0,0,0,0
2026-04-15T13:10:29.600,12.014,0,,0,0,0,0
2026-04-15T13:10:30.640,12.013,0,,0,0,0,0
2026-04-15T13:10:31.590,12.001,0,,0,0,0,0
2026-04-15T13:10:32.600,11.995,0,,0,0,0,0
2026-04-15T13:10:33.600,11.995,0,,0,0,0,0
2026-04-15T13:10:34.590,11.994,0,,0,0,0,0
2026-04-15T13:10:35.590,11.982,0,,0,0,0,0
2026-04-15T13:10:36.600,11.964,0,,0,0,0,0
2026-04-15T13:10:37.590,11.960,0,,0,0,0,0
2026-04-15T13:10:38.600,11.957,0,,0,0,0,0
2026-04-15T13:10:39.600,11.947,0,,0,0,0,0
2026-04-15T13:10:40.590,11.928,0,,0,0,0,0
2026-04-15T13:10:41.600,11.923,0,,0,0,0,0
2026-04-15T13:10:42.600,11.922,0,,0,0,0,0
2026-04-15T13:10:43.590,11.921,0,,0,0,0,0
2026-04-15T13:10:44.600,11.907,0,,0,0,0,0
2026-04-15T13:10:45.600,11.899,0,,0,0,0,0
2026-04-15T13:10:46.590,11.903,0,,0,0,0,0
2026-04-15T13:10:47.600,11.900,0,Image_9.png,0,0,0,0
2026-04-15T13:10:48.900,11.905,0,,0,0,0,0
2026-04-15T13:10:49.590,11.901,0,,0,0,0,0
2026-04-15T13:10:50.600,11.889,0,,0,0,0,0
2026-04-15T13:10:51.600,11.883,0,,0,0,0,0
2026-04-15T13:10:52.590,11.861,0,,0,0,0,0
2026-04-15T13:10:53.600,11.849,0,,0,0,0,0
2026-04-15T13:10:54.600,11.826,0,,0,0,0,0
2026-04-15T13:10:55.590,11.819,0,,0,0,0,0
2026-04-15T13:10:56.600,11.805,0,,0,0,0,0
2026-04-15T13:10:57.600,11.814,0,,0,0,0,0
2026-04-15T13:10:58.590,11.815,0,,0,0,0,0
2026-04-15T13:10:59.600,11.802,0,,0,0,0,0
2026-04-15T13:11:00.600,11.802,0,,0,0,0,0
2026-04-15T13:11:01.590,11.792,0,,0,0,0,0
2026-04-15T13:11:02.600,11.794,0,,0,0,0,0
2026-04-15T13:11:03.600,11.779,0,,0,0,0,0
2026-04-15T13:11:04.590,11.766,0,,0,0,0,0
2026-04-15T13:11:05.590,11.742,0,,0,0,0,0
2026-04-15T13:11:06.600,11.736,0,,0,0,0,0
2026-04-15T13:11:07.590,11.730,0,,0,0,0,0
2026-04-15T13:11:08.590,11.722,0,,0,0,0,0
2026-04-15T13:11:09.600,11.722,0,,0,0,0,0
2026-04-15T13:11:10.590,11.726,0,,0,0,0,0
2026-04-15T13:11:11.600,11.722,0,,0,0,0,0
2026-04-15T13:11:13.080,11.695,0,,0,0,0,0
2026-04-15T13:11:13.590,11.691,0,,0,0,0,0
2026-04-15T13:11:14.600,11.688,0,,0,0,0,0
2026-04-15T13:11:15.600,11.684,0,,0,0,0,0
2026-04-15T13:11:16.590,11.669,0,,0,0,0,0
2026-04-15T13:11:17.600,11.681,0,,0,0,0,0
2026-04-15T13:11:18.600,11.659,0,,0,0,0,0
2026-04-15T13:11:19.590,11.672,0,,0,0,0,0
2026-04-15T13:11:20.600,11.652,0,,0,0,0,0
2026-04-15T13:11:21.600,11.635,0,,0,0,0,0
2026-04-15T13:11:22.590,11.627,0,,0,0,0,0
2026-04-15T13:11:23.590,11.619,0,,0,0,0,0
2026-04-15T13:11:24.600,11.603,0,,0,0,0,0
2026-04-15T13:11:25.590,11.602,0,,0,0,0,0
2026-04-15T13:11:26.600,11.596,0,,0,0,0,0
2026-04-15T13:11:27.600,11.602,0,,0,0,0,0
2026-04-15T13:11:28.590,11.582,0,,0,0,0,0
2026-04-15T13:11:29.600,11.560,0,,0,0,0,0
2026-04-15T13:11:30.600,11.549,0,,0,0,0,0
2026-04-15T13:11:31.600,11.545,0,,0,0,0,0
2026-04-15T13:11:32.600,11.558,0,,0,0,0,0
2026-04-15T13:11:33.600,11.564,0,,0,0,0,0
2026-04-15T13:11:34.590,11.548,0,,0,0,0,0
2026-04-15T13:11:35.580,11.541,0,,0,0,0,0
2026-04-15T13:11:36.600,11.527,0,,0,0,0,0
2026-04-15T13:11:37.590,11.522,0,,0,0,0,0
2026-04-15T13:11:38.590,11.528,0,,0,0,0,0
2026-04-15T13:11:39.600,11.495,0,,0,0,0,0
2026-04-15T13:11:40.590,11.490,0,,0,0,0,0
2026-04-15T13:11:41.600,11.481,0,,0,0,0,0
2026-04-15T13:11:42.600,11.460,0,,0,0,0,0
2026-04-15T13:11:43.590,11.467,0,,0,0,0,0
2026-04-15T13:11:44.620,11.468,0,,0,0,0,0
2026-04-15T13:11:45.580,11.438,0,,0,0,0,0
2026-04-15T13:11:46.590,11.440,0,,0,0,0,0
2026-04-15T13:11:47.600,11.422,0,Image_10.png,0,0,0,0
2026-04-15T13:11:48.910,11.412,0,,0,0,0,0
2026-04-15T13:11:49.600,11.387,0,,0,0,0,0
2026-04-15T13:11:50.590,11.382,0,,0,0,0,0
2026-04-15T13:11:51.600,11.381,0,,0,0,0,0
2026-04-15T13:11:52.590,11.373,0,,0,0,0,0
2026-04-15T13:11:53.600,11.364,0,,0,0,0,0
2026-04-15T13:11:54.600,11.347,0,,0,0,0,0
2026-04-15T13:11:55.590,11.356,0,,0,0,0,0
2026-04-15T13:11:56.600,11.324,0,,0,0,0,0
2026-04-15T13:11:57.600,11.310,0,,0,0,0,0
2026-04-15T13:11:58.590,11.299,0,,0,0,0,0
2026-04-15T13:11:59.600,11.297,0,,0,0,0,0
2026-04-15T13:12:00.600,11.299,0,,0,0,0,0
2026-04-15T13:12:01.590,11.320,0,,0,0,0,0
2026-04-15T13:12:02.600,11.307,0,,0,0,0,0
2026-04-15T13:12:03.600,11.278,0,,0,0,0,0
2026-04-15T13:12:04.590,11.275,0,,0,0,0,0
2026-04-15T13:12:05.590,11.263,0,,0,0,0,0
2026-04-15T13:12:06.600,11.257,0,,0,0,0,0
2026-04-15T13:12:07.590,11.266,0,,0,0,0,0
2026-04-15T13:12:08.600,11.261,0,,0,0,0,0
2026-04-15T13:12:09.600,11.261,0,,0,0,0,0
2026-04-15T13:12:10.590,11.247,0,,0,0,0,0
2026-04-15T13:12:11.600,11.241,0,,0,0,0,0
2026-04-15T13:12:12.600,11.232,0,,0,0,0,0
2026-04-15T13:12:13.590,11.227,0,,0,0,0,0
2026-04-15T13:12:14.600,11.221,0,,0,0,0,0
2026-04-15T13:12:15.600,11.196,0,,0,0,0,0
2026-04-15T13:12:16.590,11.197,0,,0,0,0,0
2026-04-15T13:12:17.600,11.189,0,,0,0,0,0
2026-04-15T13:12:18.600,11.180,0,,0,0,0,0
2026-04-15T13:12:19.590,11.179,0,,0,0,0,0
2026-04-15T13:12:20.600,11.160,0,,0,0,0,0
2026-04-15T13:12:21.600,11.151,0,,0,0,0,0
2026-04-15T13:12:22.590,11.150,0,,0,0,0,0
2026-04-15T13:12:23.600,11.145,0,,0,0,0,0
2026-04-15T13:12:24.600,11.130,0,,0,0,0,0
2026-04-15T13:12:25.590,11.126,0,,0,0,0,0
2026-04-15T13:12:26.600,11.103,0,,0,0,0,0
2026-04-15T13:12:27.600,11.123,0,,0,0,0,0
2026-04-15T13:12:28.590,11.102,0,,0,0,0,0
2026-04-15T13:12:29.600,11.104,0,,0,0,0,0
2026-04-15T13:12:30.600,11.096,0,,0,0,0,0
2026-04-15T13:12:31.590,11.065,0,,0,0,0,0
2026-04-15T13:12:32.600,11.051,0,,0,0,0,0
2026-04-15T13:12:33.600,11.057,0,,0,0,0,0
2026-04-15T13:12:34.590,11.047,0,,0,0,0,0
2026-04-15T13:12:35.600,11.035,0,,0,0,0,0
2026-04-15T13:12:36.600,11.033,0,,0,0,0,0
2026-04-15T13:12:37.590,11.041,0,,0,0,0,0
2026-04-15T13:12:38.600,11.028,0,,0,0,0,0
2026-04-15T13:12:39.600,11.023,0,,0,0,0,0
2026-04-15T13:12:40.590,11.001,0,,0,0,0,0
2026-04-15T13:12:41.600,10.994,0,,0,0,0,0
2026-04-15T13:12:42.600,10.982,0,,0,0,0,0
2026-04-15T13:12:43.590,10.980,0,,0,0,0,0
2026-04-15T13:12:44.600,10.971,0,,0,0,0,0
2026-04-15T13:12:45.590,10.970,0,,0,0,0,0
2026-04-15T13:12:46.590,10.973,0,,0,0,0,0
2026-04-15T13:12:47.600,10.974,0,Image_11.png,0,0,0,0
2026-04-15T13:12:48.890,10.958,0,,0,0,0,0
2026-04-15T13:12:49.590,10.954,0,,0,0,0,0
2026-04-15T13:12:50.600,10.928,0,,0,0,0,0
2026-04-15T13:12:51.590,10.929,0,,0,0,0,0
2026-04-15T13:12:52.590,10.920,0,,0,0,0,0
2026-04-15T13:12:53.600,10.914,0,,0,0,0,0
2026-04-15T13:12:54.600,10.903,0,,0,0,0,0
2026-04-15T13:12:55.580,10.895,0,,0,0,0,0
2026-04-15T13:12:56.600,10.886,0,,0,0,0,0
2026-04-15T13:12:57.600,10.869,0,,0,0,0,0
2026-04-15T13:12:58.590,10.863,0,,0,0,0,0
2026-04-15T13:12:59.600,10.864,0,,0,0,0,0
2026-04-15T13:13:00.600,10.853,0,,0,0,0,0
2026-04-15T13:13:01.590,10.849,0,,0,0,0,0
2026-04-15T13:13:02.600,10.834,0,,0,0,0,0
2026-04-15T13:13:03.600,10.854,0,,0,0,0,0
2026-04-15T13:13:04.590,10.852,0,,0,0,0,0
2026-04-15T13:13:05.590,10.836,0,,0,0,0,0
2026-04-15T13:13:06.600,10.832,0,,0,0,0,0
2026-04-15T13:13:07.590,10.807,0,,0,0,0,0
2026-04-15T13:13:08.600,10.802,0,,0,0,0,0
2026-04-15T13:13:09.600,10.798,0,,0,0,0,0
2026-04-15T13:13:10.590,10.812,0,,0,0,0,0
2026-04-15T13:13:11.600,10.803,0,,0,0,0,0
2026-04-15T13:13:12.600,10.789,0,,0,0,0,0
2026-04-15T13:13:13.590,10.773,0,,0,0,0,0
2026-04-15T13:13:14.620,10.767,0,,0,0,0,0
2026-04-15T13:13:15.590,10.754,0,,0,0,0,0
2026-04-15T13:13:16.590,10.739,0,,0,0,0,0
2026-04-15T13:13:17.600,10.747,0,,0,0,0,0
2026-04-15T13:13:18.600,10.744,0,,0,0,0,0
2026-04-15T13:13:19.590,10.755,0,,0,0,0,0
2026-04-15T13:13:20.590,10.742,0,,0,0,0,0
2026-04-15T13:13:21.600,10.742,0,,0,0,0,0
2026-04-15T13:13:22.590,10.710,0,,0,0,0,0
2026-04-15T13:13:23.600,10.718,0,,0,0,0,0
2026-04-15T13:13:24.600,10.703,0,,0,0,0,0
2026-04-15T13:13:25.590,10.719,0,,0,0,0,0
2026-04-15T13:13:26.600,10.742,0,,0,0,0,0
2026-04-15T13:13:27.600,10.724,0,,0,0,0,0
2026-04-15T13:13:28.590,10.711,0,,0,0,0,0
2026-04-15T13:13:29.590,10.697,0,,0,0,0,0
2026-04-15T13:13:30.600,10.674,0,,0,0,0,0
2026-04-15T13:13:31.590,10.646,0,,0,0,0,0
2026-04-15T13:13:32.600,10.628,0,,0,0,0,0
2026-04-15T13:13:33.600,10.638,0,,0,0,0,0
2026-04-15T13:13:34.590,10.635,0,,0,0,0,0
2026-04-15T13:13:35.600,10.663,0,,0,0,0,0
2026-04-15T13:13:36.600,10.666,0,,0,0,0,0
2026-04-15T13:13:37.590,10.648,0,,0,0,0,0
2026-04-15T13:13:38.600,10.633,0,,0,0,0,0
2026-04-15T13:13:39.600,10.616,0,,0,0,0,0
2026-04-15T13:13:40.580,10.605,0,,0,0,0,0
2026-04-15T13:13:41.600,10.618,0,,0,0,0,0
2026-04-15T13:13:42.600,10.588,0,,0,0,0,0
2026-04-15T13:13:43.600,10.597,0,,0,0,0,0
2026-04-15T13:13:44.660,10.576,0,,0,0,0,0
2026-04-15T13:13:45.600,10.564,0,,0,0,0,0
2026-04-15T13:13:46.590,10.559,0,,0,0,0,0
2026-04-15T13:13:47.600,10.569,0,,0,0,0,0
2026-04-15T13:13:48.600,10.559,0,Image_12.png,0,0,0,0
2026-04-15T13:13:49.890,10.569,0,,0,0,0,0
2026-04-15T13:13:50.580,10.558,0,,0,0,0,0
2026-04-15T13:13:51.600,10.548,0,,0,0,0,0
2026-04-15T13:13:52.600,10.526,0,,0,0,0,0
2026-04-15T13:13:53.600,10.543,0,,0,0,0,0
2026-04-15T13:13:54.600,10.528,0,,0,0,0,0
2026-04-15T13:13:55.590,10.501,0,,0,0,0,0
2026-04-15T13:13:56.600,10.506,0,,0,0,0,0
2026-04-15T13:13:57.600,10.507,0,,0,0,0,0
2026-04-15T13:13:58.590,10.488,0,,0,0,0,0
2026-04-15T13:13:59.600,10.499,0,,0,0,0,0
2026-04-15T13:14:00.580,10.475,0,,0,0,0,0
2026-04-15T13:14:01.590,10.471,0,,0,0,0,0
2026-04-15T13:14:02.600,10.452,0,,0,0,0,0
2026-04-15T13:14:03.600,10.448,0,,0,0,0,0
2026-04-15T13:14:05.140,10.455,0,,0,0,0,0
2026-04-15T13:14:05.590,10.457,0,,0,0,0,0
2026-04-15T13:14:06.600,10.443,0,,0,0,0,0
2026-04-15T13:14:07.590,10.421,0,,0,0,0,0
2026-04-15T13:14:08.590,10.431,0,,0,0,0,0
2026-04-15T13:14:09.600,10.415,0,,0,0,0,0
2026-04-15T13:14:10.590,10.427,0,,0,0,0,0
2026-04-15T13:14:11.600,10.397,0,,0,0,0,0
2026-04-15T13:14:12.600,10.384,0,,0,0,0,0
2026-04-15T13:14:13.590,10.349,0,,0,0,0,0
2026-04-15T13:14:14.600,10.338,0,,0,0,0,0
2026-04-15T13:14:15.580,10.346,0,,0,0,0,0
2026-04-15T13:14:16.590,10.350,0,,0,0,0,0
2026-04-15T13:14:17.600,10.354,0,,0,0,0,0
2026-04-15T13:14:18.600,10.376,0,,0,0,0,0
2026-04-15T13:14:19.590,10.351,0,,0,0,0,0
2026-04-15T13:14:20.590,10.325,0,,0,0,0,0
2026-04-15T13:14:21.600,10.322,0,,0,0,0,0
2026-04-15T13:14:22.590,10.317,0,,0,0,0,0
2026-04-15T13:14:23.600,10.304,0,,0,0,0,0
2026-04-15T13:14:24.600,10.315,0,,0,0,0,0
2026-04-15T13:14:25.590,10.307,0,,0,0,0,0
2026-04-15T13:14:26.600,10.286,0,,0,0,0,0
2026-04-15T13:14:27.580,10.306,0,,0,0,0,0
2026-04-15T13:14:28.590,10.298,0,,0,0,0,0
2026-04-15T13:14:29.600,10.288,0,,0,0,0,0
2026-04-15T13:14:30.600,10.293,0,,0,0,0,0
2026-04-15T13:14:31.590,10.293,0,,0,0,0,0
2026-04-15T13:14:32.600,10.279,0,,0,0,0,0
2026-04-15T13:14:33.600,10.267,0,,0,0,0,0
2026-04-15T13:14:34.590,10.266,0,,0,0,0,0
2026-04-15T13:14:35.590,10.259,0,,0,0,0,0
2026-04-15T13:14:36.600,10.248,0,,0,0,0,0
2026-04-15T13:14:37.590,10.244,0,,0,0,0,0
2026-04-15T13:14:38.590,10.229,0,,0,0,0,0
2026-04-15T13:14:39.600,10.216,0,,0,0,0,0
2026-04-15T13:14:40.590,10.215,0,,0,0,0,0
2026-04-15T13:14:41.600,10.197,0,,0,0,0,0
2026-04-15T13:14:42.600,10.207,0,,0,0,0,0
2026-04-15T13:14:43.590,10.208,0,,0,0,0,0
2026-04-15T13:14:44.600,10.181,0,,0,0,0,0
2026-04-15T13:14:45.600,10.172,0,,0,0,0,0
2026-04-15T13:14:46.590,10.154,0,,0,0,0,0
2026-04-15T13:14:47.600,10.146,0,,0,0,0,0
2026-04-15T13:14:48.600,10.137,0,,0,0,0,0
2026-04-15T13:14:49.590,10.120,0,Image_13.png,0,0,0,0
2026-04-15T13:14:50.880,10.107,0,,0,0,0,0
2026-04-15T13:14:51.600,10.088,0,,0,0,0,0
2026-04-15T13:14:52.590,10.083,0,,0,0,0,0
2026-04-15T13:14:53.600,10.079,0,,0,0,0,0
2026-04-15T13:14:54.600,10.075,0,,0,0,0,0
2026-04-15T13:14:55.590,10.061,0,,0,0,0,0
2026-04-15T13:14:56.600,10.079,0,,0,0,0,0
2026-04-15T13:14:57.600,10.070,0,,0,0,0,0
2026-04-15T13:14:58.600,10.067,0,,0,0,0,0
2026-04-15T13:14:59.600,10.055,0,,0,0,0,0
2026-04-15T13:15:00.600,10.066,0,,0,0,0,0
2026-04-15T13:15:01.590,10.065,0,,0,0,0,0
2026-04-15T13:15:02.600,10.093,0,,0,0,0,0
2026-04-15T13:15:03.600,10.076,0,,0,0,0,0
2026-04-15T13:15:04.590,10.054,0,,0,0,0,0
2026-04-15T13:15:05.600,10.050,0,,0,0,0,0
2026-04-15T13:15:06.600,10.022,0,,0,0,0,0
2026-04-15T13:15:07.590,10.000,0,,0,0,0,0
2026-04-15T13:15:08.600,9.999,0,,0,0,0,0
2026-04-15T13:15:09.600,9.991,0,,0,0,0,0
2026-04-15T13:15:10.590,9.997,0,,0,0,0,0
2026-04-15T13:15:11.600,9.986,0,,0,0,0,0
2026-04-15T13:15:12.600,9.986,0,,0,0,0,0
2026-04-15T13:15:13.590,9.964,0,,0,0,0,0
2026-04-15T13:15:14.600,9.953,0,,0,0,0,0
2026-04-15T13:15:15.600,9.942,0,,0,0,0,0
2026-04-15T13:15:16.590,9.951,0,,0,0,0,0
2026-04-15T13:15:17.600,9.971,0,,0,0,0,0
2026-04-15T13:15:18.600,9.960,0,,0,0,0,0
2026-04-15T13:15:19.590,9.974,0,,0,0,0,0
2026-04-15T13:15:20.600,9.959,0,,0,0,0,0
2026-04-15T13:15:21.600,9.957,0,,0,0,0,0
2026-04-15T13:15:22.590,9.922,0,,0,0,0,0
2026-04-15T13:15:23.600,9.921,0,,0,0,0,0
2026-04-15T13:15:24.600,9.904,0,,0,0,0,0
2026-04-15T13:15:25.590,9.875,0,,0,0,0,0
2026-04-15T13:15:26.600,9.880,0,,0,0,0,0
2026-04-15T13:15:27.600,9.892,0,,0,0,0,0
2026-04-15T13:15:28.590,9.865,0,,0,0,0,0
2026-04-15T13:15:29.600,9.859,0,,0,0,0,0
2026-04-15T13:15:30.600,9.874,0,,0,0,0,0
2026-04-15T13:15:31.590,9.853,0,,0,0,0,0
2026-04-15T13:15:32.600,9.863,0,,0,0,0,0
2026-04-15T13:15:33.600,9.862,0,,0,0,0,0
2026-04-15T13:15:34.590,9.855,0,,0,0,0,0
2026-04-15T13:15:35.600,9.858,0,,0,0,0,0
2026-04-15T13:15:36.600,9.841,0,,0,0,0,0
2026-04-15T13:15:37.590,9.825,0,,0,0,0,0
2026-04-15T13:15:38.600,9.819,0,,0,0,0,0
2026-04-15T13:15:39.600,9.785,0,,0,0,0,0
2026-04-15T13:15:40.590,9.784,0,,0,0,0,0
2026-04-15T13:15:41.600,9.805,0,,0,0,0,0
2026-04-15T13:15:42.600,9.794,0,,0,0,0,0
2026-04-15T13:15:43.590,9.800,0,,0,0,0,0
2026-04-15T13:15:44.600,9.777,0,,0,0,0,0
2026-04-15T13:15:45.600,9.778,0,,0,0,0,0
2026-04-15T13:15:46.590,9.744,0,,0,0,0,0
2026-04-15T13:15:47.600,9.755,0,,0,0,0,0
2026-04-15T13:15:48.600,9.738,0,,0,0,0,0
2026-04-15T13:15:49.590,9.728,0,Image_14.png,0,0,0,0
2026-04-15T13:15:50.890,9.727,0,,0,0,0,0
2026-04-15T13:15:51.600,9.728,0,,0,0,0,0
2026-04-15T13:15:52.590,9.720,0,,0,0,0,0
2026-04-15T13:15:53.600,9.697,0,,0,0,0,0
2026-04-15T13:15:54.600,9.709,0,,0,0,0,0
2026-04-15T13:15:55.600,9.679,0,,0,0,0,0
2026-04-15T13:15:56.600,9.687,0,,0,0,0,0
2026-04-15T13:15:57.600,9.670,0,,0,0,0,0
2026-04-15T13:15:58.590,9.641,0,,0,0,0,0
2026-04-15T13:15:59.600,9.655,0,,0,0,0,0
2026-04-15T13:16:00.600,9.667,0,,0,0,0,0
2026-04-15T13:16:01.590,9.653,0,,0,0,0,0
2026-04-15T13:16:02.600,9.651,0,,0,0,0,0
2026-04-15T13:16:03.600,9.627,0,,0,0,0,0
2026-04-15T13:16:04.600,9.606,0,,0,0,0,0
2026-04-15T13:16:05.600,9.602,0,,0,0,0,0
2026-04-15T13:16:06.600,9.618,0,,0,0,0,0
2026-04-15T13:16:07.590,9.603,0,,0,0,0,0
2026-04-15T13:16:08.590,9.583,0,,0,0,0,0
2026-04-15T13:16:09.600,9.605,0,,0,0,0,0
2026-04-15T13:16:10.590,9.574,0,,0,0,0,0
2026-04-15T13:16:11.600,9.580,0,,0,0,0,0
2026-04-15T13:16:12.600,9.590,0,,0,0,0,0
2026-04-15T13:16:13.590,9.576,0,,0,0,0,0
2026-04-15T13:16:14.600,9.565,0,,0,0,0,0
2026-04-15T13:16:15.600,9.553,0,,0,0,0,0
2026-04-15T13:16:16.590,9.550,0,,0,0,0,0
2026-04-15T13:16:17.600,9.541,0,,0,0,0,0
2026-04-15T13:16:18.600,9.535,0,,0,0,0,0
2026-04-15T13:16:19.590,9.532,0,,0,0,0,0
2026-04-15T13:16:20.600,9.500,0,,0,0,0,0
2026-04-15T13:16:21.600,9.509,0,,0,0,0,0
2026-04-15T13:16:22.590,9.522,0,,0,0,0,0
2026-04-15T13:16:23.600,9.497,0,,0,0,0,0
2026-04-15T13:16:24.600,9.489,0,,0,0,0,0
2026-04-15T13:16:25.590,9.474,0,,0,0,0,0
2026-04-15T13:16:26.600,9.474,0,,0,0,0,0
2026-04-15T13:16:27.600,9.494,0,,0,0,0,0
2026-04-15T13:16:28.590,9.501,0,,0,0,0,0
2026-04-15T13:16:29.600,9.493,0,,0,0,0,0
2026-04-15T13:16:30.600,9.476,0,,0,0,0,0
2026-04-15T13:16:31.590,9.457,0,,0,0,0,0
2026-04-15T13:16:32.600,9.439,0,,0,0,0,0
2026-04-15T13:16:33.600,9.449,0,,0,0,0,0
2026-04-15T13:16:34.590,9.437,0,,0,0,0,0
2026-04-15T13:16:35.600,9.432,0,,0,0,0,0
2026-04-15T13:16:36.600,9.423,0,,0,0,0,0
2026-04-15T13:16:37.590,9.399,0,,0,0,0,0
2026-04-15T13:16:38.600,9.379,0,,0,0,0,0
2026-04-15T13:16:39.600,9.372,0,,0,0,0,0
2026-04-15T13:16:40.590,9.361,0,,0,0,0,0
2026-04-15T13:16:41.600,9.353,0,,0,0,0,0
2026-04-15T13:16:42.600,9.351,0,,0,0,0,0
2026-04-15T13:16:43.590,9.340,0,,0,0,0,0
2026-04-15T13:16:44.600,9.331,0,,0,0,0,0
2026-04-15T13:16:45.600,9.331,0,,0,0,0,0
2026-04-15T13:16:46.590,9.326,0,,0,0,0,0
2026-04-15T13:16:47.600,9.317,0,,0,0,0,0
2026-04-15T13:16:48.600,9.309,0,,0,0,0,0
2026-04-15T13:16:49.590,9.309,0,Image_15.png,0,0,0,0
2026-04-15T13:16:50.910,9.292,0,,0,0,0,0
2026-04-15T13:16:51.600,9.285,0,,0,0,0,0
2026-04-15T13:16:52.590,9.279,0,,0,0,0,0
2026-04-15T13:16:53.590,9.273,0,,0,0,0,0
2026-04-15T13:16:54.600,9.273,0,,0,0,0,0
2026-04-15T13:16:55.590,9.253,0,,0,0,0,0
2026-04-15T13:16:56.600,9.253,0,,0,0,0,0
2026-04-15T13:16:57.600,9.250,0,,0,0,0,0
2026-04-15T13:16:58.590,9.245,0,,0,0,0,0
2026-04-15T13:16:59.600,9.234,0,,0,0,0,0
2026-04-15T13:17:00.600,9.230,0,,0,0,0,0
2026-04-15T13:17:01.590,9.233,0,,0,0,0,0
2026-04-15T13:17:02.600,9.224,0,,0,0,0,0
2026-04-15T13:17:03.600,9.205,0,,0,0,0,0
2026-04-15T13:17:04.600,9.211,0,,0,0,0,0
2026-04-15T13:17:05.600,9.195,0,,0,0,0,0
2026-04-15T13:17:06.600,9.187,0,,0,0,0,0
2026-04-15T13:17:07.590,9.184,0,,0,0,0,0
2026-04-15T13:17:08.600,9.180,0,,0,0,0,0
2026-04-15T13:17:09.600,9.174,0,,0,0,0,0
2026-04-15T13:17:10.590,9.172,0,,0,0,0,0
2026-04-15T13:17:11.600,9.168,0,,0,0,0,0
2026-04-15T13:17:12.600,9.149,0,,0,0,0,0
2026-04-15T13:17:13.590,9.148,0,,0,0,0,0
2026-04-15T13:17:14.600,9.150,0,,0,0,0,0
2026-04-15T13:17:15.600,9.130,0,,0,0,0,0
2026-04-15T13:17:16.590,9.131,0,,0,0,0,0
2026-04-15T13:17:17.600,9.127,0,,0,0,0,0
2026-04-15T13:17:18.600,9.115,0,,0,0,0,0
2026-04-15T13:17:19.590,9.110,0,,0,0,0,0
2026-04-15T13:17:20.600,9.106,0,,0,0,0,0
2026-04-15T13:17:21.600,9.109,0,,0,0,0,0
2026-04-15T13:17:22.590,9.114,0,,0,0,0,0
2026-04-15T13:17:23.580,9.103,0,,0,0,0,0
2026-04-15T13:17:24.600,9.089,0,,0,0,0,0
2026-04-15T13:17:25.590,9.097,0,,0,0,0,0
2026-04-15T13:17:26.600,9.079,0,,0,0,0,0
2026-04-15T13:17:27.600,9.062,0,,0,0,0,0
2026-04-15T13:17:28.580,9.057,0,,0,0,0,0
2026-04-15T13:17:29.600,9.050,0,,0,0,0,0
2026-04-15T13:17:30.600,9.046,0,,0,0,0,0
2026-04-15T13:17:31.600,9.041,0,,0,0,0,0
2026-04-15T13:17:32.600,9.038,0,,0,0,0,0
2026-04-15T13:17:33.600,9.036,0,,0,0,0,0
2026-04-15T13:17:34.590,9.023,0,,0,0,0,0
2026-04-15T13:17:35.600,9.011,0,,0,0,0,0
2026-04-15T13:17:36.600,9.015,0,,0,0,0,0
2026-04-15T13:17:37.590,9.010,0,,0,0,0,0
2026-04-15T13:17:38.600,9.001,0,,0,0,0,0
2026-04-15T13:17:39.600,9.007,0,,0,0,0,0
2026-04-15T13:17:40.590,8.993,0,,0,0,0,0
2026-04-15T13:17:41.600,8.966,0,,0,0,0,0
2026-04-15T13:17:42.600,8.950,0,,0,0,0,0
2026-04-15T13:17:43.590,8.955,0,,0,0,0,0
2026-04-15T13:17:44.600,8.941,0,,0,0,0,0
2026-04-15T13:17:45.600,8.933,0,,0,0,0,0
2026-04-15T13:17:46.590,8.943,0,,0,0,0,0
2026-04-15T13:17:47.600,8.934,0,,0,0,0,0
2026-04-15T13:17:48.600,8.940,0,,0,0,0,0
2026-04-15T13:17:49.590,8.917,0,Image_16.png,0,0,0,0
2026-04-15T13:17:50.910,8.920,0,,0,0,0,0
2026-04-15T13:17:51.600,8.913,0,,0,0,0,0
2026-04-15T13:17:52.590,8.907,0,,0,0,0,0
2026-04-15T13:17:53.590,8.893,0,,0,0,0,0
2026-04-15T13:17:54.600,8.889,0,,0,0,0,0
2026-04-15T13:17:55.600,8.888,0,,0,0,0,0
2026-04-15T13:17:56.590,8.881,0,,0,0,0,0
2026-04-15T13:17:57.600,8.871,0,,0,0,0,0
2026-04-15T13:17:58.590,8.866,0,,0,0,0,0
2026-04-15T13:17:59.600,8.860,0,,0,0,0,0
2026-04-15T13:18:00.600,8.829,0,,0,0,0,0
2026-04-15T13:18:01.590,8.803,0,,0,0,0,0
2026-04-15T13:18:02.600,8.809,0,,0,0,0,0
2026-04-15T13:18:03.600,8.800,0,,0,0,0,0
2026-04-15T13:18:04.590,8.791,0,,0,0,0,0
2026-04-15T13:18:05.600,8.783,0,,0,0,0,0
2026-04-15T13:18:06.600,8.775,0,,0,0,0,0
2026-04-15T13:18:07.600,8.775,0,,0,0,0,0
2026-04-15T13:18:08.600,8.784,0,,0,0,0,0
2026-04-15T13:18:09.600,8.776,0,,0,0,0,0
2026-04-15T13:18:10.590,8.772,0,,0,0,0,0
2026-04-15T13:18:11.590,8.744,0,,0,0,0,0
2026-04-15T13:18:12.600,8.723,0,,0,0,0,0
2026-04-15T13:18:13.590,8.730,0,,0,0,0,0
2026-04-15T13:18:14.600,8.721,0,,0,0,0,0
2026-04-15T13:18:15.600,8.721,0,,0,0,0,0
2026-04-15T13:18:16.590,8.734,0,,0,0,0,0
2026-04-15T13:18:17.600,8.723,0,,0,0,0,0
2026-04-15T13:18:18.580,8.708,0,,0,0,0,0
2026-04-15T13:18:19.590,8.707,0,,0,0,0,0
2026-04-15T13:18:20.600,8.705,0,,0,0,0,0
2026-04-15T13:18:21.600,8.698,0,,0,0,0,0
2026-04-15T13:18:22.590,8.680,0,,0,0,0,0
2026-04-15T13:18:23.600,8.654,0,,0,0,0,0
2026-04-15T13:18:24.600,8.659,0,,0,0,0,0
2026-04-15T13:18:25.590,8.642,0,,0,0,0,0
2026-04-15T13:18:26.600,8.657,0,,0,0,0,0
2026-04-15T13:18:27.600,8.635,0,,0,0,0,0
2026-04-15T13:18:28.590,8.605,0,,0,0,0,0
2026-04-15T13:18:29.600,8.599,0,,0,0,0,0
2026-04-15T13:18:30.600,8.577,0,,0,0,0,0
2026-04-15T13:18:31.590,8.576,0,,0,0,0,0
2026-04-15T13:18:32.600,8.573,0,,0,0,0,0
2026-04-15T13:18:33.590,8.573,0,,0,0,0,0
2026-04-15T13:18:34.590,8.566,0,,0,0,0,0
2026-04-15T13:18:35.600,8.578,0,,0,0,0,0
2026-04-15T13:18:36.580,8.585,0,,0,0,0,0
2026-04-15T13:18:37.590,8.587,0,,0,0,0,0
2026-04-15T13:18:38.600,8.596,0,,0,0,0,0
2026-04-15T13:18:39.600,8.568,0,,0,0,0,0
2026-04-15T13:18:40.590,8.548,0,,0,0,0,0
2026-04-15T13:18:41.590,8.524,0,,0,0,0,0
2026-04-15T13:18:42.600,8.509,0,,0,0,0,0
2026-04-15T13:18:43.590,8.532,0,,0,0,0,0
2026-04-15T13:18:44.960,8.519,0,,0,0,0,0
2026-04-15T13:18:45.590,8.490,0,,0,0,0,0
2026-04-15T13:18:46.590,8.486,0,,0,0,0,0
2026-04-15T13:18:47.600,8.466,0,,0,0,0,0
2026-04-15T13:18:48.600,8.447,0,,0,0,0,0
2026-04-15T13:18:49.590,8.448,0,Image_17.png,0,0,0,0
2026-04-15T13:18:50.910,8.453,0,,0,0,0,0
2026-04-15T13:18:51.600,8.455,0,,0,0,0,0
2026-04-15T13:18:52.590,8.446,0,,0,0,0,0
2026-04-15T13:18:53.580,8.457,0,,0,0,0,0
2026-04-15T13:18:54.600,8.457,0,,0,0,0,0
2026-04-15T13:18:55.600,8.459,0,,0,0,0,0
2026-04-15T13:18:56.600,8.466,0,,0,0,0,0
2026-04-15T13:18:57.600,8.462,0,,0,0,0,0
2026-04-15T13:18:58.580,8.433,0,,0,0,0,0
2026-04-15T13:18:59.600,8.410,0,,0,0,0,0
2026-04-15T13:19:00.600,8.412,0,,0,0,0,0
2026-04-15T13:19:01.590,8.408,0,,0,0,0,0
2026-04-15T13:19:02.590,8.390,0,,0,0,0,0
2026-04-15T13:19:03.590,8.383,0,,0,0,0,0
2026-04-15T13:19:04.600,8.352,0,,0,0,0,0
2026-04-15T13:19:05.600,8.342,0,,0,0,0,0
2026-04-15T13:19:06.600,8.346,0,,0,0,0,0
2026-04-15T13:19:07.590,8.349,0,,0,0,0,0
2026-04-15T13:19:08.590,8.342,0,,0,0,0,0
2026-04-15T13:19:09.600,8.352,0,,0,0,0,0
2026-04-15T13:19:10.590,8.365,0,,0,0,0,0
2026-04-15T13:19:11.600,8.341,0,,0,0,0,0
2026-04-15T13:19:12.600,8.329,0,,0,0,0,0
2026-04-15T13:19:13.580,8.349,0,,0,0,0,0
2026-04-15T13:19:14.600,8.333,0,,0,0,0,0
2026-04-15T13:19:15.600,8.346,0,,0,0,0,0
2026-04-15T13:19:16.600,8.315,0,,0,0,0,0
2026-04-15T13:19:17.600,8.286,0,,0,0,0,0
2026-04-15T13:19:18.580,8.285,0,,0,0,0,0
2026-04-15T13:19:19.590,8.248,0,,0,0,0,0
2026-04-15T13:19:20.600,8.252,0,,0,0,0,0
2026-04-15T13:19:21.600,8.251,0,,0,0,0,0
2026-04-15T13:19:22.590,8.244,0,,0,0,0,0
2026-04-15T13:19:23.600,8.240,0,,0,0,0,0
2026-04-15T13:19:24.600,8.218,0,,0,0,0,0
2026-04-15T13:19:25.590,8.221,0,,0,0,0,0
2026-04-15T13:19:26.600,8.211,0,,0,0,0,0
2026-04-15T13:19:27.600,8.211,0,,0,0,0,0
2026-04-15T13:19:28.590,8.203,0,,0,0,0,0
2026-04-15T13:19:29.600,8.176,0,,0,0,0,0
2026-04-15T13:19:30.600,8.193,0,,0,0,0,0
2026-04-15T13:19:31.590,8.175,0,,0,0,0,0
2026-04-15T13:19:32.590,8.178,0,,0,0,0,0
2026-04-15T13:19:33.600,8.165,0,,0,0,0,0
2026-04-15T13:19:34.590,8.148,0,,0,0,0,0
2026-04-15T13:19:35.600,8.140,0,,0,0,0,0
2026-04-15T13:19:36.600,8.143,0,,0,0,0,0
2026-04-15T13:19:37.590,8.145,0,,0,0,0,0
2026-04-15T13:19:38.620,8.157,0,,0,0,0,0
2026-04-15T13:19:39.600,8.137,0,,0,0,0,0
2026-04-15T13:19:40.590,8.138,0,,0,0,0,0
2026-04-15T13:19:41.600,8.138,0,,0,0,0,0
2026-04-15T13:19:42.600,8.120,0,,0,0,0,0
2026-04-15T13:19:43.590,8.116,0,,0,0,0,0
2026-04-15T13:19:44.600,8.121,0,,0,0,0,0
2026-04-15T13:19:45.600,8.096,0,,0,0,0,0
2026-04-15T13:19:46.590,8.085,0,,0,0,0,0
2026-04-15T13:19:47.600,8.076,0,,0,0,0,0
2026-04-15T13:19:48.600,8.071,0,,0,0,0,0
2026-04-15T13:19:49.590,8.066,0,Image_18.png,0,0,0,0
2026-04-15T13:19:50.950,8.054,0,,0,0,0,0
2026-04-15T13:19:51.600,8.052,0,,0,0,0,0
2026-04-15T13:19:52.590,8.040,0,,0,0,0,0
2026-04-15T13:19:53.590,8.020,0,,0,0,0,0
2026-04-15T13:19:54.600,7.999,0,,0,0,0,0
2026-04-15T13:19:55.590,8.001,0,,0,0,0,0
2026-04-15T13:19:56.600,8.009,0,,0,0,0,0
2026-04-15T13:19:57.600,7.997,0,,0,0,0,0
2026-04-15T13:19:58.590,7.994,0,,0,0,0,0
2026-04-15T13:19:59.600,7.982,0,,0,0,0,0
2026-04-15T13:20:00.600,7.973,0,,0,0,0,0
2026-04-15T13:20:01.590,7.991,0,,0,0,0,0
2026-04-15T13:20:02.600,7.972,0,,0,0,0,0
2026-04-15T13:20:03.580,7.971,0,,0,0,0,0
2026-04-15T13:20:04.590,7.949,0,,0,0,0,0
2026-04-15T13:20:05.600,7.928,0,,0,0,0,0
2026-04-15T13:20:06.600,7.909,0,,0,0,0,0
2026-04-15T13:20:07.590,7.931,0,,0,0,0,0
2026-04-15T13:20:08.600,7.919,0,,0,0,0,0
2026-04-15T13:20:09.600,7.930,0,,0,0,0,0
2026-04-15T13:20:10.590,7.943,0,,0,0,0,0
2026-04-15T13:20:11.600,7.909,0,,0,0,0,0
2026-04-15T13:20:12.600,7.911,0,,0,0,0,0
2026-04-15T13:20:13.590,7.882,0,,0,0,0,0
2026-04-15T13:20:14.600,7.876,0,,0,0,0,0
2026-04-15T13:20:15.600,7.862,0,,0,0,0,0
2026-04-15T13:20:16.590,7.852,0,,0,0,0,0
2026-04-15T13:20:17.600,7.840,0,,0,0,0,0
2026-04-15T13:20:18.600,7.812,0,,0,0,0,0
2026-04-15T13:20:19.590,7.834,0,,0,0,0,0
2026-04-15T13:20:20.600,7.820,0,,0,0,0,0
2026-04-15T13:20:21.600,7.816,0,,0,0,0,0
2026-04-15T13:20:22.590,7.802,0,,0,0,0,0
2026-04-15T13:20:23.600,7.792,0,,0,0,0,0
2026-04-15T13:20:24.600,7.793,0,,0,0,0,0
2026-04-15T13:20:25.590,7.790,0,,0,0,0,0
2026-04-15T13:20:26.590,7.783,0,,0,0,0,0
2026-04-15T13:20:27.600,7.770,0,,0,0,0,0
2026-04-15T13:20:28.600,7.754,0,,0,0,0,0
2026-04-15T13:20:29.600,7.750,0,,0,0,0,0
2026-04-15T13:20:30.600,7.747,0,,0,0,0,0
2026-04-15T13:20:31.590,7.726,0,,0,0,0,0
2026-04-15T13:20:32.600,7.720,0,,0,0,0,0
2026-04-15T13:20:33.600,7.730,0,,0,0,0,0
2026-04-15T13:20:34.590,7.727,0,,0,0,0,0
2026-04-15T13:20:35.590,7.714,0,,0,0,0,0
2026-04-15T13:20:36.600,7.715,0,,0,0,0,0
2026-04-15T13:20:37.590,7.697,0,,0,0,0,0
2026-04-15T13:20:38.590,7.707,0,,0,0,0,0
2026-04-15T13:20:39.600,7.695,0,,0,0,0,0
2026-04-15T13:20:40.590,7.700,0,,0,0,0,0
2026-04-15T13:20:41.600,7.673,0,,0,0,0,0
2026-04-15T13:20:42.600,7.648,0,,0,0,0,0
2026-04-15T13:20:43.590,7.645,0,,0,0,0,0
2026-04-15T13:20:44.600,7.631,0,,0,0,0,0
2026-04-15T13:20:45.600,7.652,0,,0,0,0,0
2026-04-15T13:20:46.590,7.643,0,,0,0,0,0
2026-04-15T13:20:47.600,7.635,0,,0,0,0,0
2026-04-15T13:20:48.600,7.619,0,,0,0,0,0
2026-04-15T13:20:49.590,7.600,0,,0,0,0,0
2026-04-15T13:20:50.600,7.587,0,Image_19.png,0,0,0,0
2026-04-15T13:20:51.900,7.574,0,,0,0,0,0
2026-04-15T13:20:52.590,7.572,0,,0,0,0,0
2026-04-15T13:20:53.600,7.560,0,,0,0,0,0
2026-04-15T13:20:54.600,7.555,0,,0,0,0,0
2026-04-15T13:20:55.590,7.567,0,,0,0,0,0
2026-04-15T13:20:56.600,7.561,0,,0,0,0,0
2026-04-15T13:20:57.600,7.550,0,,0,0,0,0
2026-04-15T13:20:58.590,7.551,0,,0,0,0,0
2026-04-15T13:20:59.600,7.531,0,,0,0,0,0
2026-04-15T13:21:00.600,7.533,0,,0,0,0,0
2026-04-15T13:21:01.590,7.532,0,,0,0,0,0
2026-04-15T13:21:02.600,7.513,0,,0,0,0,0
2026-04-15T13:21:03.600,7.505,0,,0,0,0,0
2026-04-15T13:21:04.600,7.485,0,,0,0,0,0
2026-04-15T13:21:05.600,7.466,0,,0,0,0,0
2026-04-15T13:21:06.600,7.466,0,,0,0,0,0
2026-04-15T13:21:07.590,7.472,0,,0,0,0,0
2026-04-15T13:21:08.590,7.433,0,,0,0,0,0
2026-04-15T13:21:09.600,7.438,0,,0,0,0,0
2026-04-15T13:21:10.590,7.446,0,,0,0,0,0
2026-04-15T13:21:11.590,7.440,0,,0,0,0,0
2026-04-15T13:21:12.600,7.441,0,,0,0,0,0
2026-04-15T13:21:13.590,7.435,0,,0,0,0,0
2026-04-15T13:21:14.600,7.419,0,,0,0,0,0
2026-04-15T13:21:15.600,7.397,0,,0,0,0,0
2026-04-15T13:21:16.590,7.370,0,,0,0,0,0
2026-04-15T13:21:17.600,7.359,0,,0,0,0,0
2026-04-15T13:21:18.600,7.348,0,,0,0,0,0
2026-04-15T13:21:19.590,7.364,0,,0,0,0,0
2026-04-15T13:21:20.600,7.371,0,,0,0,0,0
2026-04-15T13:21:21.600,7.366,0,,0,0,0,0
2026-04-15T13:21:22.590,7.348,0,,0,0,0,0
2026-04-15T13:21:23.600,7.331,0,,0,0,0,0
2026-04-15T13:21:24.600,7.326,0,,0,0,0,0
2026-04-15T13:21:25.590,7.318,0,,0,0,0,0
2026-04-15T13:21:26.600,7.325,0,,0,0,0,0
2026-04-15T13:21:27.600,7.311,0,,0,0,0,0
2026-04-15T13:21:28.590,7.302,0,,0,0,0,0
2026-04-15T13:21:29.600,7.304,0,,0,0,0,0
2026-04-15T13:21:30.600,7.285,0,,0,0,0,0
2026-04-15T13:21:31.590,7.276,0,,0,0,0,0
2026-04-15T13:21:32.600,7.246,0,,0,0,0,0
2026-04-15T13:21:33.600,7.246,0,,0,0,0,0
2026-04-15T13:21:34.590,7.226,0,,0,0,0,0
2026-04-15T13:21:35.600,7.245,0,,0,0,0,0
2026-04-15T13:21:36.590,7.236,0,,0,0,0,0
2026-04-15T13:21:37.590,7.237,0,,0,0,0,0
2026-04-15T13:21:38.590,7.244,0,,0,0,0,0
2026-04-15T13:21:39.600,7.215,0,,0,0,0,0
2026-04-15T13:21:40.590,7.202,0,,0,0,0,0
2026-04-15T13:21:41.590,7.200,0,,0,0,0,0
2026-04-15T13:21:42.600,7.167,0,,0,0,0,0
2026-04-15T13:21:43.600,7.180,0,,0,0,0,0
2026-04-15T13:21:44.600,7.178,0,,0,0,0,0
2026-04-15T13:21:45.600,7.191,0,,0,0,0,0
2026-04-15T13:21:46.580,7.180,0,,0,0,0,0
2026-04-15T13:21:47.600,7.177,0,,0,0,0,0
2026-04-15T13:21:48.600,7.164,0,,0,0,0,0
2026-04-15T13:21:49.590,7.154,0,,0,0,0,0
2026-04-15T13:21:50.600,7.169,0,,0,0,0,0
2026-04-15T13:21:51.590,7.146,0,Image_20.png,0,0,0,0
2026-04-15T13:21:52.910,7.143,0,,0,0,0,0
2026-04-15T13:21:53.600,7.136,0,,0,0,0,0
2026-04-15T13:21:54.600,7.138,0,,0,0,0,0
2026-04-15T13:21:55.590,7.122,0,,0,0,0,0
2026-04-15T13:21:56.590,7.127,0,,0,0,0,0
2026-04-15T13:21:57.600,7.113,0,,0,0,0,0
2026-04-15T13:21:58.600,7.088,0,,0,0,0,0
2026-04-15T13:21:59.590,7.065,0,,0,0,0,0
2026-04-15T13:22:00.600,7.065,0,,0,0,0,0
2026-04-15T13:22:01.590,7.059,0,,0,0,0,0
2026-04-15T13:22:02.600,7.080,0,,0,0,0,0
2026-04-15T13:22:03.600,7.080,0,,0,0,0,0
2026-04-15T13:22:04.590,7.052,0,,0,0,0,0
2026-04-15T13:22:05.600,7.044,0,,0,0,0,0
2026-04-15T13:22:06.590,7.032,0,,0,0,0,0
2026-04-15T13:22:07.590,7.021,0,,0,0,0,0
2026-04-15T13:22:08.600,6.996,0,,0,0,0,0
2026-04-15T13:22:09.600,7.002,0,,0,0,0,0
2026-04-15T13:22:10.590,6.960,0,,0,0,0,0
2026-04-15T13:22:11.590,6.976,0,,0,0,0,0
2026-04-15T13:22:12.600,7.006,0,,0,0,0,0
2026-04-15T13:22:13.590,6.997,0,,0,0,0,0
2026-04-15T13:22:14.600,6.995,0,,0,0,0,0
2026-04-15T13:22:15.600,6.970,0,,0,0,0,0
2026-04-15T13:22:16.590,6.973,0,,0,0,0,0
2026-04-15T13:22:17.600,6.944,0,,0,0,0,0
2026-04-15T13:22:18.600,6.927,0,,0,0,0,0
2026-04-15T13:22:19.590,6.939,0,,0,0,0,0
2026-04-15T13:22:20.590,6.940,0,,0,0,0,0
2026-04-15T13:22:21.580,6.935,0,,0,0,0,0
2026-04-15T13:22:22.590,6.932,0,,0,0,0,0
2026-04-15T13:22:23.600,6.935,0,,0,0,0,0
2026-04-15T13:22:24.600,6.918,0,,0,0,0,0
2026-04-15T13:22:25.590,6.914,0,,0,0,0,0
2026-04-15T13:22:26.590,6.888,0,,0,0,0,0
2026-04-15T13:22:27.600,6.879,0,,0,0,0,0
2026-04-15T13:22:28.590,6.880,0,,0,0,0,0
2026-04-15T13:22:29.600,6.869,0,,0,0,0,0
2026-04-15T13:22:30.600,6.890,0,,0,0,0,0
2026-04-15T13:22:31.590,6.872,0,,0,0,0,0
2026-04-15T13:22:32.600,6.835,0,,0,0,0,0
2026-04-15T13:22:33.600,6.852,0,,0,0,0,0
2026-04-15T13:22:34.590,6.843,0,,0,0,0,0
2026-04-15T13:22:35.600,6.830,0,,0,0,0,0
2026-04-15T13:22:36.600,6.841,0,,0,0,0,0
2026-04-15T13:22:37.590,6.837,0,,0,0,0,0
2026-04-15T13:22:38.600,6.821,0,,0,0,0,0
2026-04-15T13:22:39.600,6.809,0,,0,0,0,0
2026-04-15T13:22:40.590,6.797,0,,0,0,0,0
2026-04-15T13:22:41.590,6.795,0,,0,0,0,0
2026-04-15T13:22:42.600,6.765,0,,0,0,0,0
2026-04-15T13:22:43.590,6.789,0,,0,0,0,0
2026-04-15T13:22:44.600,6.774,0,,0,0,0,0
2026-04-15T13:22:45.600,6.758,0,,0,0,0,0
2026-04-15T13:22:46.590,6.772,0,,0,0,0,0
2026-04-15T13:22:47.600,6.744,0,,0,0,0,0
2026-04-15T13:22:48.600,6.741,0,,0,0,0,0
2026-04-15T13:22:49.590,6.729,0,,0,0,0,0
2026-04-15T13:22:50.600,6.724,0,,0,0,0,0
2026-04-15T13:22:51.600,6.739,0,,0,0,0,0
2026-04-15T13:22:52.590,6.727,0,Image_21.png,0,0,0,0
2026-04-15T13:22:53.910,6.722,0,,0,0,0,0
2026-04-15T13:22:54.600,6.710,0,,0,0,0,0
2026-04-15T13:22:55.600,6.713,0,,0,0,0,0
2026-04-15T13:22:56.590,6.706,0,,0,0,0,0
2026-04-15T13:22:57.600,6.706,0,,0,0,0,0
2026-04-15T13:22:58.590,6.697,0,,0,0,0,0
2026-04-15T13:22:59.590,6.685,0,,0,0,0,0
2026-04-15T13:23:00.600,6.679,0,,0,0,0,0
2026-04-15T13:23:01.590,6.662,0,,0,0,0,0
2026-04-15T13:23:02.600,6.666,0,,0,0,0,0
2026-04-15T13:23:03.600,6.666,0,,0,0,0,0
2026-04-15T13:23:04.590,6.654,0,,0,0,0,0
2026-04-15T13:23:05.600,6.648,0,,0,0,0,0
2026-04-15T13:23:06.600,6.641,0,,0,0,0,0
2026-04-15T13:23:07.590,6.618,0,,0,0,0,0
2026-04-15T13:23:08.600,6.606,0,,0,0,0,0
2026-04-15T13:23:09.600,6.601,0,,0,0,0,0
2026-04-15T13:23:10.590,6.599,0,,0,0,0,0
2026-04-15T13:23:11.600,6.603,0,,0,0,0,0
2026-04-15T13:23:12.600,6.572,0,,0,0,0,0
2026-04-15T13:23:13.590,6.574,0,,0,0,0,0
2026-04-15T13:23:14.590,6.566,0,,0,0,0,0
2026-04-15T13:23:15.600,6.565,0,,0,0,0,0
2026-04-15T13:23:16.590,6.564,0,,0,0,0,0
2026-04-15T13:23:17.600,6.569,0,,0,0,0,0
2026-04-15T13:23:18.600,6.539,0,,0,0,0,0
2026-04-15T13:23:19.590,6.538,0,,0,0,0,0
2026-04-15T13:23:20.600,6.509,0,,0,0,0,0
2026-04-15T13:23:21.600,6.506,0,,0,0,0,0
2026-04-15T13:23:22.590,6.519,0,,0,0,0,0
2026-04-15T13:23:23.600,6.496,0,,0,0,0,0
2026-04-15T13:23:24.600,6.495,0,,0,0,0,0
2026-04-15T13:23:25.590,6.482,0,,0,0,0,0
2026-04-15T13:23:26.600,6.459,0,,0,0,0,0
2026-04-15T13:23:27.600,6.460,0,,0,0,0,0
2026-04-15T13:23:28.590,6.461,0,,0,0,0,0
2026-04-15T13:23:29.600,6.470,0,,0,0,0,0
2026-04-15T13:23:30.600,6.477,0,,0,0,0,0
2026-04-15T13:23:31.590,6.476,0,,0,0,0,0
2026-04-15T13:23:32.980,6.460,0,,0,0,0,0
2026-04-15T13:23:33.600,6.439,0,,0,0,0,0
2026-04-15T13:23:34.590,6.441,0,,0,0,0,0
2026-04-15T13:23:35.600,6.405,0,,0,0,0,0
2026-04-15T13:23:36.600,6.405,0,,0,0,0,0
2026-04-15T13:23:37.590,6.394,0,,0,0,0,0
2026-04-15T13:23:39.300,6.385,0,,0,0,0,0
2026-04-15T13:23:39.630,6.413,0,,0,0,0,0
2026-04-15T13:23:40.590,6.374,0,,0,0,0,0
2026-04-15T13:23:41.600,6.386,0,,0,0,0,0
2026-04-15T13:23:42.600,6.373,0,,0,0,0,0
2026-04-15T13:23:43.600,6.372,0,,0,0,0,0
2026-04-15T13:23:44.600,6.381,0,,0,0,0,0
2026-04-15T13:23:45.600,6.361,0,,0,0,0,0
2026-04-15T13:23:46.590,6.356,0,,0,0,0,0
2026-04-15T13:23:47.600,6.344,0,,0,0,0,0
2026-04-15T13:23:48.600,6.334,0,,0,0,0,0
2026-04-15T13:23:49.590,6.339,0,,0,0,0,0
2026-04-15T13:23:50.600,6.306,0,,0,0,0,0
2026-04-15T13:23:51.600,6.288,0,,0,0,0,0
2026-04-15T13:23:52.590,6.279,0,Image_22.png,0,0,0,0
2026-04-15T13:23:53.910,6.290,0,,0,0,0,0
2026-04-15T13:23:54.600,6.282,0,,0,0,0,0
2026-04-15T13:23:55.590,6.287,0,,0,0,0,0
2026-04-15T13:23:56.600,6.265,0,,0,0,0,0
2026-04-15T13:23:57.600,6.256,0,,0,0,0,0
2026-04-15T13:23:58.590,6.258,0,,0,0,0,0
2026-04-15T13:23:59.600,6.246,0,,0,0,0,0
2026-04-15T13:24:00.600,6.253,0,,0,0,0,0
2026-04-15T13:24:01.590,6.251,0,,0,0,0,0
2026-04-15T13:24:02.600,6.263,0,,0,0,0,0
2026-04-15T13:24:03.600,6.258,0,,0,0,0,0
2026-04-15T13:24:04.590,6.241,0,,0,0,0,0
2026-04-15T13:24:05.600,6.217,0,,0,0,0,0
2026-04-15T13:24:06.590,6.202,0,,0,0,0,0
2026-04-15T13:24:07.590,6.212,0,,0,0,0,0
2026-04-15T13:24:08.600,6.198,0,,0,0,0,0
2026-04-15T13:24:09.590,6.204,0,,0,0,0,0
2026-04-15T13:24:10.590,6.207,0,,0,0,0,0
2026-04-15T13:24:11.600,6.167,0,,0,0,0,0
2026-04-15T13:24:12.600,6.170,0,,0,0,0,0
2026-04-15T13:24:13.590,6.156,0,,0,0,0,0
2026-04-15T13:24:14.590,6.158,0,,0,0,0,0
2026-04-15T13:24:15.600,6.159,0,,0,0,0,0
2026-04-15T13:24:16.590,6.158,0,,0,0,0,0
2026-04-15T13:24:17.600,6.127,0,,0,0,0,0
2026-04-15T13:24:18.600,6.120,0,,0,0,0,0
2026-04-15T13:24:19.590,6.116,0,,0,0,0,0
2026-04-15T13:24:20.600,6.108,0,,0,0,0,0
2026-04-15T13:24:21.600,6.103,0,,0,0,0,0
2026-04-15T13:24:22.590,6.096,0,,0,0,0,0
2026-04-15T13:24:23.600,6.091,0,,0,0,0,0
2026-04-15T13:24:24.600,6.076,0,,0,0,0,0
2026-04-15T13:24:25.590,6.068,0,,0,0,0,0
2026-04-15T13:24:26.590,6.062,0,,0,0,0,0
2026-04-15T13:24:27.600,6.054,0,,0,0,0,0
2026-04-15T13:24:28.590,6.037,0,,0,0,0,0
2026-04-15T13:24:29.600,6.047,0,,0,0,0,0
2026-04-15T13:24:30.630,6.044,0,,0,0,0,0
2026-04-15T13:24:31.590,6.023,0,,0,0,0,0
2026-04-15T13:24:32.600,6.023,0,,0,0,0,0
2026-04-15T13:24:33.600,6.019,0,,0,0,0,0
2026-04-15T13:24:34.590,5.993,0,,0,0,0,0
2026-04-15T13:24:35.600,5.992,0,,0,0,0,0
2026-04-15T13:24:36.600,6.000,0,,0,0,0,0
2026-04-15T13:24:37.590,5.986,0,,0,0,0,0
2026-04-15T13:24:38.600,6.005,0,,0,0,0,0
2026-04-15T13:24:39.600,5.990,0,,0,0,0,0
2026-04-15T13:24:40.590,5.986,0,,0,0,0,0
2026-04-15T13:24:41.600,5.979,0,,0,0,0,0
2026-04-15T13:24:42.600,5.962,0,,0,0,0,0
2026-04-15T13:24:43.590,5.963,0,,0,0,0,0
2026-04-15T13:24:44.600,5.945,0,,0,0,0,0
2026-04-15T13:24:45.600,5.949,0,,0,0,0,0
2026-04-15T13:24:46.590,5.930,0,,0,0,0,0
2026-04-15T13:24:47.600,5.938,0,,0,0,0,0
2026-04-15T13:24:48.600,5.917,0,,0,0,0,0
2026-04-15T13:24:49.600,5.915,0,,0,0,0,0
2026-04-15T13:24:50.600,5.900,0,,0,0,0,0
2026-04-15T13:24:51.600,5.890,0,,0,0,0,0
2026-04-15T13:24:52.590,5.880,0,,0,0,0,0
2026-04-15T13:24:53.600,5.876,0,Image_23.png,0,0,0,0
2026-04-15T13:24:54.900,5.875,0,,0,0,0,0
2026-04-15T13:24:55.590,5.861,0,,0,0,0,0
2026-04-15T13:24:56.600,5.847,0,,0,0,0,0
2026-04-15T13:24:57.600,5.849,0,,0,0,0,0
2026-04-15T13:24:58.590,5.837,0,,0,0,0,0
2026-04-15T13:24:59.600,5.829,0,,0,0,0,0
2026-04-15T13:25:00.600,5.823,0,,0,0,0,0
2026-04-15T13:25:01.590,5.835,0,,0,0,0,0
2026-04-15T13:25:02.600,5.809,0,,0,0,0,0
2026-04-15T13:25:03.600,5.800,0,,0,0,0,0
2026-04-15T13:25:04.590,5.804,0,,0,0,0,0
2026-04-15T13:25:05.600,5.792,0,,0,0,0,0
2026-04-15T13:25:06.600,5.784,0,,0,0,0,0
2026-04-15T13:25:07.590,5.782,0,,0,0,0,0
2026-04-15T13:25:08.600,5.773,0,,0,0,0,0
2026-04-15T13:25:09.600,5.765,0,,0,0,0,0
2026-04-15T13:25:10.600,5.749,0,,0,0,0,0
2026-04-15T13:25:11.600,5.756,0,,0,0,0,0
2026-04-15T13:25:12.600,5.751,0,,0,0,0,0
2026-04-15T13:25:13.600,5.729,0,,0,0,0,0
2026-04-15T13:25:14.600,5.724,0,,0,0,0,0
2026-04-15T13:25:15.600,5.721,0,,0,0,0,0
2026-04-15T13:25:16.590,5.701,0,,0,0,0,0
2026-04-15T13:25:17.600,5.698,0,,0,0,0,0
2026-04-15T13:25:18.600,5.672,0,,0,0,0,0
2026-04-15T13:25:19.590,5.679,0,,0,0,0,0
2026-04-15T13:25:20.600,5.672,0,,0,0,0,0
2026-04-15T13:25:21.600,5.658,0,,0,0,0,0
2026-04-15T13:25:22.590,5.655,0,,0,0,0,0
2026-04-15T13:25:23.600,5.636,0,,0,0,0,0
2026-04-15T13:25:24.600,5.634,0,,0,0,0,0
2026-04-15T13:25:25.590,5.629,0,,0,0,0,0
2026-04-15T13:25:26.600,5.624,0,,0,0,0,0
2026-04-15T13:25:27.600,5.594,0,,0,0,0,0
2026-04-15T13:25:28.590,5.588,0,,0,0,0,0
2026-04-15T13:25:29.600,5.575,0,,0,0,0,0
2026-04-15T13:25:30.600,5.580,0,,0,0,0,0
2026-04-15T13:25:31.590,5.576,0,,0,0,0,0
2026-04-15T13:25:32.600,5.573,0,,0,0,0,0
2026-04-15T13:25:33.600,5.578,0,,0,0,0,0
2026-04-15T13:25:34.590,5.569,0,,0,0,0,0
2026-04-15T13:25:35.600,5.543,0,,0,0,0,0
2026-04-15T13:25:36.600,5.547,0,,0,0,0,0
2026-04-15T13:25:37.590,5.550,0,,0,0,0,0
2026-04-15T13:25:38.600,5.536,0,,0,0,0,0
2026-04-15T13:25:39.600,5.518,0,,0,0,0,0
2026-04-15T13:25:40.590,5.523,0,,0,0,0,0
2026-04-15T13:25:41.600,5.512,0,,0,0,0,0
2026-04-15T13:25:42.600,5.505,0,,0,0,0,0
2026-04-15T13:25:43.590,5.503,0,,0,0,0,0
2026-04-15T13:25:44.600,5.498,0,,0,0,0,0
2026-04-15T13:25:45.600,5.486,0,,0,0,0,0
2026-04-15T13:25:46.590,5.471,0,,0,0,0,0
2026-04-15T13:25:47.590,5.468,0,,0,0,0,0
2026-04-15T13:25:48.600,5.466,0,,0,0,0,0
2026-04-15T13:25:49.600,5.457,0,,0,0,0,0
2026-04-15T13:25:50.600,5.450,0,,0,0,0,0
2026-04-15T13:25:51.600,5.440,0,,0,0,0,0
2026-04-15T13:25:52.600,5.440,0,,0,0,0,0
2026-04-15T13:25:53.600,5.421,0,,0,0,0,0
2026-04-15T13:25:54.600,5.423,0,Image_24.png,0,0,0,0
2026-04-15T13:25:55.890,5.409,0,,0,0,0,0
2026-04-15T13:25:56.600,5.425,0,,0,0,0,0
2026-04-15T13:25:57.600,5.415,0,,0,0,0,0
2026-04-15T13:25:58.590,5.409,0,,0,0,0,0
2026-04-15T13:25:59.590,5.412,0,,0,0,0,0
2026-04-15T13:26:00.600,5.379,0,,0,0,0,0
2026-04-15T13:26:01.590,5.368,0,,0,0,0,0
2026-04-15T13:26:02.600,5.368,0,,0,0,0,0
2026-04-15T13:26:03.600,5.365,0,,0,0,0,0
2026-04-15T13:26:04.590,5.359,0,,0,0,0,0
2026-04-15T13:26:05.600,5.344,0,,0,0,0,0
2026-04-15T13:26:06.600,5.346,0,,0,0,0,0
2026-04-15T13:26:07.590,5.331,0,,0,0,0,0
2026-04-15T13:26:08.600,5.327,0,,0,0,0,0
2026-04-15T13:26:09.580,5.307,0,,0,0,0,0
2026-04-15T13:26:10.590,5.315,0,,0,0,0,0
2026-04-15T13:26:11.600,5.302,0,,0,0,0,0
2026-04-15T13:26:12.600,5.284,0,,0,0,0,0
2026-04-15T13:26:13.590,5.292,0,,0,0,0,0
2026-04-15T13:26:14.590,5.276,0,,0,0,0,0
2026-04-15T13:26:15.600,5.262,0,,0,0,0,0
2026-04-15T13:26:16.590,5.263,0,,0,0,0,0
2026-04-15T13:26:17.600,5.256,0,,0,0,0,0
2026-04-15T13:26:18.600,5.263,0,,0,0,0,0
2026-04-15T13:26:19.590,5.250,0,,0,0,0,0
2026-04-15T13:26:20.600,5.240,0,,0,0,0,0
2026-04-15T13:26:21.600,5.232,0,,0,0,0,0
2026-04-15T13:26:22.590,5.227,0,,0,0,0,0
2026-04-15T13:26:23.600,5.221,0,,0,0,0,0
2026-04-15T13:26:24.600,5.214,0,,0,0,0,0
2026-04-15T13:26:25.590,5.205,0,,0,0,0,0
2026-04-15T13:26:26.610,5.189,0,,0,0,0,0
2026-04-15T13:26:27.600,5.183,0,,0,0,0,0
2026-04-15T13:26:28.590,5.186,0,,0,0,0,0
2026-04-15T13:26:29.590,5.181,0,,0,0,0,0
2026-04-15T13:26:30.600,5.169,0,,0,0,0,0
2026-04-15T13:26:31.590,5.156,0,,0,0,0,0
2026-04-15T13:26:32.600,5.156,0,,0,0,0,0
2026-04-15T13:26:33.600,5.157,0,,0,0,0,0
2026-04-15T13:26:34.590,5.150,0,,0,0,0,0
2026-04-15T13:26:35.600,5.140,0,,0,0,0,0
2026-04-15T13:26:36.600,5.130,0,,0,0,0,0
2026-04-15T13:26:37.590,5.124,0,,0,0,0,0
2026-04-15T13:26:38.600,5.111,0,,0,0,0,0
2026-04-15T13:26:39.590,5.131,0,,0,0,0,0
2026-04-15T13:26:40.590,5.121,0,,0,0,0,0
2026-04-15T13:26:41.600,5.118,0,,0,0,0,0
2026-04-15T13:26:42.600,5.103,0,,0,0,0,0
2026-04-15T13:26:43.590,5.105,0,,0,0,0,0
2026-04-15T13:26:44.580,5.097,0,,0,0,0,0
2026-04-15T13:26:45.600,5.086,0,,0,0,0,0
2026-04-15T13:26:46.590,5.081,0,,0,0,0,0
2026-04-15T13:26:47.600,5.061,0,,0,0,0,0
2026-04-15T13:26:48.600,5.045,0,,0,0,0,0
2026-04-15T13:26:49.590,5.043,0,,0,0,0,0
2026-04-15T13:26:50.600,5.030,0,,0,0,0,0
2026-04-15T13:26:51.600,5.035,0,,0,0,0,0
2026-04-15T13:26:52.590,5.021,0,,0,0,0,0
2026-04-15T13:26:53.600,5.006,0,,0,0,0,0
2026-04-15T13:26:54.600,5.002,0,Image_25.png,0,0,0,0
2026-04-15T13:26:55.890,5.013,0,,0,0,0,0
2026-04-15T13:26:56.600,4.999,0,,0,0,0,0
2026-04-15T13:26:57.600,5.002,0,,0,0,0,0
2026-04-15T13:26:58.590,4.999,0,,0,0,0,0
2026-04-15T13:26:59.600,4.993,0,,0,0,0,0
2026-04-15T13:27:00.600,4.990,0,,0,0,0,0
2026-04-15T13:27:01.590,4.974,0,,0,0,0,0
2026-04-15T13:27:02.600,4.968,0,,0,0,0,0
2026-04-15T13:27:03.600,4.938,0,,0,0,0,0
2026-04-15T13:27:04.590,4.968,0,,0,0,0,0
2026-04-15T13:27:05.600,4.952,0,,0,0,0,0
2026-04-15T13:27:06.600,4.933,0,,0,0,0,0
2026-04-15T13:27:07.590,4.935,0,,0,0,0,0
2026-04-15T13:27:08.600,4.924,0,,0,0,0,0
2026-04-15T13:27:09.600,4.916,0,,0,0,0,0
2026-04-15T13:27:10.600,4.920,0,,0,0,0,0
2026-04-15T13:27:11.600,4.902,0,,0,0,0,0
2026-04-15T13:27:12.600,4.908,0,,0,0,0,0
2026-04-15T13:27:13.590,4.893,0,,0,0,0,0
2026-04-15T13:27:14.590,4.881,0,,0,0,0,0
2026-04-15T13:27:15.600,4.877,0,,0,0,0,0
2026-04-15T13:27:16.590,4.843,0,,0,0,0,0
2026-04-15T13:27:17.600,4.835,0,,0,0,0,0
2026-04-15T13:27:18.600,4.852,0,,0,0,0,0
2026-04-15T13:27:19.590,4.844,0,,0,0,0,0
2026-04-15T13:27:20.600,4.839,0,,0,0,0,0
2026-04-15T13:27:21.600,4.822,0,,0,0,0,0
2026-04-15T13:27:22.590,4.814,0,,0,0,0,0
2026-04-15T13:27:23.600,4.822,0,,0,0,0,0
2026-04-15T13:27:24.600,4.837,0,,0,0,0,0
2026-04-15T13:27:25.600,4.834,0,,0,0,0,0
2026-04-15T13:27:26.600,4.819,0,,0,0,0,0
2026-04-15T13:27:27.600,4.799,0,,0,0,0,0
2026-04-15T13:27:28.590,4.777,0,,0,0,0,0
2026-04-15T13:27:29.590,4.772,0,,0,0,0,0
2026-04-15T13:27:30.600,4.769,0,,0,0,0,0
2026-04-15T13:27:31.590,4.770,0,,0,0,0,0
2026-04-15T13:27:32.600,4.763,0,,0,0,0,0
2026-04-15T13:27:33.600,4.754,0,,0,0,0,0
2026-04-15T13:27:34.590,4.767,0,,0,0,0,0
2026-04-15T13:27:35.600,4.750,0,,0,0,0,0
2026-04-15T13:27:36.600,4.732,0,,0,0,0,0
2026-04-15T13:27:37.590,4.704,0,,0,0,0,0
2026-04-15T13:27:38.600,4.701,0,,0,0,0,0
2026-04-15T13:27:39.600,4.694,0,,0,0,0,0
2026-04-15T13:27:40.590,4.711,0,,0,0,0,0
2026-04-15T13:27:41.600,4.697,0,,0,0,0,0
2026-04-15T13:27:42.600,4.701,0,,0,0,0,0
2026-04-15T13:27:43.590,4.707,0,,0,0,0,0
2026-04-15T13:27:44.600,4.705,0,,0,0,0,0
2026-04-15T13:27:45.600,4.666,0,,0,0,0,0
2026-04-15T13:27:46.590,4.673,0,,0,0,0,0
2026-04-15T13:27:47.600,4.652,0,,0,0,0,0
2026-04-15T13:27:48.600,4.647,0,,0,0,0,0
2026-04-15T13:27:49.590,4.655,0,,0,0,0,0
2026-04-15T13:27:50.600,4.654,0,,0,0,0,0
2026-04-15T13:27:51.600,4.651,0,,0,0,0,0
2026-04-15T13:27:52.590,4.634,0,,0,0,0,0
2026-04-15T13:27:53.600,4.624,0,,0,0,0,0
2026-04-15T13:27:54.600,4.621,0,,0,0,0,0
2026-04-15T13:27:55.590,4.617,0,Image_26.png,0,0,0,0
2026-04-15T13:27:56.910,4.610,0,,0,0,0,0
2026-04-15T13:27:57.600,4.604,0,,0,0,0,0
2026-04-15T13:27:58.590,4.603,0,,0,0,0,0
2026-04-15T13:27:59.590,4.569,0,,0,0,0,0
2026-04-15T13:28:00.600,4.565,0,,0,0,0,0
2026-04-15T13:28:01.590,4.560,0,,0,0,0,0
2026-04-15T13:28:02.600,4.554,0,,0,0,0,0
2026-04-15T13:28:03.600,4.570,0,,0,0,0,0
2026-04-15T13:28:04.590,4.561,0,,0,0,0,0
2026-04-15T13:28:05.600,4.565,0,,0,0,0,0
2026-04-15T13:28:06.600,4.553,0,,0,0,0,0
2026-04-15T13:28:07.590,4.549,0,,0,0,0,0
2026-04-15T13:28:08.600,4.533,0,,0,0,0,0
2026-04-15T13:28:09.600,4.530,0,,0,0,0,0
2026-04-15T13:28:10.600,4.520,0,,0,0,0,0
2026-04-15T13:28:11.600,4.520,0,,0,0,0,0
2026-04-15T13:28:12.600,4.512,0,,0,0,0,0
2026-04-15T13:28:13.590,4.500,0,,0,0,0,0
2026-04-15T13:28:14.600,4.483,0,,0,0,0,0
2026-04-15T13:28:15.600,4.474,0,,0,0,0,0
2026-04-15T13:28:16.590,4.465,0,,0,0,0,0
2026-04-15T13:28:17.600,4.470,0,,0,0,0,0
2026-04-15T13:28:18.600,4.479,0,,0,0,0,0
2026-04-15T13:28:19.590,4.467,0,,0,0,0,0
2026-04-15T13:28:20.600,4.463,0,,0,0,0,0
2026-04-15T13:28:21.600,4.441,0,,0,0,0,0
2026-04-15T13:28:22.590,4.411,0,,0,0,0,0
2026-04-15T13:28:23.600,4.403,0,,0,0,0,0
2026-04-15T13:28:24.580,4.384,0,,0,0,0,0
2026-04-15T13:28:25.600,4.408,0,,0,0,0,0
2026-04-15T13:28:26.590,4.412,0,,0,0,0,0
2026-04-15T13:28:27.600,4.408,0,,0,0,0,0
2026-04-15T13:28:28.590,4.414,0,,0,0,0,0
2026-04-15T13:28:29.600,4.393,0,,0,0,0,0
2026-04-15T13:28:30.600,4.396,0,,0,0,0,0
2026-04-15T13:28:31.590,4.404,0,,0,0,0,0
2026-04-15T13:28:32.590,4.419,0,,0,0,0,0
2026-04-15T13:28:33.580,4.396,0,,0,0,0,0
2026-04-15T13:28:34.590,4.385,0,,0,0,0,0
2026-04-15T13:28:35.600,4.372,0,,0,0,0,0
2026-04-15T13:28:36.600,4.364,0,,0,0,0,0
2026-04-15T13:28:37.590,4.364,0,,0,0,0,0
2026-04-15T13:28:38.600,4.370,0,,0,0,0,0
2026-04-15T13:28:39.600,4.353,0,,0,0,0,0
2026-04-15T13:28:40.590,4.338,0,,0,0,0,0
2026-04-15T13:28:41.600,4.344,0,,0,0,0,0
2026-04-15T13:28:42.650,4.334,0,,0,0,0,0
2026-04-15T13:28:43.590,4.329,0,,0,0,0,0
2026-04-15T13:28:44.600,4.323,0,,0,0,0,0
2026-04-15T13:28:45.600,4.304,0,,0,0,0,0
2026-04-15T13:28:46.590,4.307,0,,0,0,0,0
2026-04-15T13:28:47.590,4.299,0,,0,0,0,0
2026-04-15T13:28:48.600,4.287,0,,0,0,0,0
2026-04-15T13:28:49.590,4.281,0,,0,0,0,0
2026-04-15T13:28:50.590,4.263,0,,0,0,0,0
2026-04-15T13:28:51.600,4.255,0,,0,0,0,0
2026-04-15T13:28:52.590,4.285,0,,0,0,0,0
2026-04-15T13:28:53.600,4.271,0,,0,0,0,0
2026-04-15T13:28:54.600,4.263,0,,0,0,0,0
2026-04-15T13:28:55.590,4.248,0,Image_27.png,0,0,0,0
2026-04-15T13:28:56.930,4.230,0,,0,0,0,0
2026-04-15T13:28:57.600,4.221,0,,0,0,0,0
2026-04-15T13:28:58.590,4.219,0,,0,0,0,0
2026-04-15T13:28:59.590,4.208,0,,0,0,0,0
2026-04-15T13:29:00.600,4.215,0,,0,0,0,0
2026-04-15T13:29:01.590,4.203,0,,0,0,0,0
2026-04-15T13:29:02.600,4.184,0,,0,0,0,0
2026-04-15T13:29:03.600,4.182,0,,0,0,0,0
2026-04-15T13:29:04.590,4.185,0,,0,0,0,0
2026-04-15T13:29:05.600,4.160,0,,0,0,0,0
2026-04-15T13:29:06.600,4.152,0,,0,0,0,0
2026-04-15T13:29:07.600,4.142,0,,0,0,0,0
2026-04-15T13:29:08.600,4.147,0,,0,0,0,0
2026-04-15T13:29:09.600,4.147,0,,0,0,0,0
2026-04-15T13:29:10.590,4.140,0,,0,0,0,0
2026-04-15T13:29:11.600,4.123,0,,0,0,0,0
2026-04-15T13:29:12.600,4.136,0,,0,0,0,0
2026-04-15T13:29:13.590,4.126,0,,0,0,0,0
2026-04-15T13:29:14.590,4.107,0,,0,0,0,0
2026-04-15T13:29:15.600,4.109,0,,0,0,0,0
2026-04-15T13:29:16.590,4.099,0,,0,0,0,0
2026-04-15T13:29:17.600,4.093,0,,0,0,0,0
2026-04-15T13:29:18.600,4.091,0,,0,0,0,0
2026-04-15T13:29:19.600,4.082,0,,0,0,0,0
2026-04-15T13:29:20.600,4.073,0,,0,0,0,0
2026-04-15T13:29:21.600,4.065,0,,0,0,0,0
2026-04-15T13:29:22.590,4.062,0,,0,0,0,0
2026-04-15T13:29:23.600,4.063,0,,0,0,0,0
2026-04-15T13:29:24.600,4.054,0,,0,0,0,0
2026-04-15T13:29:25.590,4.058,0,,0,0,0,0
2026-04-15T13:29:26.600,4.053,0,,0,0,0,0
2026-04-15T13:29:27.600,4.040,0,,0,0,0,0
2026-04-15T13:29:28.600,4.024,0,,0,0,0,0
2026-04-15T13:29:29.600,4.023,0,,0,0,0,0
2026-04-15T13:29:30.600,4.024,0,,0,0,0,0
2026-04-15T13:29:31.590,3.999,0,,0,0,0,0
2026-04-15T13:29:32.590,4.006,0,,0,0,0,0
2026-04-15T13:29:33.600,4.005,0,,0,0,0,0
2026-04-15T13:29:34.610,3.996,0,,0,0,0,0
2026-04-15T13:29:35.600,4.003,0,,0,0,0,0
2026-04-15T13:29:36.600,3.984,0,,0,0,0,0
2026-04-15T13:29:37.590,3.986,0,,0,0,0,0
2026-04-15T13:29:38.600,3.975,0,,0,0,0,0
2026-04-15T13:29:39.600,3.963,0,,0,0,0,0
2026-04-15T13:29:40.590,3.961,0,,0,0,0,0
2026-04-15T13:29:41.600,3.959,0,,0,0,0,0
2026-04-15T13:29:42.600,3.948,0,,0,0,0,0
2026-04-15T13:29:43.590,3.943,0,,0,0,0,0
2026-04-15T13:29:44.600,3.938,0,,0,0,0,0
2026-04-15T13:29:45.600,3.930,0,,0,0,0,0
2026-04-15T13:29:46.880,3.916,0,,0,0,0,0
2026-04-15T13:29:47.590,3.904,0,,0,0,0,0
2026-04-15T13:29:48.600,3.905,0,,0,0,0,0
2026-04-15T13:29:49.590,3.904,0,,0,0,0,0
2026-04-15T13:29:50.600,3.877,0,,0,0,0,0
2026-04-15T13:29:51.600,3.880,0,,0,0,0,0
2026-04-15T13:29:52.600,3.869,0,,0,0,0,0
2026-04-15T13:29:53.600,3.870,0,,0,0,0,0
2026-04-15T13:29:54.600,3.874,0,,0,0,0,0
2026-04-15T13:29:55.590,3.876,0,,0,0,0,0
2026-04-15T13:29:56.600,3.862,0,Image_28.png,0,0,0,0
2026-04-15T13:29:57.910,3.865,0,,0,0,0,0
2026-04-15T13:29:58.590,3.834,0,,0,0,0,0
2026-04-15T13:29:59.600,3.825,0,,0,0,0,0
2026-04-15T13:30:00.600,3.826,0,,0,0,0,0
2026-04-15T13:30:01.590,3.817,0,,0,0,0,0
2026-04-15T13:30:02.600,3.813,0,,0,0,0,0
2026-04-15T13:30:03.600,3.815,0,,0,0,0,0
2026-04-15T13:30:04.590,3.800,0,,0,0,0,0
2026-04-15T13:30:05.600,3.797,0,,0,0,0,0
2026-04-15T13:30:06.600,3.792,0,,0,0,0,0
2026-04-15T13:30:07.590,3.780,0,,0,0,0,0
2026-04-15T13:30:08.600,3.782,0,,0,0,0,0
2026-04-15T13:30:09.600,3.769,0,,0,0,0,0
2026-04-15T13:30:10.590,3.762,0,,0,0,0,0
2026-04-15T13:30:11.600,3.747,0,,0,0,0,0
2026-04-15T13:30:12.600,3.763,0,,0,0,0,0
2026-04-15T13:30:13.590,3.749,0,,0,0,0,0
2026-04-15T13:30:14.600,3.748,0,,0,0,0,0
2026-04-15T13:30:15.600,3.733,0,,0,0,0,0
2026-04-15T13:30:16.600,3.731,0,,0,0,0,0
2026-04-15T13:30:17.590,3.716,0,,0,0,0,0
2026-04-15T13:30:18.600,3.701,0,,0,0,0,0
2026-04-15T13:30:19.590,3.699,0,,0,0,0,0
2026-04-15T13:30:20.600,3.693,0,,0,0,0,0
2026-04-15T13:30:21.600,3.692,0,,0,0,0,0
2026-04-15T13:30:22.590,3.671,0,,0,0,0,0
2026-04-15T13:30:23.600,3.680,0,,0,0,0,0
2026-04-15T13:30:24.600,3.680,0,,0,0,0,0
2026-04-15T13:30:25.590,3.671,0,,0,0,0,0
2026-04-15T13:30:26.600,3.663,0,,0,0,0,0
2026-04-15T13:30:27.600,3.661,0,,0,0,0,0
2026-04-15T13:30:28.600,3.682,0,,0,0,0,0
2026-04-15T13:30:29.600,3.670,0,,0,0,0,0
2026-04-15T13:30:30.600,3.659,0,,0,0,0,0
2026-04-15T13:30:31.590,3.658,0,,0,0,0,0
2026-04-15T13:30:32.590,3.635,0,,0,0,0,0
2026-04-15T13:30:33.600,3.647,0,,0,0,0,0
2026-04-15T13:30:34.590,3.628,0,,0,0,0,0
2026-04-15T13:30:35.590,3.622,0,,0,0,0,0
2026-04-15T13:30:36.600,3.616,0,,0,0,0,0
2026-04-15T13:30:37.590,3.614,0,,0,0,0,0
2026-04-15T13:30:38.600,3.603,0,,0,0,0,0
2026-04-15T13:30:39.600,3.602,0,,0,0,0,0
2026-04-15T13:30:40.590,3.612,0,,0,0,0,0
2026-04-15T13:30:41.600,3.614,0,,0,0,0,0
2026-04-15T13:30:42.600,3.595,0,,0,0,0,0
2026-04-15T13:30:43.590,3.603,0,,0,0,0,0
2026-04-15T13:30:44.600,3.578,0,,0,0,0,0
2026-04-15T13:30:45.600,3.572,0,,0,0,0,0
2026-04-15T13:30:46.590,3.578,0,,0,0,0,0
2026-04-15T13:30:47.600,3.552,0,,0,0,0,0
2026-04-15T13:30:48.600,3.533,0,,0,0,0,0
2026-04-15T13:30:49.590,3.533,0,,0,0,0,0
2026-04-15T13:30:50.600,3.542,0,,0,0,0,0
2026-04-15T13:30:51.600,3.540,0,,0,0,0,0
2026-04-15T13:30:52.650,3.538,0,,0,0,0,0
2026-04-15T13:30:53.600,3.527,0,,0,0,0,0
2026-04-15T13:30:54.600,3.495,0,,0,0,0,0
2026-04-15T13:30:55.590,3.498,0,,0,0,0,0
2026-04-15T13:30:56.600,3.511,0,,0,0,0,0
2026-04-15T13:30:57.590,3.480,0,Image_29.png,0,0,0,0
2026-04-15T13:30:58.890,3.483,0,,0,0,0,0
2026-04-15T13:30:59.600,3.486,0,,0,0,0,0
2026-04-15T13:31:00.600,3.480,0,,0,0,0,0
2026-04-15T13:31:01.590,3.474,0,,0,0,0,0
2026-04-15T13:31:02.590,3.472,0,,0,0,0,0
2026-04-15T13:31:03.600,3.440,0,,0,0,0,0
2026-04-15T13:31:04.590,3.419,0,,0,0,0,0
2026-04-15T13:31:05.590,3.412,0,,0,0,0,0
2026-04-15T13:31:06.570,3.403,0,,0,0,0,0
2026-04-15T13:31:07.580,3.417,0,,0,0,0,0
2026-04-15T13:31:08.570,3.428,0,,0,0,0,0
2026-04-15T13:31:09.580,3.423,0,,0,0,0,0
2026-04-15T13:31:10.570,3.412,0,,0,0,0,0
2026-04-15T13:31:11.570,3.412,0,,0,0,0,0
2026-04-15T13:31:12.580,3.383,0,,0,0,0,0
2026-04-15T13:31:13.570,3.383,0,,0,0,0,0
2026-04-15T13:31:14.570,3.392,0,,0,0,0,0
2026-04-15T13:31:15.570,3.386,0,,0,0,0,0
2026-04-15T13:31:17.040,3.390,0,,0,0,0,0
2026-04-15T13:31:17.570,3.389,0,,0,0,0,0
2026-04-15T13:31:18.570,3.395,0,,0,0,0,0
2026-04-15T13:31:19.580,3.396,0,,0,0,0,0
2026-04-15T13:31:20.570,3.378,0,,0,0,0,0
2026-04-15T13:31:21.580,3.377,0,,0,0,0,0
2026-04-15T13:31:22.570,3.364,0,,0,0,0,0
2026-04-15T13:31:23.570,3.356,0,,0,0,0,0
2026-04-15T13:31:24.570,3.362,0,,0,0,0,0
2026-04-15T13:31:25.570,3.341,0,,0,0,0,0
2026-04-15T13:31:26.570,3.329,0,,0,0,0,0
2026-04-15T13:31:27.570,3.327,0,,0,0,0,0
2026-04-15T13:31:28.570,3.300,0,,0,0,0,0
2026-04-15T13:31:29.570,3.296,0,,0,0,0,0
2026-04-15T13:31:30.570,3.284,0,,0,0,0,0
2026-04-15T13:31:31.580,3.278,0,,0,0,0,0
2026-04-15T13:31:32.570,3.294,0,,0,0,0,0
2026-04-15T13:31:33.570,3.279,0,,0,0,0,0
2026-04-15T13:31:34.570,3.270,0,,0,0,0,0
2026-04-15T13:31:35.580,3.260,0,,0,0,0,0
2026-04-15T13:31:36.570,3.249,0,,0,0,0,0
2026-04-15T13:31:37.570,3.238,0,,0,0,0,0
2026-04-15T13:31:38.580,3.234,0,,0,0,0,0
2026-04-15T13:31:39.580,3.213,0,,0,0,0,0
2026-04-15T13:31:40.570,3.221,0,,0,0,0,0
2026-04-15T13:31:41.570,3.212,0,,0,0,0,0
2026-04-15T13:31:42.570,3.203,0,,0,0,0,0
2026-04-15T13:31:43.570,3.199,0,,0,0,0,0
2026-04-15T13:31:44.570,3.196,0,,0,0,0,0
2026-04-15T13:31:45.580,3.186,0,,0,0,0,0
2026-04-15T13:31:46.630,3.165,0,,0,0,0,0
2026-04-15T13:31:47.570,3.156,0,,0,0,0,0
2026-04-15T13:31:48.570,3.153,0,,0,0,0,0
2026-04-15T13:31:49.570,3.148,0,,0,0,0,0
2026-04-15T13:31:50.580,3.133,0,,0,0,0,0
2026-04-15T13:31:51.570,3.124,0,,0,0,0,0
2026-04-15T13:31:52.570,3.117,0,,0,0,0,0
2026-04-15T13:31:53.570,3.108,0,,0,0,0,0
2026-04-15T13:31:54.580,3.094,0,,0,0,0,0
2026-04-15T13:31:55.580,3.099,0,,0,0,0,0
2026-04-15T13:31:56.580,3.090,0,,0,0,0,0
2026-04-15T13:31:57.580,3.086,0,,0,0,0,0
2026-04-15T13:31:58.570,3.083,0,Image_30.png,0,0,0,0
2026-04-15T13:31:59.910,3.048,0,,0,0,0,0
2026-04-15T13:32:00.580,3.038,0,,0,0,0,0
2026-04-15T13:32:01.570,3.039,0,,0,0,0,0
2026-04-15T13:32:02.570,3.030,0,,0,0,0,0
2026-04-15T13:32:03.570,3.027,0,,0,0,0,0
2026-04-15T13:32:04.580,3.012,0,,0,0,0,0
2026-04-15T13:32:05.580,3.007,0,,0,0,0,0
2026-04-15T13:32:06.570,3.000,0,,0,0,0,0
2026-04-15T13:32:07.570,2.997,0,,0,0,0,0
2026-04-15T13:32:08.570,2.980,0,,0,0,0,0
2026-04-15T13:32:09.580,2.981,0,,0,0,0,0
2026-04-15T13:32:10.570,2.967,0,,0,0,0,0
2026-04-15T13:32:11.580,2.974,0,,0,0,0,0
2026-04-15T13:32:12.580,2.962,0,,0,0,0,0
2026-04-15T13:32:13.580,2.959,0,,0,0,0,0
2026-04-15T13:32:15.560,2.957,0,,0,0,0,0
2026-04-15T13:32:16.570,2.944,0,,0,0,0,0
2026-04-15T13:32:17.570,2.934,0,,0,0,0,0
2026-04-15T13:32:18.570,2.935,0,,0,0,0,0
2026-04-15T13:32:19.570,2.934,0,,0,0,0,0
2026-04-15T13:32:20.570,2.924,0,,0,0,0,0
2026-04-15T13:32:21.580,2.916,0,,0,0,0,0
2026-04-15T13:32:22.570,2.917,0,,0,0,0,0
2026-04-15T13:32:23.570,2.912,0,,0,0,0,0
2026-04-15T13:32:24.570,2.900,0,,0,0,0,0
2026-04-15T13:32:25.570,2.896,0,,0,0,0,0
2026-04-15T13:32:26.570,2.887,0,,0,0,0,0
2026-04-15T13:32:27.580,2.886,0,,0,0,0,0
2026-04-15T13:32:28.580,2.872,0,,0,0,0,0
2026-04-15T13:32:29.580,2.869,0,,0,0,0,0
2026-04-15T13:32:30.580,2.871,0,,0,0,0,0
2026-04-15T13:32:31.590,2.866,0,,0,0,0,0
2026-04-15T13:32:32.590,2.861,0,,0,0,0,0
2026-04-15T13:32:33.590,2.860,0,,0,0,0,0
2026-04-15T13:32:34.590,2.835,0,,0,0,0,0
2026-04-15T13:32:35.590,2.830,0,,0,0,0,0
2026-04-15T13:32:36.660,2.816,0,,0,0,0,0
2026-04-15T13:32:37.600,2.839,0,,0,0,0,0
2026-04-15T13:32:38.590,2.842,0,,0,0,0,0
2026-04-15T13:32:39.600,2.841,0,,0,0,0,0
2026-04-15T13:32:40.590,2.849,0,,0,0,0,0
2026-04-15T13:32:41.600,2.827,0,,0,0,0,0
2026-04-15T13:32:42.600,2.813,0,,0,0,0,0
2026-04-15T13:32:43.590,2.799,0,,0,0,0,0
2026-04-15T13:32:44.600,2.771,0,,0,0,0,0
2026-04-15T13:32:45.600,2.774,0,,0,0,0,0
2026-04-15T13:32:46.590,2.765,0,,0,0,0,0
2026-04-15T13:32:47.600,2.758,0,,0,0,0,0
2026-04-15T13:32:48.590,2.758,0,,0,0,0,0
2026-04-15T13:32:49.590,2.743,0,,0,0,0,0
2026-04-15T13:32:50.600,2.733,0,,0,0,0,0
2026-04-15T13:32:51.600,2.727,0,,0,0,0,0
2026-04-15T13:32:52.600,2.720,0,,0,0,0,0
2026-04-15T13:32:53.590,2.723,0,,0,0,0,0
2026-04-15T13:32:54.600,2.729,0,,0,0,0,0
2026-04-15T13:32:55.590,2.720,0,,0,0,0,0
2026-04-15T13:32:56.590,2.695,0,,0,0,0,0
2026-04-15T13:32:57.600,2.706,0,,0,0,0,0
2026-04-15T13:32:58.590,2.684,0,Image_31.png,0,0,0,0
2026-04-15T13:32:59.930,2.687,0,,0,0,0,0
2026-04-15T13:33:00.600,2.682,0,,0,0,0,0
2026-04-15T13:33:01.590,2.662,0,,0,0,0,0
2026-04-15T13:33:02.600,2.654,0,,0,0,0,0
2026-04-15T13:33:03.600,2.654,0,,0,0,0,0
2026-04-15T13:33:04.590,2.640,0,,0,0,0,0
2026-04-15T13:33:05.600,2.651,0,,0,0,0,0
2026-04-15T13:33:06.600,2.659,0,,0,0,0,0
2026-04-15T13:33:07.590,2.640,0,,0,0,0,0
2026-04-15T13:33:08.600,2.634,0,,0,0,0,0
2026-04-15T13:33:09.600,2.611,0,,0,0,0,0
2026-04-15T13:33:10.590,2.608,0,,0,0,0,0
2026-04-15T13:33:11.600,2.620,0,,0,0,0,0
2026-04-15T13:33:12.660,2.628,0,,0,0,0,0
2026-04-15T13:33:13.590,2.592,0,,0,0,0,0
2026-04-15T13:33:14.600,2.593,0,,0,0,0,0
2026-04-15T13:33:15.600,2.581,0,,0,0,0,0
2026-04-15T13:33:16.590,2.572,0,,0,0,0,0
2026-04-15T13:33:17.600,2.558,0,,0,0,0,0
2026-04-15T13:33:18.600,2.557,0,,0,0,0,0
2026-04-15T13:33:19.590,2.556,0,,0,0,0,0
2026-04-15T13:33:20.600,2.543,0,,0,0,0,0
2026-04-15T13:33:21.600,2.554,0,,0,0,0,0
2026-04-15T13:33:22.590,2.559,0,,0,0,0,0
2026-04-15T13:33:23.600,2.522,0,,0,0,0,0
2026-04-15T13:33:24.600,2.515,0,,0,0,0,0
2026-04-15T13:33:25.590,2.514,0,,0,0,0,0
2026-04-15T13:33:26.600,2.500,0,,0,0,0,0
2026-04-15T13:33:27.600,2.509,0,,0,0,0,0
2026-04-15T13:33:28.590,2.514,0,,0,0,0,0
2026-04-15T13:33:29.600,2.498,0,,0,0,0,0
2026-04-15T13:33:30.590,2.504,0,,0,0,0,0
2026-04-15T13:33:31.600,2.490,0,,0,0,0,0
2026-04-15T13:33:32.590,2.486,0,,0,0,0,0
2026-04-15T13:33:33.580,2.484,0,,0,0,0,0
2026-04-15T13:33:34.590,2.474,0,,0,0,0,0
2026-04-15T13:33:35.600,2.468,0,,0,0,0,0
2026-04-15T13:33:37.280,2.455,0,,0,0,0,0
2026-04-15T13:33:37.590,2.455,0,,0,0,0,0
2026-04-15T13:33:38.590,2.452,0,,0,0,0,0
2026-04-15T13:33:39.600,2.437,0,,0,0,0,0
2026-04-15T13:33:40.590,2.445,0,,0,0,0,0
2026-04-15T13:33:41.600,2.404,0,,0,0,0,0
2026-04-15T13:33:42.590,2.413,0,,0,0,0,0
2026-04-15T13:33:43.590,2.409,0,,0,0,0,0
2026-04-15T13:33:44.660,2.392,0,,0,0,0,0
2026-04-15T13:33:45.600,2.411,0,,0,0,0,0
2026-04-15T13:33:46.590,2.412,0,,0,0,0,0
2026-04-15T13:33:47.600,2.407,0,,0,0,0,0
2026-04-15T13:33:48.600,2.383,0,,0,0,0,0
2026-04-15T13:33:49.590,2.383,0,,0,0,0,0
2026-04-15T13:33:50.600,2.376,0,,0,0,0,0
2026-04-15T13:33:51.600,2.375,0,,0,0,0,0
2026-04-15T13:33:52.590,2.360,0,,0,0,0,0
2026-04-15T13:33:53.600,2.360,0,,0,0,0,0
2026-04-15T13:33:54.600,2.358,0,,0,0,0,0
2026-04-15T13:33:55.590,2.342,0,,0,0,0,0
2026-04-15T13:33:56.600,2.342,0,,0,0,0,0
2026-04-15T13:33:57.600,2.333,0,,0,0,0,0
2026-04-15T13:33:58.590,2.324,0,Image_32.png,0,0,0,0
2026-04-15T13:33:59.910,2.321,0,,0,0,0,0
2026-04-15T13:34:00.600,2.321,0,,0,0,0,0
2026-04-15T13:34:01.590,2.307,0,,0,0,0,0
2026-04-15T13:34:02.600,2.314,0,,0,0,0,0
2026-04-15T13:34:03.600,2.308,0,,0,0,0,0
2026-04-15T13:34:04.590,2.297,0,,0,0,0,0
2026-04-15T13:34:05.600,2.285,0,,0,0,0,0
2026-04-15T13:34:06.600,2.280,0,,0,0,0,0
2026-04-15T13:34:07.600,2.273,0,,0,0,0,0
2026-04-15T13:34:08.600,2.266,0,,0,0,0,0
2026-04-15T13:34:09.600,2.278,0,,0,0,0,0
2026-04-15T13:34:10.590,2.255,0,,0,0,0,0
2026-04-15T13:34:11.600,2.263,0,,0,0,0,0
2026-04-15T13:34:12.600,2.247,0,,0,0,0,0
2026-04-15T13:34:13.590,2.251,0,,0,0,0,0
2026-04-15T13:34:14.600,2.240,0,,0,0,0,0
2026-04-15T13:34:15.600,2.240,0,,0,0,0,0
2026-04-15T13:34:16.590,2.229,0,,0,0,0,0
2026-04-15T13:34:17.600,2.226,0,,0,0,0,0
2026-04-15T13:34:18.600,2.220,0,,0,0,0,0
2026-04-15T13:34:19.590,2.211,0,,0,0,0,0
2026-04-15T13:34:20.670,2.214,0,,0,0,0,0
2026-04-15T13:34:21.600,2.201,0,,0,0,0,0
2026-04-15T13:34:22.590,2.198,0,,0,0,0,0
2026-04-15T13:34:23.600,2.196,0,,0,0,0,0
2026-04-15T13:34:24.600,2.192,0,,0,0,0,0
2026-04-15T13:34:25.590,2.188,0,,0,0,0,0
2026-04-15T13:34:26.600,2.197,0,,0,0,0,0
2026-04-15T13:34:27.600,2.193,0,,0,0,0,0
2026-04-15T13:34:28.600,2.186,0,,0,0,0,0
2026-04-15T13:34:29.600,2.205,0,,0,0,0,0
2026-04-15T13:34:30.600,2.195,0,,0,0,0,0
2026-04-15T13:34:31.590,2.203,0,,0,0,0,0
2026-04-15T13:34:32.600,2.185,0,,0,0,0,0
2026-04-15T13:34:33.600,2.184,0,,0,0,0,0
2026-04-15T13:34:34.600,2.162,0,,0,0,0,0
2026-04-15T13:34:35.600,2.134,0,,0,0,0,0
2026-04-15T13:34:36.600,2.126,0,,0,0,0,0
2026-04-15T13:34:37.590,2.122,0,,0,0,0,0
2026-04-15T13:34:38.600,2.110,0,,0,0,0,0
2026-04-15T13:34:39.600,2.110,0,,0,0,0,0
2026-04-15T13:34:40.590,2.091,0,,0,0,0,0
2026-04-15T13:34:41.600,2.093,0,,0,0,0,0
2026-04-15T13:34:42.600,2.087,0,,0,0,0,0
2026-04-15T13:34:43.590,2.073,0,,0,0,0,0
2026-04-15T13:34:44.600,2.068,0,,0,0,0,0
2026-04-15T13:34:45.600,2.066,0,,0,0,0,0
2026-04-15T13:34:46.590,2.056,0,,0,0,0,0
2026-04-15T13:34:47.600,2.051,0,,0,0,0,0
2026-04-15T13:34:48.600,2.051,0,,0,0,0,0
2026-04-15T13:34:49.590,2.046,0,,0,0,0,0
2026-04-15T13:34:50.600,2.028,0,,0,0,0,0
2026-04-15T13:34:51.600,2.025,0,,0,0,0,0
2026-04-15T13:34:52.590,2.028,0,,0,0,0,0
2026-04-15T13:34:53.600,2.005,0,,0,0,0,0
2026-04-15T13:34:54.600,2.000,0,,0,0,0,0
2026-04-15T13:34:55.590,2.001,0,,0,0,0,0
2026-04-15T13:34:56.590,1.989,0,,0,0,0,0
2026-04-15T13:34:57.600,1.985,0,,0,0,0,0
2026-04-15T13:34:58.590,1.977,0,,0,0,0,0
2026-04-15T13:34:59.600,1.959,0,Image_33.png,0,0,0,0
2026-04-15T13:35:00.900,1.981,0,,0,0,0,0
2026-04-15T13:35:01.590,1.961,0,,0,0,0,0
2026-04-15T13:35:02.600,1.962,0,,0,0,0,0
2026-04-15T13:35:03.600,1.957,0,,0,0,0,0
2026-04-15T13:35:04.590,1.934,0,,0,0,0,0
2026-04-15T13:35:05.600,1.913,0,,0,0,0,0
2026-04-15T13:35:06.600,1.905,0,,0,0,0,0
2026-04-15T13:35:07.600,1.895,0,,0,0,0,0
2026-04-15T13:35:08.600,1.894,0,,0,0,0,0
2026-04-15T13:35:09.600,1.892,0,,0,0,0,0
2026-04-15T13:35:10.590,1.896,0,,0,0,0,0
2026-04-15T13:35:11.600,1.910,0,,0,0,0,0
2026-04-15T13:35:12.600,1.904,0,,0,0,0,0
2026-04-15T13:35:13.590,1.899,0,,0,0,0,0
2026-04-15T13:35:14.600,1.880,0,,0,0,0,0
2026-04-15T13:35:15.600,1.861,0,,0,0,0,0
2026-04-15T13:35:16.590,1.856,0,,0,0,0,0
2026-04-15T13:35:17.600,1.852,0,,0,0,0,0
2026-04-15T13:35:18.600,1.849,0,,0,0,0,0
2026-04-15T13:35:19.590,1.834,0,,0,0,0,0
2026-04-15T13:35:20.600,1.836,0,,0,0,0,0
2026-04-15T13:35:21.600,1.827,0,,0,0,0,0
2026-04-15T13:35:22.590,1.832,0,,0,0,0,0
2026-04-15T13:35:23.590,1.836,0,,0,0,0,0
2026-04-15T13:35:24.600,1.824,0,,0,0,0,0
2026-04-15T13:35:25.590,1.828,0,,0,0,0,0
2026-04-15T13:35:26.600,1.809,0,,0,0,0,0
2026-04-15T13:35:27.600,1.813,0,,0,0,0,0
2026-04-15T13:35:28.590,1.809,0,,0,0,0,0
2026-04-15T13:35:29.590,1.795,0,,0,0,0,0
2026-04-15T13:35:30.600,1.795,0,,0,0,0,0
2026-04-15T13:35:31.590,1.791,0,,0,0,0,0
2026-04-15T13:35:32.600,1.782,0,,0,0,0,0
2026-04-15T13:35:33.600,1.789,0,,0,0,0,0
2026-04-15T13:35:34.590,1.801,0,,0,0,0,0
2026-04-15T13:35:35.600,1.799,0,,0,0,0,0
2026-04-15T13:35:36.600,1.789,0,,0,0,0,0
2026-04-15T13:35:37.590,1.781,0,,0,0,0,0
2026-04-15T13:35:38.600,1.767,0,,0,0,0,0
2026-04-15T13:35:39.600,1.763,0,,0,0,0,0
2026-04-15T13:35:40.600,1.766,0,,0,0,0,0
2026-04-15T13:35:41.600,1.747,0,,0,0,0,0
2026-04-15T13:35:42.600,1.751,0,,0,0,0,0
2026-04-15T13:35:43.600,1.741,0,,0,0,0,0
2026-04-15T13:35:44.600,1.730,0,,0,0,0,0
2026-04-15T13:35:45.600,1.722,0,,0,0,0,0
2026-04-15T13:35:46.590,1.704,0,,0,0,0,0
2026-04-15T13:35:47.600,1.682,0,,0,0,0,0
2026-04-15T13:35:48.600,1.702,0,,0,0,0,0
2026-04-15T13:35:49.590,1.694,0,,0,0,0,0
2026-04-15T13:35:50.600,1.693,0,,0,0,0,0
2026-04-15T13:35:51.600,1.696,0,,0,0,0,0
2026-04-15T13:35:52.590,1.683,0,,0,0,0,0
2026-04-15T13:35:53.600,1.652,0,,0,0,0,0
2026-04-15T13:35:54.600,1.641,0,,0,0,0,0
2026-04-15T13:35:55.590,1.648,0,,0,0,0,0
2026-04-15T13:35:56.600,1.645,0,,0,0,0,0
2026-04-15T13:35:57.600,1.650,0,,0,0,0,0
2026-04-15T13:35:58.590,1.648,0,,0,0,0,0
2026-04-15T13:35:59.600,1.632,0,,0,0,0,0
2026-04-15T13:36:00.600,1.631,0,Image_34.png,0,0,0,0
2026-04-15T13:36:01.900,1.622,0,,0,0,0,0
2026-04-15T13:36:02.600,1.614,0,,0,0,0,0
2026-04-15T13:36:03.600,1.621,0,,0,0,0,0
2026-04-15T13:36:04.590,1.635,0,,0,0,0,0
2026-04-15T13:36:05.600,1.612,0,,0,0,0,0
2026-04-15T13:36:06.600,1.597,0,,0,0,0,0
2026-04-15T13:36:07.600,1.596,0,,0,0,0,0
2026-04-15T13:36:08.600,1.572,0,,0,0,0,0
2026-04-15T13:36:09.600,1.582,0,,0,0,0,0
2026-04-15T13:36:10.590,1.558,0,,0,0,0,0
2026-04-15T13:36:11.590,1.539,0,,0,0,0,0
2026-04-15T13:36:12.600,1.535,0,,0,0,0,0
2026-04-15T13:36:13.590,1.533,0,,0,0,0,0
2026-04-15T13:36:14.600,1.537,0,,0,0,0,0
2026-04-15T13:36:15.600,1.513,0,,0,0,0,0
2026-04-15T13:36:16.590,1.537,0,,0,0,0,0
2026-04-15T13:36:17.600,1.544,0,,0,0,0,0
2026-04-15T13:36:18.600,1.550,0,,0,0,0,0
2026-04-15T13:36:19.590,1.543,0,,0,0,0,0
2026-04-15T13:36:20.600,1.524,0,,0,0,0,0
2026-04-15T13:36:21.600,1.510,0,,0,0,0,0
2026-04-15T13:36:22.590,1.504,0,,0,0,0,0
2026-04-15T13:36:23.600,1.497,0,,0,0,0,0
2026-04-15T13:36:24.600,1.490,0,,0,0,0,0
2026-04-15T13:36:25.590,1.487,0,,0,0,0,0
2026-04-15T13:36:26.600,1.472,0,,0,0,0,0
2026-04-15T13:36:27.600,1.486,0,,0,0,0,0
2026-04-15T13:36:28.590,1.479,0,,0,0,0,0
2026-04-15T13:36:29.580,1.457,0,,0,0,0,0
2026-04-15T13:36:30.600,1.458,0,,0,0,0,0
2026-04-15T13:36:31.590,1.463,0,,0,0,0,0
2026-04-15T13:36:32.600,1.476,0,,0,0,0,0
2026-04-15T13:36:33.600,1.487,0,,0,0,0,0
2026-04-15T13:36:34.590,1.456,0,,0,0,0,0
2026-04-15T13:36:35.600,1.448,0,,0,0,0,0
2026-04-15T13:36:36.600,1.414,0,,0,0,0,0
2026-04-15T13:36:37.590,1.419,0,,0,0,0,0
2026-04-15T13:36:38.600,1.419,0,,0,0,0,0
2026-04-15T13:36:39.580,1.409,0,,0,0,0,0
2026-04-15T13:36:40.590,1.405,0,,0,0,0,0
2026-04-15T13:36:41.590,1.406,0,,0,0,0,0
2026-04-15T13:36:42.600,1.416,0,,0,0,0,0
2026-04-15T13:36:43.600,1.403,0,,0,0,0,0
2026-04-15T13:36:44.590,1.401,0,,0,0,0,0
2026-04-15T13:36:45.600,1.375,0,,0,0,0,0
2026-04-15T13:36:46.590,1.369,0,,0,0,0,0
2026-04-15T13:36:47.600,1.364,0,,0,0,0,0
2026-04-15T13:36:48.600,1.376,0,,0,0,0,0
2026-04-15T13:36:49.590,1.388,0,,0,0,0,0
2026-04-15T13:36:50.600,1.367,0,,0,0,0,0
2026-04-15T13:36:51.600,1.357,0,,0,0,0,0
2026-04-15T13:36:52.590,1.351,0,,0,0,0,0
2026-04-15T13:36:53.600,1.328,0,,0,0,0,0
2026-04-15T13:36:54.590,1.329,0,,0,0,0,0
2026-04-15T13:36:55.590,1.332,0,,0,0,0,0
2026-04-15T13:36:56.600,1.327,0,,0,0,0,0
2026-04-15T13:36:57.600,1.334,0,,0,0,0,0
2026-04-15T13:36:58.590,1.356,0,,0,0,0,0
2026-04-15T13:36:59.590,1.320,0,,0,0,0,0
2026-04-15T13:37:00.600,1.302,0,,0,0,0,0
2026-04-15T13:37:01.590,1.279,0,Image_35.png,0,0,0,0
2026-04-15T13:37:02.910,1.294,0,,0,0,0,0
2026-04-15T13:37:03.600,1.283,0,,0,0,0,0
2026-04-15T13:37:04.590,1.293,0,,0,0,0,0
2026-04-15T13:37:05.600,1.309,0,,0,0,0,0
2026-04-15T13:37:06.600,1.293,0,,0,0,0,0
2026-04-15T13:37:07.590,1.290,0,,0,0,0,0
2026-04-15T13:37:08.600,1.286,0,,0,0,0,0
2026-04-15T13:37:09.600,1.283,0,,0,0,0,0
2026-04-15T13:37:10.600,1.266,0,,0,0,0,0
2026-04-15T13:37:11.600,1.251,0,,0,0,0,0
2026-04-15T13:37:12.600,1.235,0,,0,0,0,0
2026-04-15T13:37:13.590,1.236,0,,0,0,0,0
2026-04-15T13:37:15.740,1.219,0,,0,0,0,0
2026-04-15T13:37:16.590,1.216,0,,0,0,0,0
2026-04-15T13:37:17.590,1.220,0,,0,0,0,0
2026-04-15T13:37:18.600,1.214,0,,0,0,0,0
2026-04-15T13:37:19.590,1.202,0,,0,0,0,0
2026-04-15T13:37:20.600,1.199,0,,0,0,0,0
2026-04-15T13:37:21.600,1.194,0,,0,0,0,0
2026-04-15T13:37:22.590,1.170,0,,0,0,0,0
2026-04-15T13:37:23.600,1.170,0,,0,0,0,0
2026-04-15T13:37:24.600,1.166,0,,0,0,0,0
2026-04-15T13:37:25.600,1.157,0,,0,0,0,0
2026-04-15T13:37:26.600,1.155,0,,0,0,0,0
2026-04-15T13:37:27.600,1.135,0,,0,0,0,0
2026-04-15T13:37:28.600,1.120,0,,0,0,0,0
2026-04-15T13:37:29.600,1.121,0,,0,0,0,0
2026-04-15T13:37:30.600,1.112,0,,0,0,0,0
2026-04-15T13:37:31.590,1.123,0,,0,0,0,0
2026-04-15T13:37:32.600,1.105,0,,0,0,0,0
2026-04-15T13:37:33.600,1.109,0,,0,0,0,0
2026-04-15T13:37:34.590,1.103,0,,0,0,0,0
2026-04-15T13:37:35.600,1.087,0,,0,0,0,0
2026-04-15T13:37:36.600,1.083,0,,0,0,0,0
2026-04-15T13:37:37.590,1.081,0,,0,0,0,0
2026-04-15T13:37:38.600,1.073,0,,0,0,0,0
2026-04-15T13:37:39.600,1.059,0,,0,0,0,0
2026-04-15T13:37:40.600,1.062,0,,0,0,0,0
2026-04-15T13:37:41.600,1.055,0,,0,0,0,0
2026-04-15T13:37:42.600,1.049,0,,0,0,0,0
2026-04-15T13:37:43.600,1.050,0,,0,0,0,0
2026-04-15T13:37:44.600,1.034,0,,0,0,0,0
2026-04-15T13:37:45.600,1.034,0,,0,0,0,0
2026-04-15T13:37:46.600,1.009,0,,0,0,0,0
2026-04-15T13:37:47.600,0.997,0,,0,0,0,0
2026-04-15T13:37:48.600,0.978,0,,0,0,0,0
2026-04-15T13:37:49.590,0.972,0,,0,0,0,0
2026-04-15T13:37:50.600,0.987,0,,0,0,0,0
2026-04-15T13:37:51.600,0.991,0,,0,0,0,0
2026-04-15T13:37:52.590,0.982,0,,0,0,0,0
2026-04-15T13:37:53.600,0.985,0,,0,0,0,0
2026-04-15T13:37:54.600,0.970,0,,0,0,0,0
2026-04-15T13:37:55.590,0.954,0,,0,0,0,0
2026-04-15T13:37:56.600,0.955,0,,0,0,0,0
2026-04-15T13:37:57.600,0.943,0,,0,0,0,0
2026-04-15T13:37:58.590,0.923,0,,0,0,0,0
2026-04-15T13:37:59.600,0.945,0,,0,0,0,0
2026-04-15T13:38:00.600,0.937,0,,0,0,0,0
2026-04-15T13:38:01.590,0.934,0,,0,0,0,0
2026-04-15T13:38:02.600,0.906,0,Image_36.png,0,0,0,0
2026-04-15T13:38:03.910,0.888,0,,0,0,0,0
2026-04-15T13:38:04.650,0.886,0,,0,0,0,0
2026-04-15T13:38:05.600,0.875,0,,0,0,0,0
2026-04-15T13:38:06.600,0.881,0,,0,0,0,0
2026-04-15T13:38:07.590,0.859,0,,0,0,0,0
2026-04-15T13:38:08.600,0.867,0,,0,0,0,0
2026-04-15T13:38:09.600,0.868,0,,0,0,0,0
2026-04-15T13:38:10.590,0.864,0,,0,0,0,0
2026-04-15T13:38:11.600,0.881,0,,0,0,0,0
2026-04-15T13:38:12.600,0.873,0,,0,0,0,0
2026-04-15T13:38:13.590,0.845,0,,0,0,0,0
2026-04-15T13:38:14.600,0.824,0,,0,0,0,0
2026-04-15T13:38:15.600,0.809,0,,0,0,0,0
2026-04-15T13:38:16.590,0.823,0,,0,0,0,0
2026-04-15T13:38:17.600,0.807,0,,0,0,0,0
2026-04-15T13:38:18.600,0.790,0,,0,0,0,0
2026-04-15T13:38:19.600,0.778,0,,0,0,0,0
2026-04-15T13:38:20.600,0.776,0,,0,0,0,0
2026-04-15T13:38:21.600,0.783,0,,0,0,0,0
2026-04-15T13:38:22.590,0.775,0,,0,0,0,0
2026-04-15T13:38:23.600,0.791,0,,0,0,0,0
2026-04-15T13:38:24.600,0.775,0,,0,0,0,0
2026-04-15T13:38:25.590,0.762,0,,0,0,0,0
2026-04-15T13:38:26.600,0.750,0,,0,0,0,0
2026-04-15T13:38:27.600,0.734,0,,0,0,0,0
2026-04-15T13:38:29.700,0.699,0,,0,0,0,0
2026-04-15T13:38:30.600,0.716,0,,0,0,0,0
2026-04-15T13:38:31.590,0.690,0,,0,0,0,0
2026-04-15T13:38:32.590,0.713,0,,0,0,0,0
2026-04-15T13:38:33.600,0.695,0,,0,0,0,0
2026-04-15T13:38:34.590,0.682,0,,0,0,0,0
2026-04-15T13:38:35.600,0.701,0,,0,0,0,0
2026-04-15T13:38:36.600,0.680,0,,0,0,0,0
2026-04-15T13:38:37.590,0.667,0,,0,0,0,0
2026-04-15T13:38:38.600,0.666,0,,0,0,0,0
2026-04-15T13:38:39.600,0.631,0,,0,0,0,0
2026-04-15T13:38:40.590,0.657,0,,0,0,0,0
2026-04-15T13:38:41.600,0.623,0,,0,0,0,0
2026-04-15T13:38:42.600,0.618,0,,0,0,0,0
2026-04-15T13:38:43.590,0.607,0,,0,0,0,0
2026-04-15T13:38:44.590,0.609,0,,0,0,0,0
2026-04-15T13:38:45.600,0.609,0,,0,0,0,0
2026-04-15T13:38:46.590,0.612,0,,0,0,0,0
2026-04-15T13:38:47.600,0.612,0,,0,0,0,0
2026-04-15T13:38:48.600,0.621,0,,0,0,0,0
2026-04-15T13:38:49.590,0.616,0,,0,0,0,0
2026-04-15T13:38:50.600,0.610,0,,0,0,0,0
2026-04-15T13:38:51.600,0.604,0,,0,0,0,0
2026-04-15T13:38:52.590,0.596,0,,0,0,0,0
2026-04-15T13:38:53.600,0.593,0,,0,0,0,0
2026-04-15T13:38:54.600,0.583,0,,0,0,0,0
2026-04-15T13:38:55.590,0.584,0,,0,0,0,0
2026-04-15T13:38:56.600,0.564,0,,0,0,0,0
2026-04-15T13:38:57.600,0.569,0,,0,0,0,0
2026-04-15T13:38:58.590,0.553,0,,0,0,0,0
2026-04-15T13:38:59.600,0.550,0,,0,0,0,0
2026-04-15T13:39:00.600,0.560,0,,0,0,0,0
2026-04-15T13:39:01.600,0.548,0,,0,0,0,0
2026-04-15T13:39:02.600,0.549,0,,0,0,0,0
2026-04-15T13:39:03.600,0.543,0,Image_37.png,0,0,0,0
2026-04-15T13:39:04.910,0.534,0,,0,0,0,0
2026-04-15T13:39:05.600,0.527,0,,0,0,0,0
2026-04-15T13:39:06.600,0.530,0,,0,0,0,0
2026-04-15T13:39:07.590,0.509,0,,0,0,0,0
2026-04-15T13:39:08.600,0.504,0,,0,0,0,0
2026-04-15T13:39:09.600,0.512,0,,0,0,0,0
2026-04-15T13:39:10.590,0.503,0,,0,0,0,0
2026-04-15T13:39:11.600,0.503,0,,0,0,0,0
2026-04-15T13:39:12.600,0.496,0,,0,0,0,0
2026-04-15T13:39:13.590,0.488,0,,0,0,0,0
2026-04-15T13:39:14.600,0.470,0,,0,0,0,0
2026-04-15T13:39:15.600,0.472,0,,0,0,0,0
2026-04-15T13:39:16.590,0.474,0,,0,0,0,0
2026-04-15T13:39:17.600,0.461,0,,0,0,0,0
2026-04-15T13:39:18.600,0.454,0,,0,0,0,0
2026-04-15T13:39:19.590,0.461,0,,0,0,0,0
2026-04-15T13:39:20.600,0.451,0,,0,0,0,0
2026-04-15T13:39:21.600,0.458,0,,0,0,0,0
2026-04-15T13:39:22.590,0.445,0,,0,0,0,0
2026-04-15T13:39:23.600,0.435,0,,0,0,0,0
2026-04-15T13:39:24.600,0.428,0,,0,0,0,0
2026-04-15T13:39:25.590,0.436,0,,0,0,0,0
2026-04-15T13:39:26.600,0.422,0,,0,0,0,0
2026-04-15T13:39:27.600,0.432,0,,0,0,0,0
2026-04-15T13:39:28.590,0.417,0,,0,0,0,0
2026-04-15T13:39:29.600,0.414,0,,0,0,0,0
2026-04-15T13:39:30.600,0.428,0,,0,0,0,0
2026-04-15T13:39:31.590,0.408,0,,0,0,0,0
2026-04-15T13:39:32.600,0.402,0,,0,0,0,0
2026-04-15T13:39:33.600,0.395,0,,0,0,0,0
2026-04-15T13:39:34.590,0.400,0,,0,0,0,0
2026-04-15T13:39:35.600,0.393,0,,0,0,0,0
2026-04-15T13:39:36.600,0.383,0,,0,0,0,0
2026-04-15T13:39:37.590,0.390,0,,0,0,0,0
2026-04-15T13:39:38.690,0.368,0,,0,0,0,0
2026-04-15T13:39:39.600,0.376,0,,0,0,0,0
2026-04-15T13:39:40.590,0.370,0,,0,0,0,0
2026-04-15T13:39:41.600,0.365,0,,0,0,0,0
2026-04-15T13:39:42.580,0.363,0,,0,0,0,0
2026-04-15T13:39:43.590,0.352,0,,0,0,0,0
2026-04-15T13:39:44.720,0.347,0,,0,0,0,0
2026-04-15T13:39:45.600,0.351,0,,0,0,0,0
2026-04-15T13:39:46.590,0.348,0,,0,0,0,0
2026-04-15T13:39:47.590,0.334,0,,0,0,0,0
2026-04-15T13:39:48.600,0.330,0,,0,0,0,0
2026-04-15T13:39:49.590,0.330,0,,0,0,0,0
2026-04-15T13:39:50.590,0.335,0,,0,0,0,0
2026-04-15T13:39:51.600,0.308,0,,0,0,0,0
2026-04-15T13:39:52.590,0.307,0,,0,0,0,0
2026-04-15T13:39:53.600,0.293,0,,0,0,0,0
2026-04-15T13:39:54.600,0.301,0,,0,0,0,0
2026-04-15T13:39:55.590,0.296,0,,0,0,0,0
2026-04-15T13:39:56.600,0.296,0,,0,0,0,0
2026-04-15T13:39:57.600,0.290,0,,0,0,0,0
2026-04-15T13:39:58.590,0.282,0,,0,0,0,0
2026-04-15T13:39:59.600,0.285,0,,0,0,0,0
2026-04-15T13:40:00.600,0.283,0,,0,0,0,0
2026-04-15T13:40:01.590,0.274,0,,0,0,0,0
2026-04-15T13:40:02.590,0.249,0,,0,0,0,0
2026-04-15T13:40:03.600,0.259,0,Image_38.png,0,0,0,0
2026-04-15T13:40:04.900,0.255,0,,0,0,0,0
2026-04-15T13:40:05.600,0.251,0,,0,0,0,0
2026-04-15T13:40:06.600,0.248,0,,0,0,0,0
2026-04-15T13:40:07.590,0.242,0,,0,0,0,0
2026-04-15T13:40:08.600,0.235,0,,0,0,0,0
2026-04-15T13:40:09.600,0.234,0,,0,0,0,0
2026-04-15T13:40:10.590,0.218,0,,0,0,0,0
2026-04-15T13:40:11.600,0.198,0,,0,0,0,0
2026-04-15T13:40:12.580,0.185,0,,0,0,0,0
2026-04-15T13:40:13.590,0.176,0,,0,0,0,0
2026-04-15T13:40:14.600,0.171,0,,0,0,0,0
2026-04-15T13:40:15.600,0.166,0,,0,0,0,0
2026-04-15T13:40:16.600,0.181,0,,0,0,0,0
2026-04-15T13:40:17.600,0.187,0,,0,0,0,0
2026-04-15T13:40:18.600,0.149,0,,0,0,0,0
2026-04-15T13:40:19.590,0.158,0,,0,0,0,0
2026-04-15T13:40:20.600,0.141,0,,0,0,0,0
2026-04-15T13:40:21.600,0.140,0,,0,0,0,0
2026-04-15T13:40:22.600,0.154,0,,0,0,0,0
2026-04-15T13:40:23.600,0.143,0,,0,0,0,0
2026-04-15T13:40:24.600,0.154,0,,0,0,0,0
2026-04-15T13:40:25.590,0.148,0,,0,0,0,0
2026-04-15T13:40:26.600,0.142,0,,0,0,0,0
2026-04-15T13:40:27.600,0.134,0,,0,0,0,0
2026-04-15T13:40:28.600,0.125,0,,0,0,0,0
2026-04-15T13:40:29.600,0.119,0,,0,0,0,0
2026-04-15T13:40:30.600,0.111,0,,0,0,0,0
2026-04-15T13:40:31.590,0.106,0,,0,0,0,0
2026-04-15T13:40:32.590,0.100,0,,0,0,0,0
2026-04-15T13:40:33.600,0.081,0,,0,0,0,0
2026-04-15T13:40:34.630,0.063,0,,0,0,0,0
2026-04-15T13:40:35.600,0.061,0,,0,0,0,0
2026-04-15T13:40:36.600,0.044,0,,0,0,0,0
2026-04-15T13:40:37.590,0.052,0,,0,0,0,0
2026-04-15T13:40:38.600,0.057,0,,0,0,0,0
2026-04-15T13:40:39.600,0.057,0,,0,0,0,0
2026-04-15T13:40:40.590,0.046,0,,0,0,0,0
2026-04-15T13:40:41.600,0.022,0,,0,0,0,0
2026-04-15T13:40:42.600,0.012,0,,0,0,0,0
2026-04-15T13:40:43.590,0.004,0,,0,0,0,0
2026-04-15T13:40:44.600,-0.001,0,,0,0,0,0
2026-04-15T13:40:45.600,0.000,0,,0,0,0,0
2026-04-15T13:40:46.590,-0.007,0,,0,0,0,0
2026-04-15T13:40:47.590,-0.013,0,,0,0,0,0
2026-04-15T13:40:48.600,-0.031,0,,0,0,0,0
2026-04-15T13:40:49.590,-0.030,0,,0,0,0,0
2026-04-15T13:40:50.600,-0.034,0,,0,0,0,0
2026-04-15T13:40:51.600,-0.027,0,,0,0,0,0
2026-04-15T13:40:52.590,-0.023,0,,0,0,0,0
2026-04-15T13:40:53.600,-0.034,0,,0,0,0,0
2026-04-15T13:40:54.600,-0.034,0,,0,0,0,0
2026-04-15T13:40:55.590,-0.044,0,,0,0,0,0
2026-04-15T13:40:56.600,-0.056,0,,0,0,0,0
2026-04-15T13:40:57.600,-0.052,0,,0,0,0,0
2026-04-15T13:40:58.590,-0.062,0,,0,0,0,0
2026-04-15T13:40:59.600,-0.080,0,,0,0,0,0
2026-04-15T13:41:00.600,-0.090,0,,0,0,0,0
2026-04-15T13:41:01.590,-0.091,0,,0,0,0,0
2026-04-15T13:41:02.590,-0.090,0,,0,0,0,0
2026-04-15T13:41:03.600,-0.079,0,,0,0,0,0
2026-04-15T13:41:04.590,-0.100,0,Image_39.png,0,0,0,0
2026-04-15T13:41:05.900,-0.104,0,,0,0,0,0
2026-04-15T13:41:06.600,-0.098,0,,0,0,0,0
2026-04-15T13:41:07.590,-0.091,0,,0,0,0,0
2026-04-15T13:41:08.600,-0.101,0,,0,0,0,0
2026-04-15T13:41:09.600,-0.115,0,,0,0,0,0
2026-04-15T13:41:10.590,-0.148,0,,0,0,0,0
2026-04-15T13:41:11.600,-0.152,0,,0,0,0,0
2026-04-15T13:41:12.600,-0.145,0,,0,0,0,0
2026-04-15T13:41:13.590,-0.140,0,,0,0,0,0
2026-04-15T13:41:14.600,-0.131,0,,0,0,0,0
2026-04-15T13:41:15.600,-0.131,0,,0,0,0,0
2026-04-15T13:41:16.590,-0.137,0,,0,0,0,0
2026-04-15T13:41:17.600,-0.148,0,,0,0,0,0
2026-04-15T13:41:18.600,-0.138,0,,0,0,0,0
2026-04-15T13:41:19.590,-0.162,0,,0,0,0,0
2026-04-15T13:41:20.600,-0.177,0,,0,0,0,0
2026-04-15T13:41:21.600,-0.172,0,,0,0,0,0
2026-04-15T13:41:22.590,-0.183,0,,0,0,0,0
2026-04-15T13:41:23.600,-0.169,0,,0,0,0,0
2026-04-15T13:41:24.600,-0.171,0,,0,0,0,0
2026-04-15T13:41:25.590,-0.185,0,,0,0,0,0
2026-04-15T13:41:26.600,-0.186,0,,0,0,0,0
2026-04-15T13:41:27.600,-0.198,0,,0,0,0,0
2026-04-15T13:41:28.590,-0.212,0,,0,0,0,0
2026-04-15T13:41:29.600,-0.235,0,,0,0,0,0
2026-04-15T13:41:30.600,-0.231,0,,0,0,0,0
2026-04-15T13:41:31.590,-0.256,0,,0,0,0,0
2026-04-15T13:41:32.590,-0.262,0,,0,0,0,0
2026-04-15T13:41:33.600,-0.266,0,,0,0,0,0
2026-04-15T13:41:34.600,-0.274,0,,0,0,0,0
2026-04-15T13:41:35.600,-0.273,0,,0,0,0,0
2026-04-15T13:41:36.600,-0.259,0,,0,0,0,0
2026-04-15T13:41:37.590,-0.245,0,,0,0,0,0
2026-04-15T13:41:38.600,-0.259,0,,0,0,0,0
2026-04-15T13:41:39.600,-0.243,0,,0,0,0,0
2026-04-15T13:41:40.570,-0.255,0,,0,0,0,0
2026-04-15T13:41:41.600,-0.250,0,,0,0,0,0
2026-04-15T13:41:42.590,-0.270,0,,0,0,0,0
2026-04-15T13:41:43.590,-0.280,0,,0,0,0,0
2026-04-15T13:41:44.600,-0.281,0,,0,0,0,0
2026-04-15T13:41:45.600,-0.307,0,,0,0,0,0
2026-04-15T13:41:46.590,-0.296,0,,0,0,0,0
2026-04-15T13:41:47.590,-0.304,0,,0,0,0,0
2026-04-15T13:41:48.600,-0.326,0,,0,0,0,0
2026-04-15T13:41:49.590,-0.317,0,,0,0,0,0
2026-04-15T13:41:50.600,-0.314,0,,0,0,0,0
2026-04-15T13:41:51.600,-0.314,0,,0,0,0,0
2026-04-15T13:41:52.600,-0.300,0,,0,0,0,0
2026-04-15T13:41:53.600,-0.315,0,,0,0,0,0
2026-04-15T13:41:54.600,-0.340,0,,0,0,0,0
2026-04-15T13:41:55.590,-0.350,0,,0,0,0,0
2026-04-15T13:41:56.600,-0.359,0,,0,0,0,0
2026-04-15T13:41:57.600,-0.375,0,,0,0,0,0
2026-04-15T13:41:58.590,-0.387,0,,0,0,0,0
2026-04-15T13:41:59.600,-0.388,0,,0,0,0,0
2026-04-15T13:42:00.600,-0.405,0,,0,0,0,0
2026-04-15T13:42:01.590,-0.407,0,,0,0,0,0
2026-04-15T13:42:02.590,-0.396,0,,0,0,0,0
2026-04-15T13:42:03.600,-0.381,0,,0,0,0,0
2026-04-15T13:42:04.600,-0.399,0,Image_40.png,0,0,0,0
2026-04-15T13:42:05.910,-0.379,0,,0,0,0,0
2026-04-15T13:42:06.600,-0.395,0,,0,0,0,0
2026-04-15T13:42:07.590,-0.416,0,,0,0,0,0
2026-04-15T13:42:08.600,-0.427,0,,0,0,0,0
2026-04-15T13:42:09.600,-0.449,0,,0,0,0,0
2026-04-15T13:42:10.590,-0.440,0,,0,0,0,0
2026-04-15T13:42:11.600,-0.449,0,,0,0,0,0
2026-04-15T13:42:12.600,-0.462,0,,0,0,0,0
2026-04-15T13:42:13.590,-0.453,0,,0,0,0,0
2026-04-15T13:42:14.600,-0.451,0,,0,0,0,0
2026-04-15T13:42:15.600,-0.446,0,,0,0,0,0
2026-04-15T13:42:16.590,-0.455,0,,0,0,0,0
2026-04-15T13:42:17.600,-0.465,0,,0,0,0,0
2026-04-15T13:42:18.600,-0.479,0,,0,0,0,0
2026-04-15T13:42:19.590,-0.478,0,,0,0,0,0
2026-04-15T13:42:20.590,-0.508,0,,0,0,0,0
2026-04-15T13:42:21.600,-0.487,0,,0,0,0,0
2026-04-15T13:42:22.590,-0.501,0,,0,0,0,0
2026-04-15T13:42:23.600,-0.501,0,,0,0,0,0
2026-04-15T13:42:24.600,-0.512,0,,0,0,0,0
2026-04-15T13:42:25.590,-0.528,0,,0,0,0,0
2026-04-15T13:42:26.600,-0.538,0,,0,0,0,0
2026-04-15T13:42:27.600,-0.539,0,,0,0,0,0
2026-04-15T13:42:28.590,-0.549,0,,0,0,0,0
2026-04-15T13:42:29.600,-0.552,0,,0,0,0,0
2026-04-15T13:42:30.600,-0.550,0,,0,0,0,0
2026-04-15T13:42:31.590,-0.553,0,,0,0,0,0
2026-04-15T13:42:32.590,-0.542,0,,0,0,0,0
2026-04-15T13:42:33.600,-0.539,0,,0,0,0,0
2026-04-15T13:42:34.590,-0.562,0,,0,0,0,0
2026-04-15T13:42:35.600,-0.559,0,,0,0,0,0
2026-04-15T13:42:36.600,-0.582,0,,0,0,0,0
2026-04-15T13:42:37.590,-0.603,0,,0,0,0,0
2026-04-15T13:42:38.600,-0.593,0,,0,0,0,0
2026-04-15T13:42:39.600,-0.600,0,,0,0,0,0
2026-04-15T13:42:40.590,-0.610,0,,0,0,0,0
2026-04-15T13:42:41.600,-0.605,0,,0,0,0,0
2026-04-15T13:42:42.600,-0.637,0,,0,0,0,0
2026-04-15T13:42:43.600,-0.632,0,,0,0,0,0
2026-04-15T13:42:44.600,-0.632,0,,0,0,0,0
2026-04-15T13:42:45.600,-0.646,0,,0,0,0,0
2026-04-15T13:42:46.590,-0.660,0,,0,0,0,0
2026-04-15T13:42:47.600,-0.654,0,,0,0,0,0
2026-04-15T13:42:48.600,-0.656,0,,0,0,0,0
2026-04-15T13:42:49.590,-0.665,0,,0,0,0,0
2026-04-15T13:42:50.600,-0.668,0,,0,0,0,0
2026-04-15T13:42:51.600,-0.670,0,,0,0,0,0
2026-04-15T13:42:52.590,-0.673,0,,0,0,0,0
2026-04-15T13:42:53.600,-0.682,0,,0,0,0,0
2026-04-15T13:42:54.600,-0.692,0,,0,0,0,0
2026-04-15T13:42:55.590,-0.701,0,,0,0,0,0
2026-04-15T13:42:56.600,-0.691,0,,0,0,0,0
2026-04-15T13:42:57.600,-0.712,0,,0,0,0,0
2026-04-15T13:42:58.590,-0.704,0,,0,0,0,0
2026-04-15T13:42:59.600,-0.707,0,,0,0,0,0
2026-04-15T13:43:00.590,-0.714,0,,0,0,0,0
2026-04-15T13:43:01.590,-0.730,0,,0,0,0,0
2026-04-15T13:43:02.600,-0.729,0,,0,0,0,0
2026-04-15T13:43:03.600,-0.730,0,,0,0,0,0
2026-04-15T13:43:04.600,-0.740,0,,0,0,0,0
2026-04-15T13:43:05.590,-0.749,0,Image_41.png,0,0,0,0
2026-04-15T13:43:06.890,-0.743,0,,0,0,0,0
2026-04-15T13:43:07.600,-0.747,0,,0,0,0,0
2026-04-15T13:43:08.600,-0.760,0,,0,0,0,0
2026-04-15T13:43:09.600,-0.765,0,,0,0,0,0
2026-04-15T13:43:10.590,-0.768,0,,0,0,0,0
2026-04-15T13:43:11.600,-0.778,0,,0,0,0,0
2026-04-15T13:43:12.600,-0.778,0,,0,0,0,0
2026-04-15T13:43:13.590,-0.792,0,,0,0,0,0
2026-04-15T13:43:14.600,-0.793,0,,0,0,0,0
2026-04-15T13:43:15.600,-0.790,0,,0,0,0,0
2026-04-15T13:43:16.590,-0.800,0,,0,0,0,0
2026-04-15T13:43:17.600,-0.807,0,,0,0,0,0
2026-04-15T13:43:18.590,-0.807,0,,0,0,0,0
2026-04-15T13:43:19.600,-0.823,0,,0,0,0,0
2026-04-15T13:43:20.600,-0.821,0,,0,0,0,0
2026-04-15T13:43:21.600,-0.822,0,,0,0,0,0
2026-04-15T13:43:22.590,-0.821,0,,0,0,0,0
2026-04-15T13:43:23.600,-0.834,0,,0,0,0,0
2026-04-15T13:43:24.600,-0.849,0,,0,0,0,0
2026-04-15T13:43:25.590,-0.864,0,,0,0,0,0
2026-04-15T13:43:26.590,-0.852,0,,0,0,0,0
2026-04-15T13:43:27.600,-0.867,0,,0,0,0,0
2026-04-15T13:43:28.590,-0.859,0,,0,0,0,0
2026-04-15T13:43:29.600,-0.854,0,,0,0,0,0
2026-04-15T13:43:30.600,-0.854,0,,0,0,0,0
2026-04-15T13:43:31.600,-0.877,0,,0,0,0,0
2026-04-15T13:43:32.590,-0.880,0,,0,0,0,0
2026-04-15T13:43:33.600,-0.875,0,,0,0,0,0
2026-04-15T13:43:34.590,-0.885,0,,0,0,0,0
2026-04-15T13:43:35.600,-0.884,0,,0,0,0,0
2026-04-15T13:43:36.600,-0.887,0,,0,0,0,0
2026-04-15T13:43:37.590,-0.894,0,,0,0,0,0
2026-04-15T13:43:38.590,-0.896,0,,0,0,0,0
2026-04-15T13:43:39.600,-0.897,0,,0,0,0,0
2026-04-15T13:43:40.570,-0.903,0,,0,0,0,0
2026-04-15T13:43:41.600,-0.912,0,,0,0,0,0
2026-04-15T13:43:42.600,-0.914,0,,0,0,0,0
2026-04-15T13:43:43.590,-0.943,0,,0,0,0,0
2026-04-15T13:43:44.600,-0.938,0,,0,0,0,0
2026-04-15T13:43:45.600,-0.944,0,,0,0,0,0
2026-04-15T13:43:46.590,-0.966,0,,0,0,0,0
2026-04-15T13:43:47.600,-0.947,0,,0,0,0,0
2026-04-15T13:43:48.600,-0.961,0,,0,0,0,0
2026-04-15T13:43:49.600,-0.949,0,,0,0,0,0
2026-04-15T13:43:50.590,-0.959,0,,0,0,0,0
2026-04-15T13:43:51.600,-0.981,0,,0,0,0,0
2026-04-15T13:43:52.590,-0.986,0,,0,0,0,0
2026-04-15T13:43:53.600,-0.998,0,,0,0,0,0
2026-04-15T13:43:54.600,-0.988,0,,0,0,0,0
2026-04-15T13:43:55.600,-0.983,0,,0,0,0,0
2026-04-15T13:43:56.590,-0.980,0,,0,0,0,0
2026-04-15T13:43:57.600,-0.995,0,,0,0,0,0
2026-04-15T13:43:58.590,-1.003,0,,0,0,0,0
2026-04-15T13:43:59.600,-1.007,0,,0,0,0,0
2026-04-15T13:44:00.600,-1.022,0,,0,0,0,0
2026-04-15T13:44:01.590,-1.020,0,,0,0,0,0
2026-04-15T13:44:02.600,-1.013,0,,0,0,0,0
2026-04-15T13:44:03.600,-1.036,0,,0,0,0,0
2026-04-15T13:44:04.590,-1.041,0,,0,0,0,0
2026-04-15T13:44:05.580,-1.062,0,Image_42.png,0,0,0,0
2026-04-15T13:44:06.910,-1.067,0,,0,0,0,0
2026-04-15T13:44:07.600,-1.062,0,,0,0,0,0
2026-04-15T13:44:08.600,-1.071,0,,0,0,0,0
2026-04-15T13:44:09.600,-1.077,0,,0,0,0,0
2026-04-15T13:44:10.590,-1.074,0,,0,0,0,0
2026-04-15T13:44:11.600,-1.102,0,,0,0,0,0
2026-04-15T13:44:12.600,-1.123,0,,0,0,0,0
2026-04-15T13:44:13.590,-1.125,0,,0,0,0,0
2026-04-15T13:44:14.600,-1.115,0,,0,0,0,0
2026-04-15T13:44:15.590,-1.113,0,,0,0,0,0
2026-04-15T13:44:16.600,-1.130,0,,0,0,0,0
2026-04-15T13:44:17.600,-1.131,0,,0,0,0,0
2026-04-15T13:44:18.600,-1.155,0,,0,0,0,0
2026-04-15T13:44:19.590,-1.170,0,,0,0,0,0
2026-04-15T13:44:20.600,-1.177,0,,0,0,0,0
2026-04-15T13:44:21.600,-1.183,0,,0,0,0,0
2026-04-15T13:44:22.590,-1.172,0,,0,0,0,0
2026-04-15T13:44:23.600,-1.172,0,,0,0,0,0
2026-04-15T13:44:24.600,-1.166,0,,0,0,0,0
2026-04-15T13:44:25.590,-1.179,0,,0,0,0,0
2026-04-15T13:44:26.600,-1.186,0,,0,0,0,0
2026-04-15T13:44:27.600,-1.203,0,,0,0,0,0
2026-04-15T13:44:28.600,-1.226,0,,0,0,0,0
2026-04-15T13:44:29.600,-1.226,0,,0,0,0,0
2026-04-15T13:44:30.600,-1.232,0,,0,0,0,0
2026-04-15T13:44:31.590,-1.226,0,,0,0,0,0
2026-04-15T13:44:32.600,-1.229,0,,0,0,0,0
2026-04-15T13:44:33.600,-1.235,0,,0,0,0,0
2026-04-15T13:44:34.590,-1.224,0,,0,0,0,0
2026-04-15T13:44:35.600,-1.251,0,,0,0,0,0
2026-04-15T13:44:36.600,-1.237,0,,0,0,0,0
2026-04-15T13:44:37.590,-1.235,0,,0,0,0,0
2026-04-15T13:44:38.590,-1.257,0,,0,0,0,0
2026-04-15T13:44:39.600,-1.259,0,,0,0,0,0
2026-04-15T13:44:40.590,-1.273,0,,0,0,0,0
2026-04-15T13:44:41.600,-1.281,0,,0,0,0,0
2026-04-15T13:44:42.600,-1.285,0,,0,0,0,0
2026-04-15T13:44:43.590,-1.311,0,,0,0,0,0
2026-04-15T13:44:44.600,-1.304,0,,0,0,0,0
2026-04-15T13:44:45.600,-1.290,0,,0,0,0,0
2026-04-15T13:44:46.600,-1.304,0,,0,0,0,0
2026-04-15T13:44:47.600,-1.303,0,,0,0,0,0
2026-04-15T13:44:48.600,-1.285,0,,0,0,0,0
2026-04-15T13:44:49.590,-1.309,0,,0,0,0,0
2026-04-15T13:44:50.590,-1.324,0,,0,0,0,0
2026-04-15T13:44:51.600,-1.313,0,,0,0,0,0
2026-04-15T13:44:52.590,-1.322,0,,0,0,0,0
2026-04-15T13:44:53.600,-1.319,0,,0,0,0,0
2026-04-15T13:44:54.600,-1.319,0,,0,0,0,0
2026-04-15T13:44:55.590,-1.337,0,,0,0,0,0
2026-04-15T13:44:56.600,-1.338,0,,0,0,0,0
2026-04-15T13:44:57.600,-1.355,0,,0,0,0,0
2026-04-15T13:44:58.590,-1.349,0,,0,0,0,0
2026-04-15T13:44:59.600,-1.362,0,,0,0,0,0
2026-04-15T13:45:00.600,-1.381,0,,0,0,0,0
2026-04-15T13:45:01.590,-1.382,0,,0,0,0,0
2026-04-15T13:45:02.600,-1.415,0,,0,0,0,0
2026-04-15T13:45:03.600,-1.395,0,,0,0,0,0
2026-04-15T13:45:04.590,-1.420,0,,0,0,0,0
2026-04-15T13:45:05.600,-1.408,0,Image_43.png,0,0,0,0
2026-04-15T13:45:06.930,-1.411,0,,0,0,0,0
2026-04-15T13:45:07.590,-1.409,0,,0,0,0,0
2026-04-15T13:45:08.590,-1.434,0,,0,0,0,0
2026-04-15T13:45:09.600,-1.452,0,,0,0,0,0
2026-04-15T13:45:10.590,-1.448,0,,0,0,0,0
2026-04-15T13:45:11.600,-1.447,0,,0,0,0,0
2026-04-15T13:45:12.600,-1.459,0,,0,0,0,0
2026-04-15T13:45:13.590,-1.460,0,,0,0,0,0
2026-04-15T13:45:14.600,-1.462,0,,0,0,0,0
2026-04-15T13:45:15.600,-1.500,0,,0,0,0,0
2026-04-15T13:45:16.590,-1.496,0,,0,0,0,0
2026-04-15T13:45:17.590,-1.498,0,,0,0,0,0
2026-04-15T13:45:18.600,-1.511,0,,0,0,0,0
2026-04-15T13:45:19.600,-1.514,0,,0,0,0,0
2026-04-15T13:45:20.600,-1.513,0,,0,0,0,0
2026-04-15T13:45:21.600,-1.513,0,,0,0,0,0
2026-04-15T13:45:22.590,-1.527,0,,0,0,0,0
2026-04-15T13:45:23.600,-1.535,0,,0,0,0,0
2026-04-15T13:45:24.600,-1.531,0,,0,0,0,0
2026-04-15T13:45:25.590,-1.528,0,,0,0,0,0
2026-04-15T13:45:26.600,-1.554,0,,0,0,0,0
2026-04-15T13:45:27.600,-1.548,0,,0,0,0,0
2026-04-15T13:45:28.590,-1.558,0,,0,0,0,0
2026-04-15T13:45:29.600,-1.554,0,,0,0,0,0
2026-04-15T13:45:30.600,-1.559,0,,0,0,0,0
2026-04-15T13:45:31.600,-1.567,0,,0,0,0,0
2026-04-15T13:45:32.600,-1.569,0,,0,0,0,0
2026-04-15T13:45:33.600,-1.585,0,,0,0,0,0
2026-04-15T13:45:34.600,-1.579,0,,0,0,0,0
2026-04-15T13:45:35.600,-1.585,0,,0,0,0,0
2026-04-15T13:45:36.600,-1.588,0,,0,0,0,0
2026-04-15T13:45:37.590,-1.581,0,,0,0,0,0
2026-04-15T13:45:38.600,-1.592,0,,0,0,0,0
2026-04-15T13:45:39.600,-1.599,0,,0,0,0,0
2026-04-15T13:45:40.590,-1.598,0,,0,0,0,0
2026-04-15T13:45:41.600,-1.605,0,,0,0,0,0
2026-04-15T13:45:42.600,-1.608,0,,0,0,0,0
2026-04-15T13:45:43.600,-1.615,0,,0,0,0,0
2026-04-15T13:45:44.600,-1.621,0,,0,0,0,0
2026-04-15T13:45:45.600,-1.614,0,,0,0,0,0
2026-04-15T13:45:46.590,-1.628,0,,0,0,0,0
2026-04-15T13:45:47.600,-1.644,0,,0,0,0,0
2026-04-15T13:45:48.600,-1.637,0,,0,0,0,0
2026-04-15T13:45:49.590,-1.640,0,,0,0,0,0
2026-04-15T13:45:50.600,-1.651,0,,0,0,0,0
2026-04-15T13:45:51.600,-1.651,0,,0,0,0,0
2026-04-15T13:45:52.600,-1.647,0,,0,0,0,0
2026-04-15T13:45:53.600,-1.649,0,,0,0,0,0
2026-04-15T13:45:54.600,-1.667,0,,0,0,0,0
2026-04-15T13:45:55.590,-1.660,0,,0,0,0,0
2026-04-15T13:45:56.600,-1.672,0,,0,0,0,0
2026-04-15T13:45:57.600,-1.678,0,,0,0,0,0
2026-04-15T13:45:58.590,-1.676,0,,0,0,0,0
2026-04-15T13:45:59.600,-1.678,0,,0,0,0,0
2026-04-15T13:46:00.600,-1.687,0,,0,0,0,0
2026-04-15T13:46:01.590,-1.678,0,,0,0,0,0
2026-04-15T13:46:02.600,-1.692,0,,0,0,0,0
2026-04-15T13:46:03.600,-1.710,0,,0,0,0,0
2026-04-15T13:46:04.590,-1.703,0,,0,0,0,0
2026-04-15T13:46:05.600,-1.707,0,,0,0,0,0
2026-04-15T13:46:06.600,-1.714,0,Image_44.png,0,0,0,0
2026-04-15T13:46:07.930,-1.702,0,,0,0,0,0
2026-04-15T13:46:08.590,-1.715,0,,0,0,0,0
2026-04-15T13:46:09.600,-1.710,0,,0,0,0,0
2026-04-15T13:46:10.590,-1.720,0,,0,0,0,0
2026-04-15T13:46:11.600,-1.722,0,,0,0,0,0
2026-04-15T13:46:12.600,-1.734,0,,0,0,0,0
2026-04-15T13:46:13.590,-1.742,0,,0,0,0,0
2026-04-15T13:46:14.600,-1.753,0,,0,0,0,0
2026-04-15T13:46:15.600,-1.758,0,,0,0,0,0
2026-04-15T13:46:16.590,-1.750,0,,0,0,0,0
2026-04-15T13:46:17.600,-1.774,0,,0,0,0,0
2026-04-15T13:46:18.600,-1.786,0,,0,0,0,0
2026-04-15T13:46:19.590,-1.806,0,,0,0,0,0
2026-04-15T13:46:20.600,-1.792,0,,0,0,0,0
2026-04-15T13:46:21.600,-1.777,0,,0,0,0,0
2026-04-15T13:46:22.590,-1.791,0,,0,0,0,0
2026-04-15T13:46:23.600,-1.791,0,,0,0,0,0
2026-04-15T13:46:24.600,-1.796,0,,0,0,0,0
2026-04-15T13:46:25.590,-1.804,0,,0,0,0,0
2026-04-15T13:46:26.600,-1.805,0,,0,0,0,0
2026-04-15T13:46:27.600,-1.817,0,,0,0,0,0
2026-04-15T13:46:28.590,-1.814,0,,0,0,0,0
2026-04-15T13:46:29.600,-1.804,0,,0,0,0,0
2026-04-15T13:46:30.600,-1.825,0,,0,0,0,0
2026-04-15T13:46:31.590,-1.834,0,,0,0,0,0
2026-04-15T13:46:32.600,-1.822,0,,0,0,0,0
2026-04-15T13:46:33.600,-1.840,0,,0,0,0,0
2026-04-15T13:46:34.590,-1.859,0,,0,0,0,0
2026-04-15T13:46:35.590,-1.845,0,,0,0,0,0
2026-04-15T13:46:36.600,-1.862,0,,0,0,0,0
2026-04-15T13:46:37.590,-1.874,0,,0,0,0,0
2026-04-15T13:46:38.600,-1.894,0,,0,0,0,0
2026-04-15T13:46:39.600,-1.890,0,,0,0,0,0
2026-04-15T13:46:40.600,-1.887,0,,0,0,0,0
2026-04-15T13:46:41.600,-1.877,0,,0,0,0,0
2026-04-15T13:46:42.600,-1.878,0,,0,0,0,0
2026-04-15T13:46:43.590,-1.903,0,,0,0,0,0
2026-04-15T13:46:44.600,-1.903,0,,0,0,0,0
2026-04-15T13:46:45.600,-1.928,0,,0,0,0,0
2026-04-15T13:46:46.590,-1.925,0,,0,0,0,0
2026-04-15T13:46:47.600,-1.942,0,,0,0,0,0
2026-04-15T13:46:48.600,-1.932,0,,0,0,0,0
2026-04-15T13:46:49.600,-1.936,0,,0,0,0,0
2026-04-15T13:46:50.600,-1.942,0,,0,0,0,0
2026-04-15T13:46:51.600,-1.932,0,,0,0,0,0
2026-04-15T13:46:52.590,-1.929,0,,0,0,0,0
2026-04-15T13:46:53.600,-1.941,0,,0,0,0,0
2026-04-15T13:46:54.600,-1.958,0,,0,0,0,0
2026-04-15T13:46:55.590,-1.958,0,,0,0,0,0
2026-04-15T13:46:56.600,-1.963,0,,0,0,0,0
2026-04-15T13:46:57.600,-1.954,0,,0,0,0,0
2026-04-15T13:46:58.590,-1.971,0,,0,0,0,0
2026-04-15T13:46:59.600,-1.977,0,,0,0,0,0
2026-04-15T13:47:00.600,-1.984,0,,0,0,0,0
2026-04-15T13:47:01.600,-1.986,0,,0,0,0,0
2026-04-15T13:47:02.600,-2.002,0,,0,0,0,0
2026-04-15T13:47:03.600,-1.999,0,,0,0,0,0
2026-04-15T13:47:04.850,-2.015,0,,0,0,0,0
2026-04-15T13:47:05.600,-2.018,0,,0,0,0,0
2026-04-15T13:47:06.600,-2.039,0,,0,0,0,0
2026-04-15T13:47:07.590,-2.034,0,Image_45.png,0,0,0,0
2026-04-15T13:47:08.900,-2.043,0,,0,0,0,0
2026-04-15T13:47:09.600,-2.047,0,,0,0,0,0
2026-04-15T13:47:10.590,-2.067,0,,0,0,0,0
2026-04-15T13:47:11.600,-2.068,0,,0,0,0,0
2026-04-15T13:47:12.600,-2.082,0,,0,0,0,0
2026-04-15T13:47:13.590,-2.074,0,,0,0,0,0
2026-04-15T13:47:14.600,-2.091,0,,0,0,0,0
2026-04-15T13:47:15.600,-2.093,0,,0,0,0,0
2026-04-15T13:47:16.590,-2.092,0,,0,0,0,0
2026-04-15T13:47:17.600,-2.106,0,,0,0,0,0
2026-04-15T13:47:18.600,-2.114,0,,0,0,0,0
2026-04-15T13:47:19.600,-2.121,0,,0,0,0,0
2026-04-15T13:47:20.600,-2.138,0,,0,0,0,0
2026-04-15T13:47:21.600,-2.159,0,,0,0,0,0
2026-04-15T13:47:22.590,-2.158,0,,0,0,0,0
2026-04-15T13:47:23.600,-2.178,0,,0,0,0,0
2026-04-15T13:47:24.600,-2.168,0,,0,0,0,0
2026-04-15T13:47:25.590,-2.150,0,,0,0,0,0
2026-04-15T13:47:26.590,-2.154,0,,0,0,0,0
2026-04-15T13:47:27.600,-2.163,0,,0,0,0,0
2026-04-15T13:47:28.590,-2.168,0,,0,0,0,0
2026-04-15T13:47:29.600,-2.171,0,,0,0,0,0
2026-04-15T13:47:30.600,-2.176,0,,0,0,0,0
2026-04-15T13:47:31.600,-2.165,0,,0,0,0,0
2026-04-15T13:47:32.600,-2.162,0,,0,0,0,0
2026-04-15T13:47:33.590,-2.189,0,,0,0,0,0
2026-04-15T13:47:34.630,-2.202,0,,0,0,0,0
2026-04-15T13:47:35.600,-2.213,0,,0,0,0,0
2026-04-15T13:47:36.600,-2.196,0,,0,0,0,0
2026-04-15T13:47:37.600,-2.208,0,,0,0,0,0
2026-04-15T13:47:38.590,-2.216,0,,0,0,0,0
2026-04-15T13:47:39.600,-2.233,0,,0,0,0,0
2026-04-15T13:47:40.590,-2.242,0,,0,0,0,0
2026-04-15T13:47:41.600,-2.226,0,,0,0,0,0
2026-04-15T13:47:42.600,-2.234,0,,0,0,0,0
2026-04-15T13:47:43.590,-2.214,0,,0,0,0,0
2026-04-15T13:47:44.600,-2.238,0,,0,0,0,0
2026-04-15T13:47:45.600,-2.246,0,,0,0,0,0
2026-04-15T13:47:46.590,-2.254,0,,0,0,0,0
2026-04-15T13:47:47.600,-2.245,0,,0,0,0,0
2026-04-15T13:47:48.600,-2.235,0,,0,0,0,0
2026-04-15T13:47:49.590,-2.246,0,,0,0,0,0
2026-04-15T13:47:50.600,-2.247,0,,0,0,0,0
2026-04-15T13:47:51.600,-2.254,0,,0,0,0,0
2026-04-15T13:47:52.590,-2.283,0,,0,0,0,0
2026-04-15T13:47:53.600,-2.295,0,,0,0,0,0
2026-04-15T13:47:54.600,-2.321,0,,0,0,0,0
2026-04-15T13:47:55.590,-2.330,0,,0,0,0,0
2026-04-15T13:47:56.590,-2.316,0,,0,0,0,0
2026-04-15T13:47:57.600,-2.315,0,,0,0,0,0
2026-04-15T13:47:58.600,-2.288,0,,0,0,0,0
2026-04-15T13:47:59.600,-2.322,0,,0,0,0,0
2026-04-15T13:48:00.600,-2.327,0,,0,0,0,0
2026-04-15T13:48:01.590,-2.342,0,,0,0,0,0
2026-04-15T13:48:02.600,-2.339,0,,0,0,0,0
2026-04-15T13:48:03.600,-2.351,0,,0,0,0,0
2026-04-15T13:48:04.590,-2.352,0,,0,0,0,0
2026-04-15T13:48:05.600,-2.369,0,,0,0,0,0
2026-04-15T13:48:06.600,-2.385,0,,0,0,0,0
2026-04-15T13:48:07.590,-2.397,0,,0,0,0,0
2026-04-15T13:48:08.590,-2.418,0,Image_46.png,0,0,0,0
2026-04-15T13:48:09.910,-2.417,0,,0,0,0,0
2026-04-15T13:48:10.590,-2.443,0,,0,0,0,0
2026-04-15T13:48:11.600,-2.434,0,,0,0,0,0
2026-04-15T13:48:12.600,-2.420,0,,0,0,0,0
2026-04-15T13:48:13.590,-2.404,0,,0,0,0,0
2026-04-15T13:48:14.600,-2.413,0,,0,0,0,0
2026-04-15T13:48:15.600,-2.409,0,,0,0,0,0
2026-04-15T13:48:16.600,-2.419,0,,0,0,0,0
2026-04-15T13:48:17.600,-2.420,0,,0,0,0,0
2026-04-15T13:48:18.590,-2.418,0,,0,0,0,0
2026-04-15T13:48:19.590,-2.434,0,,0,0,0,0
2026-04-15T13:48:20.600,-2.460,0,,0,0,0,0
2026-04-15T13:48:21.600,-2.448,0,,0,0,0,0
2026-04-15T13:48:22.590,-2.473,0,,0,0,0,0
2026-04-15T13:48:23.600,-2.475,0,,0,0,0,0
2026-04-15T13:48:24.600,-2.494,0,,0,0,0,0
2026-04-15T13:48:25.590,-2.490,0,,0,0,0,0
2026-04-15T13:48:26.600,-2.484,0,,0,0,0,0
2026-04-15T13:48:27.580,-2.470,0,,0,0,0,0
2026-04-15T13:48:28.590,-2.465,0,,0,0,0,0
2026-04-15T13:48:29.600,-2.498,0,,0,0,0,0
2026-04-15T13:48:30.600,-2.515,0,,0,0,0,0
2026-04-15T13:48:31.590,-2.538,0,,0,0,0,0
2026-04-15T13:48:32.600,-2.528,0,,0,0,0,0
2026-04-15T13:48:33.600,-2.532,0,,0,0,0,0
2026-04-15T13:48:34.600,-2.523,0,,0,0,0,0
2026-04-15T13:48:35.600,-2.534,0,,0,0,0,0
2026-04-15T13:48:36.600,-2.535,0,,0,0,0,0
2026-04-15T13:48:37.600,-2.536,0,,0,0,0,0
2026-04-15T13:48:39.010,-2.556,0,,0,0,0,0
2026-04-15T13:48:39.600,-2.573,0,,0,0,0,0
2026-04-15T13:48:40.590,-2.593,0,,0,0,0,0
2026-04-15T13:48:41.600,-2.579,0,,0,0,0,0
2026-04-15T13:48:42.600,-2.575,0,,0,0,0,0
2026-04-15T13:48:43.590,-2.588,0,,0,0,0,0
2026-04-15T13:48:44.600,-2.576,0,,0,0,0,0
2026-04-15T13:48:45.600,-2.583,0,,0,0,0,0
2026-04-15T13:48:46.590,-2.560,0,,0,0,0,0
2026-04-15T13:48:47.600,-2.584,0,,0,0,0,0
2026-04-15T13:48:48.600,-2.599,0,,0,0,0,0
2026-04-15T13:48:49.600,-2.628,0,,0,0,0,0
2026-04-15T13:48:50.600,-2.645,0,,0,0,0,0
2026-04-15T13:48:51.600,-2.630,0,,0,0,0,0
2026-04-15T13:48:52.590,-2.628,0,,0,0,0,0
2026-04-15T13:48:53.600,-2.647,0,,0,0,0,0
2026-04-15T13:48:54.600,-2.627,0,,0,0,0,0
2026-04-15T13:48:55.590,-2.656,0,,0,0,0,0
2026-04-15T13:48:56.600,-2.635,0,,0,0,0,0
2026-04-15T13:48:57.600,-2.611,0,,0,0,0,0
2026-04-15T13:48:58.590,-2.661,0,,0,0,0,0
2026-04-15T13:48:59.600,-2.665,0,,0,0,0,0
2026-04-15T13:49:00.600,-2.663,0,,0,0,0,0
2026-04-15T13:49:01.590,-2.687,0,,0,0,0,0
2026-04-15T13:49:02.600,-2.685,0,,0,0,0,0
2026-04-15T13:49:03.600,-2.672,0,,0,0,0,0
2026-04-15T13:49:04.600,-2.706,0,,0,0,0,0
2026-04-15T13:49:05.590,-2.696,0,,0,0,0,0
2026-04-15T13:49:06.600,-2.687,0,,0,0,0,0
2026-04-15T13:49:07.600,-2.716,0,,0,0,0,0
2026-04-15T13:49:08.600,-2.716,0,Image_47.png,0,0,0,0
2026-04-15T13:49:09.900,-2.721,0,,0,0,0,0
2026-04-15T13:49:10.590,-2.742,0,,0,0,0,0
2026-04-15T13:49:11.590,-2.750,0,,0,0,0,0
2026-04-15T13:49:12.600,-2.745,0,,0,0,0,0
2026-04-15T13:49:13.600,-2.764,0,,0,0,0,0
2026-04-15T13:49:14.600,-2.756,0,,0,0,0,0
2026-04-15T13:49:15.600,-2.779,0,,0,0,0,0
2026-04-15T13:49:16.590,-2.773,0,,0,0,0,0
2026-04-15T13:49:17.600,-2.766,0,,0,0,0,0
2026-04-15T13:49:19.250,-2.760,0,,0,0,0,0
2026-04-15T13:49:19.580,-2.766,0,,0,0,0,0
2026-04-15T13:49:20.600,-2.783,0,,0,0,0,0
2026-04-15T13:49:21.590,-2.779,0,,0,0,0,0
2026-04-15T13:49:22.600,-2.789,0,,0,0,0,0
2026-04-15T13:49:23.600,-2.787,0,,0,0,0,0
2026-04-15T13:49:25.530,-2.789,0,,0,0,0,0
2026-04-15T13:49:25.860,-2.770,0,,0,0,0,0
2026-04-15T13:49:26.590,-2.773,0,,0,0,0,0
2026-04-15T13:49:27.600,-2.801,0,,0,0,0,0
2026-04-15T13:49:28.590,-2.801,0,,0,0,0,0
2026-04-15T13:49:29.600,-2.819,0,,0,0,0,0
2026-04-15T13:49:30.600,-2.836,0,,0,0,0,0
2026-04-15T13:49:31.590,-2.842,0,,0,0,0,0
2026-04-15T13:49:32.600,-2.829,0,,0,0,0,0
2026-04-15T13:49:33.600,-2.841,0,,0,0,0,0
2026-04-15T13:49:34.600,-2.852,0,,0,0,0,0
2026-04-15T13:49:35.600,-2.862,0,,0,0,0,0
2026-04-15T13:49:36.600,-2.860,0,,0,0,0,0
2026-04-15T13:49:37.600,-2.854,0,,0,0,0,0
2026-04-15T13:49:38.600,-2.853,0,,0,0,0,0
2026-04-15T13:49:39.600,-2.856,0,,0,0,0,0
2026-04-15T13:49:40.590,-2.858,0,,0,0,0,0
2026-04-15T13:49:41.600,-2.875,0,,0,0,0,0
2026-04-15T13:49:42.600,-2.880,0,,0,0,0,0
2026-04-15T13:49:43.600,-2.882,0,,0,0,0,0
2026-04-15T13:49:44.600,-2.877,0,,0,0,0,0
2026-04-15T13:49:45.600,-2.897,0,,0,0,0,0
2026-04-15T13:49:46.590,-2.896,0,,0,0,0,0
2026-04-15T13:49:47.600,-2.916,0,,0,0,0,0
2026-04-15T13:49:48.600,-2.910,0,,0,0,0,0
2026-04-15T13:49:49.590,-2.918,0,,0,0,0,0
2026-04-15T13:49:50.600,-2.912,0,,0,0,0,0
2026-04-15T13:49:51.600,-2.909,0,,0,0,0,0
2026-04-15T13:49:52.590,-2.902,0,,0,0,0,0
2026-04-15T13:49:53.600,-2.919,0,,0,0,0,0
2026-04-15T13:49:54.600,-2.941,0,,0,0,0,0
2026-04-15T13:49:55.590,-2.954,0,,0,0,0,0
2026-04-15T13:49:56.600,-2.970,0,,0,0,0,0
2026-04-15T13:49:57.600,-2.976,0,,0,0,0,0
2026-04-15T13:49:58.600,-2.975,0,,0,0,0,0
2026-04-15T13:49:59.600,-2.980,0,,0,0,0,0
2026-04-15T13:50:00.600,-2.984,0,,0,0,0,0
2026-04-15T13:50:01.600,-2.978,0,,0,0,0,0
2026-04-15T13:50:02.600,-2.984,0,,0,0,0,0
2026-04-15T13:50:03.600,-2.981,0,,0,0,0,0
2026-04-15T13:50:04.590,-2.993,0,,0,0,0,0
2026-04-15T13:50:05.600,-3.015,0,,0,0,0,0
2026-04-15T13:50:06.600,-3.011,0,,0,0,0,0
2026-04-15T13:50:07.600,-3.013,0,,0,0,0,0
2026-04-15T13:50:08.600,-3.016,0,,0,0,0,0
2026-04-15T13:50:09.600,-3.026,0,Image_48.png,0,0,0,0
2026-04-15T13:50:10.900,-3.039,0,,0,0,0,0
2026-04-15T13:50:11.600,-3.038,0,,0,0,0,0
2026-04-15T13:50:12.600,-3.039,0,,0,0,0,0
2026-04-15T13:50:13.590,-3.050,0,,0,0,0,0
2026-04-15T13:50:14.600,-3.055,0,,0,0,0,0
2026-04-15T13:50:15.600,-3.059,0,,0,0,0,0
2026-04-15T13:50:16.590,-3.069,0,,0,0,0,0
2026-04-15T13:50:17.600,-3.081,0,,0,0,0,0
2026-04-15T13:50:18.600,-3.071,0,,0,0,0,0
2026-04-15T13:50:19.590,-3.088,0,,0,0,0,0
2026-04-15T13:50:20.600,-3.097,0,,0,0,0,0
2026-04-15T13:50:21.580,-3.114,0,,0,0,0,0
2026-04-15T13:50:22.590,-3.113,0,,0,0,0,0
2026-04-15T13:50:23.600,-3.120,0,,0,0,0,0
2026-04-15T13:50:24.600,-3.123,0,,0,0,0,0
2026-04-15T13:50:25.590,-3.128,0,,0,0,0,0
2026-04-15T13:50:26.740,-3.151,0,,0,0,0,0
2026-04-15T13:50:27.600,-3.140,0,,0,0,0,0
2026-04-15T13:50:28.590,-3.159,0,,0,0,0,0
2026-04-15T13:50:29.600,-3.144,0,,0,0,0,0
2026-04-15T13:50:30.600,-3.152,0,,0,0,0,0
2026-04-15T13:50:31.590,-3.160,0,,0,0,0,0
2026-04-15T13:50:32.600,-3.169,0,,0,0,0,0
2026-04-15T13:50:33.600,-3.184,0,,0,0,0,0
2026-04-15T13:50:34.590,-3.205,0,,0,0,0,0
2026-04-15T13:50:35.600,-3.201,0,,0,0,0,0
2026-04-15T13:50:36.580,-3.201,0,,0,0,0,0
2026-04-15T13:50:37.590,-3.202,0,,0,0,0,0
2026-04-15T13:50:38.590,-3.196,0,,0,0,0,0
2026-04-15T13:50:39.600,-3.202,0,,0,0,0,0
2026-04-15T13:50:40.590,-3.208,0,,0,0,0,0
2026-04-15T13:50:41.590,-3.208,0,,0,0,0,0
2026-04-15T13:50:42.600,-3.244,0,,0,0,0,0
2026-04-15T13:50:43.590,-3.244,0,,0,0,0,0
2026-04-15T13:50:44.600,-3.259,0,,0,0,0,0
2026-04-15T13:50:45.600,-3.255,0,,0,0,0,0
2026-04-15T13:50:46.590,-3.266,0,,0,0,0,0
2026-04-15T13:50:47.600,-3.278,0,,0,0,0,0
2026-04-15T13:50:48.600,-3.251,0,,0,0,0,0
2026-04-15T13:50:49.590,-3.274,0,,0,0,0,0
2026-04-15T13:50:50.600,-3.270,0,,0,0,0,0
2026-04-15T13:50:51.600,-3.277,0,,0,0,0,0
2026-04-15T13:50:52.600,-3.309,0,,0,0,0,0
2026-04-15T13:50:53.600,-3.297,0,,0,0,0,0
2026-04-15T13:50:54.600,-3.308,0,,0,0,0,0
2026-04-15T13:50:55.600,-3.324,0,,0,0,0,0
2026-04-15T13:50:56.590,-3.326,0,,0,0,0,0
2026-04-15T13:50:57.600,-3.331,0,,0,0,0,0
2026-04-15T13:50:58.590,-3.324,0,,0,0,0,0
2026-04-15T13:50:59.600,-3.336,0,,0,0,0,0
2026-04-15T13:51:00.600,-3.340,0,,0,0,0,0
2026-04-15T13:51:01.590,-3.341,0,,0,0,0,0
2026-04-15T13:51:02.600,-3.353,0,,0,0,0,0
2026-04-15T13:51:03.600,-3.353,0,,0,0,0,0
2026-04-15T13:51:04.590,-3.350,0,,0,0,0,0
2026-04-15T13:51:05.600,-3.376,0,,0,0,0,0
2026-04-15T13:51:06.600,-3.373,0,,0,0,0,0
2026-04-15T13:51:07.590,-3.376,0,,0,0,0,0
2026-04-15T13:51:08.600,-3.379,0,,0,0,0,0
2026-04-15T13:51:09.600,-3.381,0,,0,0,0,0
2026-04-15T13:51:10.600,-3.379,0,Image_49.png,0,0,0,0
2026-04-15T13:51:11.890,-3.376,0,,0,0,0,0
2026-04-15T13:51:12.600,-3.359,0,,0,0,0,0
2026-04-15T13:51:13.590,-3.355,0,,0,0,0,0
2026-04-15T13:51:14.600,-3.347,0,,0,0,0,0
2026-04-15T13:51:15.600,-3.366,0,,0,0,0,0
2026-04-15T13:51:16.590,-3.381,0,,0,0,0,0
2026-04-15T13:51:17.600,-3.418,0,,0,0,0,0
2026-04-15T13:51:18.600,-3.420,0,,0,0,0,0
2026-04-15T13:51:19.590,-3.429,0,,0,0,0,0
2026-04-15T13:51:20.600,-3.416,0,,0,0,0,0
2026-04-15T13:51:21.600,-3.401,0,,0,0,0,0
2026-04-15T13:51:22.600,-3.395,0,,0,0,0,0
2026-04-15T13:51:23.600,-3.403,0,,0,0,0,0
2026-04-15T13:51:24.600,-3.416,0,,0,0,0,0
2026-04-15T13:51:25.600,-3.439,0,,0,0,0,0
2026-04-15T13:51:26.600,-3.453,0,,0,0,0,0
2026-04-15T13:51:27.600,-3.462,0,,0,0,0,0
2026-04-15T13:51:28.600,-3.478,0,,0,0,0,0
2026-04-15T13:51:29.600,-3.481,0,,0,0,0,0
2026-04-15T13:51:30.600,-3.480,0,,0,0,0,0
2026-04-15T13:51:31.590,-3.460,0,,0,0,0,0
2026-04-15T13:51:32.600,-3.467,0,,0,0,0,0
2026-04-15T13:51:33.600,-3.473,0,,0,0,0,0
2026-04-15T13:51:34.590,-3.488,0,,0,0,0,0
2026-04-15T13:51:35.600,-3.505,0,,0,0,0,0
2026-04-15T13:51:36.600,-3.509,0,,0,0,0,0
2026-04-15T13:51:37.590,-3.501,0,,0,0,0,0
2026-04-15T13:51:38.600,-3.507,0,,0,0,0,0
2026-04-15T13:51:39.600,-3.503,0,,0,0,0,0
2026-04-15T13:51:40.590,-3.502,0,,0,0,0,0
2026-04-15T13:51:41.580,-3.524,0,,0,0,0,0
2026-04-15T13:51:42.600,-3.523,0,,0,0,0,0
2026-04-15T13:51:43.600,-3.532,0,,0,0,0,0
2026-04-15T13:51:44.600,-3.543,0,,0,0,0,0
2026-04-15T13:51:45.600,-3.534,0,,0,0,0,0
2026-04-15T13:51:46.590,-3.531,0,,0,0,0,0
2026-04-15T13:51:47.600,-3.538,0,,0,0,0,0
2026-04-15T13:51:48.600,-3.540,0,,0,0,0,0
2026-04-15T13:51:49.600,-3.543,0,,0,0,0,0
2026-04-15T13:51:50.600,-3.552,0,,0,0,0,0
2026-04-15T13:51:51.600,-3.556,0,,0,0,0,0
2026-04-15T13:51:52.590,-3.554,0,,0,0,0,0
2026-04-15T13:51:53.600,-3.558,0,,0,0,0,0
2026-04-15T13:51:54.600,-3.572,0,,0,0,0,0
2026-04-15T13:51:55.600,-3.567,0,,0,0,0,0
2026-04-15T13:51:56.600,-3.577,0,,0,0,0,0
2026-04-15T13:51:57.600,-3.590,0,,0,0,0,0
2026-04-15T13:51:58.590,-3.596,0,,0,0,0,0
2026-04-15T13:51:59.590,-3.602,0,,0,0,0,0
2026-04-15T13:52:00.620,-3.608,0,,0,0,0,0
2026-04-15T13:52:01.600,-3.604,0,,0,0,0,0
2026-04-15T13:52:02.600,-3.612,0,,0,0,0,0
2026-04-15T13:52:03.600,-3.612,0,,0,0,0,0
2026-04-15T13:52:04.600,-3.622,0,,0,0,0,0
2026-04-15T13:52:05.600,-3.627,0,,0,0,0,0
2026-04-15T13:52:06.600,-3.645,0,,0,0,0,0
2026-04-15T13:52:07.590,-3.639,0,,0,0,0,0
2026-04-15T13:52:08.600,-3.639,0,,0,0,0,0
2026-04-15T13:52:09.600,-3.644,0,,0,0,0,0
2026-04-15T13:52:10.600,-3.651,0,Image_50.png,0,0,0,0
2026-04-15T13:52:11.920,-3.659,0,,0,0,0,0
2026-04-15T13:52:12.600,-3.668,0,,0,0,0,0
2026-04-15T13:52:13.590,-3.673,0,,0,0,0,0
2026-04-15T13:52:14.590,-3.678,0,,0,0,0,0
2026-04-15T13:52:15.600,-3.676,0,,0,0,0,0
2026-04-15T13:52:16.600,-3.693,0,,0,0,0,0
2026-04-15T13:52:17.590,-3.684,0,,0,0,0,0
2026-04-15T13:52:18.600,-3.697,0,,0,0,0,0
2026-04-15T13:52:19.590,-3.699,0,,0,0,0,0
2026-04-15T13:52:20.600,-3.705,0,,0,0,0,0
2026-04-15T13:52:21.600,-3.694,0,,0,0,0,0
2026-04-15T13:52:22.590,-3.711,0,,0,0,0,0
2026-04-15T13:52:23.600,-3.721,0,,0,0,0,0
2026-04-15T13:52:24.600,-3.732,0,,0,0,0,0
2026-04-15T13:52:25.590,-3.745,0,,0,0,0,0
2026-04-15T13:52:26.590,-3.753,0,,0,0,0,0
2026-04-15T13:52:27.600,-3.753,0,,0,0,0,0
2026-04-15T13:52:28.590,-3.769,0,,0,0,0,0
2026-04-15T13:52:29.590,-3.776,0,,0,0,0,0
2026-04-15T13:52:30.600,-3.753,0,,0,0,0,0
2026-04-15T13:52:31.590,-3.797,0,,0,0,0,0
2026-04-15T13:52:32.600,-3.782,0,,0,0,0,0
2026-04-15T13:52:33.600,-3.788,0,,0,0,0,0
2026-04-15T13:52:34.590,-3.819,0,,0,0,0,0
2026-04-15T13:52:35.600,-3.829,0,,0,0,0,0
2026-04-15T13:52:36.600,-3.852,0,,0,0,0,0
2026-04-15T13:52:37.600,-3.859,0,,0,0,0,0
2026-04-15T13:52:38.600,-3.857,0,,0,0,0,0
2026-04-15T13:52:39.590,-3.870,0,,0,0,0,0
2026-04-15T13:52:40.590,-3.858,0,,0,0,0,0
2026-04-15T13:52:41.600,-3.878,0,,0,0,0,0
2026-04-15T13:52:42.600,-3.878,0,,0,0,0,0
2026-04-15T13:52:43.590,-3.887,0,,0,0,0,0
2026-04-15T13:52:44.600,-3.904,0,,0,0,0,0
2026-04-15T13:52:45.600,-3.898,0,,0,0,0,0
2026-04-15T13:52:46.590,-3.904,0,,0,0,0,0
2026-04-15T13:52:47.600,-3.905,0,,0,0,0,0
2026-04-15T13:52:48.600,-3.905,0,,0,0,0,0
2026-04-15T13:52:49.590,-3.915,0,,0,0,0,0
2026-04-15T13:52:50.610,-3.918,0,,0,0,0,0
2026-04-15T13:52:51.600,-3.926,0,,0,0,0,0
2026-04-15T13:52:52.590,-3.913,0,,0,0,0,0
2026-04-15T13:52:53.600,-3.925,0,,0,0,0,0
2026-04-15T13:52:54.600,-3.936,0,,0,0,0,0
2026-04-15T13:52:55.590,-3.942,0,,0,0,0,0
2026-04-15T13:52:56.600,-3.956,0,,0,0,0,0
2026-04-15T13:52:57.600,-3.955,0,,0,0,0,0
2026-04-15T13:52:58.590,-3.960,0,,0,0,0,0
2026-04-15T13:52:59.600,-3.959,0,,0,0,0,0
2026-04-15T13:53:00.600,-3.957,0,,0,0,0,0
2026-04-15T13:53:01.590,-3.969,0,,0,0,0,0
2026-04-15T13:53:02.600,-3.971,0,,0,0,0,0
2026-04-15T13:53:03.600,-3.974,0,,0,0,0,0
2026-04-15T13:53:04.600,-4.004,0,,0,0,0,0
2026-04-15T13:53:05.600,-4.009,0,,0,0,0,0
2026-04-15T13:53:06.600,-4.006,0,,0,0,0,0
2026-04-15T13:53:07.590,-3.991,0,,0,0,0,0
2026-04-15T13:53:08.600,-3.987,0,,0,0,0,0
2026-04-15T13:53:09.600,-4.011,0,,0,0,0,0
2026-04-15T13:53:10.590,-4.003,0,,0,0,0,0
2026-04-15T13:53:11.600,-4.006,0,Image_51.png,0,0,0,0
2026-04-15T13:53:12.900,-4.001,0,,0,0,0,0
2026-04-15T13:53:13.600,-3.999,0,,0,0,0,0
2026-04-15T13:53:14.590,-3.998,0,,0,0,0,0
2026-04-15T13:53:15.600,-4.025,0,,0,0,0,0
2026-04-15T13:53:16.590,-4.045,0,,0,0,0,0
2026-04-15T13:53:17.600,-4.053,0,,0,0,0,0
2026-04-15T13:53:18.600,-4.072,0,,0,0,0,0
2026-04-15T13:53:19.590,-4.044,0,,0,0,0,0
2026-04-15T13:53:20.600,-4.035,0,,0,0,0,0
2026-04-15T13:53:21.600,-4.055,0,,0,0,0,0
2026-04-15T13:53:22.590,-4.081,0,,0,0,0,0
2026-04-15T13:53:23.600,-4.075,0,,0,0,0,0
2026-04-15T13:53:24.600,-4.074,0,,0,0,0,0
2026-04-15T13:53:25.600,-4.064,0,,0,0,0,0
2026-04-15T13:53:26.600,-4.063,0,,0,0,0,0
2026-04-15T13:53:27.590,-4.079,0,,0,0,0,0
2026-04-15T13:53:28.600,-4.091,0,,0,0,0,0
2026-04-15T13:53:29.590,-4.084,0,,0,0,0,0
2026-04-15T13:53:30.600,-4.101,0,,0,0,0,0
2026-04-15T13:53:31.600,-4.122,0,,0,0,0,0
2026-04-15T13:53:32.640,-4.123,0,,0,0,0,0
2026-04-15T13:53:33.600,-4.126,0,,0,0,0,0
2026-04-15T13:53:34.600,-4.125,0,,0,0,0,0
2026-04-15T13:53:35.600,-4.113,0,,0,0,0,0
2026-04-15T13:53:36.600,-4.097,0,,0,0,0,0
2026-04-15T13:53:37.590,-4.109,0,,0,0,0,0
2026-04-15T13:53:38.600,-4.119,0,,0,0,0,0
2026-04-15T13:53:39.580,-4.123,0,,0,0,0,0
2026-04-15T13:53:40.590,-4.124,0,,0,0,0,0
2026-04-15T13:53:41.600,-4.131,0,,0,0,0,0
2026-04-15T13:53:42.600,-4.126,0,,0,0,0,0
2026-04-15T13:53:43.600,-4.142,0,,0,0,0,0
2026-04-15T13:53:44.620,-4.145,0,,0,0,0,0
2026-04-15T13:53:45.600,-4.169,0,,0,0,0,0
2026-04-15T13:53:46.590,-4.164,0,,0,0,0,0
2026-04-15T13:53:47.600,-4.179,0,,0,0,0,0
2026-04-15T13:53:48.590,-4.178,0,,0,0,0,0
2026-04-15T13:53:49.590,-4.206,0,,0,0,0,0
2026-04-15T13:53:50.600,-4.211,0,,0,0,0,0
2026-04-15T13:53:51.600,-4.214,0,,0,0,0,0
2026-04-15T13:53:52.600,-4.219,0,,0,0,0,0
2026-04-15T13:53:53.600,-4.211,0,,0,0,0,0
2026-04-15T13:53:54.590,-4.229,0,,0,0,0,0
2026-04-15T13:53:55.590,-4.237,0,,0,0,0,0
2026-04-15T13:53:56.720,-4.233,0,,0,0,0,0
2026-04-15T13:53:57.590,-4.254,0,,0,0,0,0
2026-04-15T13:53:58.590,-4.242,0,,0,0,0,0
2026-04-15T13:53:59.600,-4.243,0,,0,0,0,0
2026-04-15T13:54:00.600,-4.222,0,,0,0,0,0
2026-04-15T13:54:01.600,-4.230,0,,0,0,0,0
2026-04-15T13:54:02.960,-4.266,0,,0,0,0,0
2026-04-15T13:54:03.600,-4.265,0,,0,0,0,0
2026-04-15T13:54:04.590,-4.291,0,,0,0,0,0
2026-04-15T13:54:05.600,-4.304,0,,0,0,0,0
2026-04-15T13:54:06.600,-4.300,0,,0,0,0,0
2026-04-15T13:54:07.590,-4.283,0,,0,0,0,0
2026-04-15T13:54:08.600,-4.276,0,,0,0,0,0
2026-04-15T13:54:09.600,-4.278,0,,0,0,0,0
2026-04-15T13:54:10.590,-4.282,0,,0,0,0,0
2026-04-15T13:54:11.600,-4.304,0,,0,0,0,0
2026-04-15T13:54:12.590,-4.324,0,Image_52.png,0,0,0,0
2026-04-15T13:54:13.900,-4.306,0,,0,0,0,0
2026-04-15T13:54:14.590,-4.312,0,,0,0,0,0
2026-04-15T13:54:15.600,-4.325,0,,0,0,0,0
2026-04-15T13:54:16.590,-4.320,0,,0,0,0,0
2026-04-15T13:54:17.600,-4.340,0,,0,0,0,0
2026-04-15T13:54:18.600,-4.350,0,,0,0,0,0
2026-04-15T13:54:19.600,-4.330,0,,0,0,0,0
2026-04-15T13:54:20.600,-4.340,0,,0,0,0,0
2026-04-15T13:54:21.600,-4.339,0,,0,0,0,0
2026-04-15T13:54:22.590,-4.326,0,,0,0,0,0
2026-04-15T13:54:23.600,-4.339,0,,0,0,0,0
2026-04-15T13:54:24.600,-4.352,0,,0,0,0,0
2026-04-15T13:54:25.590,-4.355,0,,0,0,0,0
2026-04-15T13:54:26.600,-4.378,0,,0,0,0,0
2026-04-15T13:54:27.600,-4.392,0,,0,0,0,0
2026-04-15T13:54:28.600,-4.387,0,,0,0,0,0
2026-04-15T13:54:29.580,-4.406,0,,0,0,0,0
2026-04-15T13:54:30.600,-4.386,0,,0,0,0,0
2026-04-15T13:54:31.590,-4.391,0,,0,0,0,0
2026-04-15T13:54:32.590,-4.408,0,,0,0,0,0
2026-04-15T13:54:33.600,-4.407,0,,0,0,0,0
2026-04-15T13:54:34.590,-4.419,0,,0,0,0,0
2026-04-15T13:54:35.600,-4.423,0,,0,0,0,0
2026-04-15T13:54:36.600,-4.431,0,,0,0,0,0
2026-04-15T13:54:37.590,-4.432,0,,0,0,0,0
2026-04-15T13:54:38.600,-4.447,0,,0,0,0,0
2026-04-15T13:54:39.590,-4.454,0,,0,0,0,0
2026-04-15T13:54:40.600,-4.454,0,,0,0,0,0
2026-04-15T13:54:41.600,-4.428,0,,0,0,0,0
2026-04-15T13:54:42.600,-4.437,0,,0,0,0,0
2026-04-15T13:54:43.590,-4.460,0,,0,0,0,0
2026-04-15T13:54:44.800,-4.488,0,,0,0,0,0
2026-04-15T13:54:45.600,-4.489,0,,0,0,0,0
2026-04-15T13:54:46.590,-4.474,0,,0,0,0,0
2026-04-15T13:54:47.600,-4.479,0,,0,0,0,0
2026-04-15T13:54:48.600,-4.467,0,,0,0,0,0
2026-04-15T13:54:49.600,-4.477,0,,0,0,0,0
2026-04-15T13:54:50.600,-4.497,0,,0,0,0,0
2026-04-15T13:54:51.600,-4.487,0,,0,0,0,0
2026-04-15T13:54:52.590,-4.480,0,,0,0,0,0
2026-04-15T13:54:53.600,-4.503,0,,0,0,0,0
2026-04-15T13:54:54.600,-4.509,0,,0,0,0,0
2026-04-15T13:54:55.600,-4.517,0,,0,0,0,0
2026-04-15T13:54:56.600,-4.523,0,,0,0,0,0
2026-04-15T13:54:57.600,-4.551,0,,0,0,0,0
2026-04-15T13:54:58.590,-4.536,0,,0,0,0,0
2026-04-15T13:54:59.600,-4.519,0,,0,0,0,0
2026-04-15T13:55:00.600,-4.531,0,,0,0,0,0
2026-04-15T13:55:01.590,-4.530,0,,0,0,0,0
2026-04-15T13:55:02.600,-4.535,0,,0,0,0,0
2026-04-15T13:55:03.600,-4.553,0,,0,0,0,0
2026-04-15T13:55:04.830,-4.561,0,,0,0,0,0
2026-04-15T13:55:05.600,-4.569,0,,0,0,0,0
2026-04-15T13:55:06.600,-4.557,0,,0,0,0,0
2026-04-15T13:55:07.590,-4.553,0,,0,0,0,0
2026-04-15T13:55:08.600,-4.561,0,,0,0,0,0
2026-04-15T13:55:09.600,-4.575,0,,0,0,0,0
2026-04-15T13:55:10.600,-4.597,0,,0,0,0,0
2026-04-15T13:55:11.600,-4.604,0,,0,0,0,0
2026-04-15T13:55:12.600,-4.610,0,,0,0,0,0
2026-04-15T13:55:13.590,-4.607,0,Image_53.png,0,0,0,0
2026-04-15T13:55:14.910,-4.592,0,,0,0,0,0
2026-04-15T13:55:15.600,-4.621,0,,0,0,0,0
2026-04-15T13:55:16.590,-4.636,0,,0,0,0,0
2026-04-15T13:55:17.600,-4.627,0,,0,0,0,0
2026-04-15T13:55:18.600,-4.649,0,,0,0,0,0
2026-04-15T13:55:19.590,-4.637,0,,0,0,0,0
2026-04-15T13:55:20.600,-4.636,0,,0,0,0,0
2026-04-15T13:55:21.600,-4.641,0,,0,0,0,0
2026-04-15T13:55:22.590,-4.657,0,,0,0,0,0
2026-04-15T13:55:23.600,-4.674,0,,0,0,0,0
2026-04-15T13:55:24.600,-4.656,0,,0,0,0,0
2026-04-15T13:55:25.590,-4.661,0,,0,0,0,0
2026-04-15T13:55:26.600,-4.659,0,,0,0,0,0
2026-04-15T13:55:27.600,-4.645,0,,0,0,0,0
2026-04-15T13:55:29.090,-4.670,0,,0,0,0,0
2026-04-15T13:55:29.600,-4.667,0,,0,0,0,0
2026-04-15T13:55:30.600,-4.687,0,,0,0,0,0
2026-04-15T13:55:31.600,-4.683,0,,0,0,0,0
2026-04-15T13:55:32.600,-4.667,0,,0,0,0,0
2026-04-15T13:55:33.600,-4.683,0,,0,0,0,0
2026-04-15T13:55:34.590,-4.717,0,,0,0,0,0
2026-04-15T13:55:35.600,-4.730,0,,0,0,0,0
2026-04-15T13:55:36.600,-4.750,0,,0,0,0,0
2026-04-15T13:55:37.590,-4.765,0,,0,0,0,0
2026-04-15T13:55:38.660,-4.731,0,,0,0,0,0
2026-04-15T13:55:39.600,-4.738,0,,0,0,0,0
2026-04-15T13:55:40.600,-4.728,0,,0,0,0,0
2026-04-15T13:55:41.600,-4.732,0,,0,0,0,0
2026-04-15T13:55:42.600,-4.745,0,,0,0,0,0
2026-04-15T13:55:43.590,-4.757,0,,0,0,0,0
2026-04-15T13:55:44.600,-4.740,0,,0,0,0,0
2026-04-15T13:55:45.600,-4.769,0,,0,0,0,0
2026-04-15T13:55:46.600,-4.755,0,,0,0,0,0
2026-04-15T13:55:47.590,-4.751,0,,0,0,0,0
2026-04-15T13:55:48.600,-4.760,0,,0,0,0,0
2026-04-15T13:55:49.590,-4.758,0,,0,0,0,0
2026-04-15T13:55:50.600,-4.787,0,,0,0,0,0
2026-04-15T13:55:51.600,-4.807,0,,0,0,0,0
2026-04-15T13:55:52.590,-4.802,0,,0,0,0,0
2026-04-15T13:55:53.600,-4.789,0,,0,0,0,0
2026-04-15T13:55:54.600,-4.790,0,,0,0,0,0
2026-04-15T13:55:55.590,-4.760,0,,0,0,0,0
2026-04-15T13:55:56.600,-4.803,0,,0,0,0,0
2026-04-15T13:55:57.600,-4.814,0,,0,0,0,0
2026-04-15T13:55:58.640,-4.818,0,,0,0,0,0
2026-04-15T13:55:59.600,-4.838,0,,0,0,0,0
2026-04-15T13:56:00.600,-4.834,0,,0,0,0,0
2026-04-15T13:56:01.590,-4.827,0,,0,0,0,0
2026-04-15T13:56:02.600,-4.832,0,,0,0,0,0
2026-04-15T13:56:03.600,-4.823,0,,0,0,0,0
2026-04-15T13:56:04.600,-4.841,0,,0,0,0,0
2026-04-15T13:56:05.600,-4.843,0,,0,0,0,0
2026-04-15T13:56:06.600,-4.841,0,,0,0,0,0
2026-04-15T13:56:07.590,-4.856,0,,0,0,0,0
2026-04-15T13:56:08.920,-4.849,0,,0,0,0,0
2026-04-15T13:56:09.600,-4.845,0,,0,0,0,0
2026-04-15T13:56:10.600,-4.868,0,,0,0,0,0
2026-04-15T13:56:11.600,-4.875,0,,0,0,0,0
2026-04-15T13:56:12.600,-4.894,0,,0,0,0,0
2026-04-15T13:56:13.590,-4.922,0,,0,0,0,0
2026-04-15T13:56:14.590,-4.909,0,Image_54.png,0,0,0,0
2026-04-15T13:56:15.900,-4.915,0,,0,0,0,0
2026-04-15T13:56:16.590,-4.904,0,,0,0,0,0
2026-04-15T13:56:17.600,-4.889,0,,0,0,0,0
2026-04-15T13:56:18.600,-4.912,0,,0,0,0,0
2026-04-15T13:56:19.590,-4.907,0,,0,0,0,0
2026-04-15T13:56:20.600,-4.925,0,,0,0,0,0
2026-04-15T13:56:21.600,-4.945,0,,0,0,0,0
2026-04-15T13:56:22.590,-4.925,0,,0,0,0,0
2026-04-15T13:56:23.600,-4.910,0,,0,0,0,0
2026-04-15T13:56:24.760,-4.942,0,,0,0,0,0
2026-04-15T13:56:25.590,-4.949,0,,0,0,0,0
2026-04-15T13:56:26.600,-4.982,0,,0,0,0,0
2026-04-15T13:56:27.600,-4.995,0,,0,0,0,0
2026-04-15T13:56:28.620,-5.003,0,,0,0,0,0
2026-04-15T13:56:29.600,-5.002,0,,0,0,0,0
2026-04-15T13:56:30.600,-4.989,0,,0,0,0,0
2026-04-15T13:56:31.600,-4.982,0,,0,0,0,0
2026-04-15T13:56:32.600,-4.961,0,,0,0,0,0
2026-04-15T13:56:33.600,-4.967,0,,0,0,0,0
2026-04-15T13:56:34.640,-4.972,0,,0,0,0,0
2026-04-15T13:56:35.600,-4.998,0,,0,0,0,0
2026-04-15T13:56:36.670,-5.026,0,,0,0,0,0
2026-04-15T13:56:37.590,-5.047,0,,0,0,0,0
2026-04-15T13:56:38.600,-5.052,0,,0,0,0,0
2026-04-15T13:56:39.600,-5.052,0,,0,0,0,0
2026-04-15T13:56:40.600,-5.068,0,,0,0,0,0
2026-04-15T13:56:41.600,-5.068,0,,0,0,0,0
2026-04-15T13:56:42.600,-5.050,0,,0,0,0,0
2026-04-15T13:56:43.600,-5.071,0,,0,0,0,0
2026-04-15T13:56:44.910,-5.062,0,,0,0,0,0
2026-04-15T13:56:45.600,-5.071,0,,0,0,0,0
2026-04-15T13:56:46.600,-5.106,0,,0,0,0,0
2026-04-15T13:56:47.600,-5.104,0,,0,0,0,0
2026-04-15T13:56:48.600,-5.115,0,,0,0,0,0
2026-04-15T13:56:49.590,-5.118,0,,0,0,0,0
2026-04-15T13:56:50.600,-5.120,0,,0,0,0,0
2026-04-15T13:56:51.600,-5.124,0,,0,0,0,0
2026-04-15T13:56:52.620,-5.105,0,,0,0,0,0
2026-04-15T13:56:53.610,-5.141,0,,0,0,0,0
2026-04-15T13:56:54.580,-5.126,0,,0,0,0,0
2026-04-15T13:56:55.590,-5.117,0,,0,0,0,0
2026-04-15T13:56:56.600,-5.127,0,,0,0,0,0
2026-04-15T13:56:57.580,-5.117,0,,0,0,0,0
2026-04-15T13:56:58.590,-5.134,0,,0,0,0,0
2026-04-15T13:56:59.580,-5.142,0,,0,0,0,0
2026-04-15T13:57:00.600,-5.138,0,,0,0,0,0
2026-04-15T13:57:01.600,-5.164,0,,0,0,0,0
2026-04-15T13:57:02.590,-5.149,0,,0,0,0,0
2026-04-15T13:57:03.600,-5.175,0,,0,0,0,0
2026-04-15T13:57:04.590,-5.174,0,,0,0,0,0
2026-04-15T13:57:05.600,-5.185,0,,0,0,0,0
2026-04-15T13:57:06.600,-5.199,0,,0,0,0,0
2026-04-15T13:57:07.590,-5.198,0,,0,0,0,0
2026-04-15T13:57:08.600,-5.221,0,,0,0,0,0
2026-04-15T13:57:09.600,-5.198,0,,0,0,0,0
2026-04-15T13:57:10.900,-5.193,0,,0,0,0,0
2026-04-15T13:57:11.600,-5.199,0,,0,0,0,0
2026-04-15T13:57:12.600,-5.206,0,,0,0,0,0
2026-04-15T13:57:13.590,-5.204,0,,0,0,0,0
2026-04-15T13:57:14.600,-5.212,0,Image_55.png,0,0,0,0
2026-04-15T13:57:15.900,-5.213,0,,0,0,0,0
2026-04-15T13:57:16.600,-5.253,0,,0,0,0,0
2026-04-15T13:57:17.590,-5.253,0,,0,0,0,0
2026-04-15T13:57:18.600,-5.254,0,,0,0,0,0
2026-04-15T13:57:19.600,-5.275,0,,0,0,0,0
2026-04-15T13:57:20.600,-5.283,0,,0,0,0,0
2026-04-15T13:57:21.600,-5.276,0,,0,0,0,0
2026-04-15T13:57:22.590,-5.293,0,,0,0,0,0
2026-04-15T13:57:23.590,-5.288,0,,0,0,0,0
2026-04-15T13:57:24.600,-5.267,0,,0,0,0,0
2026-04-15T13:57:25.580,-5.282,0,,0,0,0,0
2026-04-15T13:57:26.580,-5.292,0,,0,0,0,0
2026-04-15T13:57:27.600,-5.313,0,,0,0,0,0
2026-04-15T13:57:28.590,-5.315,0,,0,0,0,0
2026-04-15T13:57:29.600,-5.311,0,,0,0,0,0
2026-04-15T13:57:30.600,-5.307,0,,0,0,0,0
2026-04-15T13:57:31.600,-5.293,0,,0,0,0,0
2026-04-15T13:57:32.580,-5.294,0,,0,0,0,0
2026-04-15T13:57:33.600,-5.325,0,,0,0,0,0
2026-04-15T13:57:34.590,-5.333,0,,0,0,0,0
2026-04-15T13:57:35.600,-5.346,0,,0,0,0,0
2026-04-15T13:57:36.600,-5.350,0,,0,0,0,0
2026-04-15T13:57:37.600,-5.335,0,,0,0,0,0
2026-04-15T13:57:38.600,-5.355,0,,0,0,0,0
2026-04-15T13:57:39.600,-5.361,0,,0,0,0,0
2026-04-15T13:57:40.600,-5.364,0,,0,0,0,0
2026-04-15T13:57:41.600,-5.372,0,,0,0,0,0
2026-04-15T13:57:42.810,-5.360,0,,0,0,0,0
2026-04-15T13:57:43.590,-5.369,0,,0,0,0,0
2026-04-15T13:57:44.600,-5.348,0,,0,0,0,0
2026-04-15T13:57:45.600,-5.377,0,,0,0,0,0
2026-04-15T13:57:46.590,-5.369,0,,0,0,0,0
2026-04-15T13:57:47.600,-5.372,0,,0,0,0,0
2026-04-15T13:57:48.600,-5.379,0,,0,0,0,0
2026-04-15T13:57:49.590,-5.387,0,,0,0,0,0
2026-04-15T13:57:50.750,-5.414,0,,0,0,0,0
2026-04-15T13:57:51.600,-5.404,0,,0,0,0,0
2026-04-15T13:57:52.590,-5.415,0,,0,0,0,0
2026-04-15T13:57:53.600,-5.419,0,,0,0,0,0
2026-04-15T13:57:54.600,-5.420,0,,0,0,0,0
2026-04-15T13:57:55.590,-5.431,0,,0,0,0,0
2026-04-15T13:57:56.640,-5.435,0,,0,0,0,0
2026-04-15T13:57:57.600,-5.446,0,,0,0,0,0
2026-04-15T13:57:58.590,-5.456,0,,0,0,0,0
2026-04-15T13:57:59.600,-5.451,0,,0,0,0,0
2026-04-15T13:58:00.600,-5.461,0,,0,0,0,0
2026-04-15T13:58:01.600,-5.475,0,,0,0,0,0
2026-04-15T13:58:02.600,-5.479,0,,0,0,0,0
2026-04-15T13:58:03.600,-5.474,0,,0,0,0,0
2026-04-15T13:58:04.590,-5.485,0,,0,0,0,0
2026-04-15T13:58:05.600,-5.472,0,,0,0,0,0
2026-04-15T13:58:06.620,-5.474,0,,0,0,0,0
2026-04-15T13:58:07.600,-5.481,0,,0,0,0,0
2026-04-15T13:58:08.600,-5.499,0,,0,0,0,0
2026-04-15T13:58:09.600,-5.502,0,,0,0,0,0
2026-04-15T13:58:10.600,-5.505,0,,0,0,0,0
2026-04-15T13:58:11.600,-5.505,0,,0,0,0,0
2026-04-15T13:58:12.600,-5.503,0,,0,0,0,0
2026-04-15T13:58:13.600,-5.506,0,,0,0,0,0
2026-04-15T13:58:14.600,-5.543,0,Image_56.png,0,0,0,0
2026-04-15T13:58:15.920,-5.546,0,,0,0,0,0
2026-04-15T13:58:16.580,-5.553,0,,0,0,0,0
2026-04-15T13:58:17.600,-5.556,0,,0,0,0,0
2026-04-15T13:58:18.600,-5.537,0,,0,0,0,0
2026-04-15T13:58:19.600,-5.548,0,,0,0,0,0
2026-04-15T13:58:20.590,-5.547,0,,0,0,0,0
2026-04-15T13:58:21.600,-5.564,0,,0,0,0,0
2026-04-15T13:58:22.590,-5.566,0,,0,0,0,0
2026-04-15T13:58:23.600,-5.570,0,,0,0,0,0
2026-04-15T13:58:24.600,-5.575,0,,0,0,0,0
2026-04-15T13:58:25.600,-5.584,0,,0,0,0,0
2026-04-15T13:58:26.810,-5.587,0,,0,0,0,0
2026-04-15T13:58:27.590,-5.577,0,,0,0,0,0
2026-04-15T13:58:28.600,-5.587,0,,0,0,0,0
2026-04-15T13:58:29.600,-5.600,0,,0,0,0,0
2026-04-15T13:58:30.630,-5.612,0,,0,0,0,0
2026-04-15T13:58:31.600,-5.612,0,,0,0,0,0
2026-04-15T13:58:32.590,-5.617,0,,0,0,0,0
2026-04-15T13:58:33.600,-5.609,0,,0,0,0,0
2026-04-15T13:58:34.590,-5.615,0,,0,0,0,0
2026-04-15T13:58:35.600,-5.632,0,,0,0,0,0
2026-04-15T13:58:36.600,-5.654,0,,0,0,0,0
2026-04-15T13:58:37.590,-5.665,0,,0,0,0,0
2026-04-15T13:58:38.600,-5.671,0,,0,0,0,0
2026-04-15T13:58:39.600,-5.667,0,,0,0,0,0
2026-04-15T13:58:40.590,-5.672,0,,0,0,0,0
2026-04-15T13:58:41.600,-5.660,0,,0,0,0,0
2026-04-15T13:58:42.690,-5.666,0,,0,0,0,0
2026-04-15T13:58:43.600,-5.672,0,,0,0,0,0
2026-04-15T13:58:44.600,-5.681,0,,0,0,0,0
2026-04-15T13:58:45.600,-5.680,0,,0,0,0,0
2026-04-15T13:58:46.600,-5.680,0,,0,0,0,0
2026-04-15T13:58:47.590,-5.685,0,,0,0,0,0
2026-04-15T13:58:48.600,-5.693,0,,0,0,0,0
2026-04-15T13:58:49.600,-5.705,0,,0,0,0,0
2026-04-15T13:58:50.590,-5.701,0,,0,0,0,0
2026-04-15T13:58:51.600,-5.694,0,,0,0,0,0
2026-04-15T13:58:52.590,-5.714,0,,0,0,0,0
2026-04-15T13:58:53.600,-5.705,0,,0,0,0,0
2026-04-15T13:58:54.600,-5.723,0,,0,0,0,0
2026-04-15T13:58:55.590,-5.708,0,,0,0,0,0
2026-04-15T13:58:56.600,-5.731,0,,0,0,0,0
2026-04-15T13:58:57.590,-5.742,0,,0,0,0,0
2026-04-15T13:58:58.590,-5.737,0,,0,0,0,0
2026-04-15T13:58:59.600,-5.740,0,,0,0,0,0
2026-04-15T13:59:00.600,-5.746,0,,0,0,0,0
2026-04-15T13:59:01.600,-5.759,0,,0,0,0,0
2026-04-15T13:59:02.880,-5.764,0,,0,0,0,0
2026-04-15T13:59:03.600,-5.769,0,,0,0,0,0
2026-04-15T13:59:04.590,-5.761,0,,0,0,0,0
2026-04-15T13:59:05.600,-5.771,0,,0,0,0,0
2026-04-15T13:59:07.060,-5.794,0,,0,0,0,0
2026-04-15T13:59:07.590,-5.791,0,,0,0,0,0
2026-04-15T13:59:09.060,-5.793,0,,0,0,0,0
2026-04-15T13:59:09.600,-5.811,0,,0,0,0,0
2026-04-15T13:59:10.590,-5.816,0,,0,0,0,0
2026-04-15T13:59:11.600,-5.816,0,,0,0,0,0
2026-04-15T13:59:12.600,-5.816,0,,0,0,0,0
2026-04-15T13:59:13.600,-5.812,0,,0,0,0,0
2026-04-15T13:59:14.740,-5.822,0,Image_57.png,0,0,0,0
2026-04-15T13:59:15.900,-5.843,0,,0,0,0,0
2026-04-15T13:59:16.600,-5.836,0,,0,0,0,0
2026-04-15T13:59:17.590,-5.841,0,,0,0,0,0
2026-04-15T13:59:18.600,-5.843,0,,0,0,0,0
2026-04-15T13:59:19.600,-5.853,0,,0,0,0,0
2026-04-15T13:59:20.600,-5.863,0,,0,0,0,0
2026-04-15T13:59:21.600,-5.869,0,,0,0,0,0
2026-04-15T13:59:22.600,-5.880,0,,0,0,0,0
2026-04-15T13:59:23.600,-5.879,0,,0,0,0,0
2026-04-15T13:59:24.600,-5.880,0,,0,0,0,0
2026-04-15T13:59:25.590,-5.884,0,,0,0,0,0
2026-04-15T13:59:26.650,-5.892,0,,0,0,0,0
2026-04-15T13:59:27.600,-5.903,0,,0,0,0,0
2026-04-15T13:59:28.590,-5.904,0,,0,0,0,0
2026-04-15T13:59:29.600,-5.909,0,,0,0,0,0
2026-04-15T13:59:30.600,-5.911,0,,0,0,0,0
2026-04-15T13:59:31.590,-5.926,0,,0,0,0,0
2026-04-15T13:59:32.600,-5.918,0,,0,0,0,0
2026-04-15T13:59:33.600,-5.914,0,,0,0,0,0
2026-04-15T13:59:34.600,-5.921,0,,0,0,0,0
2026-04-15T13:59:35.600,-5.940,0,,0,0,0,0
2026-04-15T13:59:36.600,-5.947,0,,0,0,0,0
2026-04-15T13:59:37.590,-5.954,0,,0,0,0,0
2026-04-15T13:59:38.600,-5.954,0,,0,0,0,0
2026-04-15T13:59:39.600,-5.955,0,,0,0,0,0
2026-04-15T13:59:40.590,-5.971,0,,0,0,0,0
2026-04-15T13:59:41.600,-5.977,0,,0,0,0,0
2026-04-15T13:59:42.600,-5.979,0,,0,0,0,0
2026-04-15T13:59:43.600,-5.977,0,,0,0,0,0
2026-04-15T13:59:44.830,-5.976,0,,0,0,0,0
2026-04-15T13:59:45.600,-5.993,0,,0,0,0,0
2026-04-15T13:59:46.590,-5.994,0,,0,0,0,0
2026-04-15T13:59:47.590,-6.000,0,,0,0,0,0
2026-04-15T13:59:48.600,-6.004,0,,0,0,0,0
2026-04-15T13:59:49.600,-6.004,0,,0,0,0,0
2026-04-15T13:59:50.600,-5.999,0,,0,0,0,0
2026-04-15T13:59:51.600,-6.020,0,,0,0,0,0
2026-04-15T13:59:52.590,-6.023,0,,0,0,0,0
2026-04-15T13:59:53.600,-6.034,0,,0,0,0,0
2026-04-15T13:59:54.600,-6.034,0,,0,0,0,0
2026-04-15T13:59:55.590,-6.042,0,,0,0,0,0
2026-04-15T13:59:56.600,-6.043,0,,0,0,0,0
2026-04-15T13:59:57.600,-6.058,0,,0,0,0,0
2026-04-15T13:59:58.850,-6.063,0,,0,0,0,0
2026-04-15T13:59:59.600,-6.065,0,,0,0,0,0
2026-04-15T14:00:00.600,-6.070,0,,0,0,0,0
2026-04-15T14:00:01.590,-6.062,0,,0,0,0,0
2026-04-15T14:00:02.590,-6.046,0,,0,0,0,0
2026-04-15T14:00:03.600,-6.059,0,,0,0,0,0
2026-04-15T14:00:04.590,-6.069,0,,0,0,0,0
2026-04-15T14:00:05.590,-6.096,0,,0,0,0,0
2026-04-15T14:00:06.600,-6.104,0,,0,0,0,0
2026-04-15T14:00:07.590,-6.091,0,,0,0,0,0
2026-04-15T14:00:08.590,-6.108,0,,0,0,0,0
2026-04-15T14:00:09.600,-6.110,0,,0,0,0,0
2026-04-15T14:00:11.100,-6.164,0,,0,0,0,0
2026-04-15T14:00:11.600,-6.174,0,,0,0,0,0
2026-04-15T14:00:12.600,-6.169,0,,0,0,0,0
2026-04-15T14:00:13.600,-6.184,0,,0,0,0,0
2026-04-15T14:00:14.600,-6.175,0,,0,0,0,0
2026-04-15T14:00:15.600,-6.182,0,Image_58.png,0,0,0,0
2026-04-15T14:00:17.360,-6.200,0,,0,0,0,0
2026-04-15T14:00:17.660,-6.191,0,,0,0,0,0
2026-04-15T14:00:18.600,-6.198,0,,0,0,0,0
2026-04-15T14:00:19.600,-6.208,0,,0,0,0,0
2026-04-15T14:00:20.590,-6.216,0,,0,0,0,0
2026-04-15T14:00:21.600,-6.227,0,,0,0,0,0
2026-04-15T14:00:22.590,-6.223,0,,0,0,0,0
2026-04-15T14:00:23.600,-6.236,0,,0,0,0,0
2026-04-15T14:00:24.600,-6.245,0,,0,0,0,0
2026-04-15T14:00:25.590,-6.235,0,,0,0,0,0
2026-04-15T14:00:26.600,-6.245,0,,0,0,0,0
2026-04-15T14:00:27.580,-6.256,0,,0,0,0,0
2026-04-15T14:00:28.600,-6.249,0,,0,0,0,0
2026-04-15T14:00:29.600,-6.259,0,,0,0,0,0
2026-04-15T14:00:30.600,-6.271,0,,0,0,0,0
2026-04-15T14:00:31.600,-6.271,0,,0,0,0,0
2026-04-15T14:00:32.590,-6.284,0,,0,0,0,0
2026-04-15T14:00:33.600,-6.284,0,,0,0,0,0
2026-04-15T14:00:34.590,-6.299,0,,0,0,0,0
2026-04-15T14:00:35.590,-6.294,0,,0,0,0,0
2026-04-15T14:00:36.600,-6.306,0,,0,0,0,0
2026-04-15T14:00:37.590,-6.307,0,,0,0,0,0
2026-04-15T14:00:38.600,-6.323,0,,0,0,0,0
2026-04-15T14:00:39.600,-6.323,0,,0,0,0,0
2026-04-15T14:00:40.590,-6.335,0,,0,0,0,0
2026-04-15T14:00:41.600,-6.335,0,,0,0,0,0
2026-04-15T14:00:42.600,-6.330,0,,0,0,0,0
2026-04-15T14:00:43.600,-6.356,0,,0,0,0,0
2026-04-15T14:00:44.600,-6.357,0,,0,0,0,0
2026-04-15T14:00:45.600,-6.356,0,,0,0,0,0
2026-04-15T14:00:46.600,-6.371,0,,0,0,0,0
2026-04-15T14:00:47.590,-6.364,0,,0,0,0,0
2026-04-15T14:00:48.640,-6.373,0,,0,0,0,0
2026-04-15T14:00:49.590,-6.374,0,,0,0,0,0
2026-04-15T14:00:50.600,-6.383,0,,0,0,0,0
2026-04-15T14:00:51.600,-6.383,0,,0,0,0,0
2026-04-15T14:00:52.590,-6.381,0,,0,0,0,0
2026-04-15T14:00:53.600,-6.378,0,,0,0,0,0
2026-04-15T14:00:54.600,-6.392,0,,0,0,0,0
2026-04-15T14:00:55.600,-6.412,0,,0,0,0,0
2026-04-15T14:00:56.600,-6.395,0,,0,0,0,0
2026-04-15T14:00:57.600,-6.403,0,,0,0,0,0
2026-04-15T14:00:58.840,-6.416,0,,0,0,0,0
2026-04-15T14:00:59.600,-6.409,0,,0,0,0,0
2026-04-15T14:01:00.600,-6.424,0,,0,0,0,0
2026-04-15T14:01:01.600,-6.441,0,,0,0,0,0
2026-04-15T14:01:02.590,-6.447,0,,0,0,0,0
2026-04-15T14:01:03.600,-6.448,0,,0,0,0,0
2026-04-15T14:01:04.600,-6.453,0,,0,0,0,0
2026-04-15T14:01:05.590,-6.433,0,,0,0,0,0
2026-04-15T14:01:06.700,-6.444,0,,0,0,0,0
2026-04-15T14:01:07.600,-6.452,0,,0,0,0,0
2026-04-15T14:01:08.600,-6.448,0,,0,0,0,0
2026-04-15T14:01:09.600,-6.487,0,,0,0,0,0
2026-04-15T14:01:10.590,-6.467,0,,0,0,0,0
2026-04-15T14:01:11.600,-6.488,0,,0,0,0,0
2026-04-15T14:01:13.080,-6.478,0,,0,0,0,0
2026-04-15T14:01:13.590,-6.474,0,,0,0,0,0
2026-04-15T14:01:14.600,-6.508,0,,0,0,0,0
2026-04-15T14:01:15.600,-6.504,0,Image_59.png,0,0,0,0
2026-04-15T14:01:16.940,-6.493,0,,0,0,0,0
2026-04-15T14:01:17.580,-6.500,0,,0,0,0,0
2026-04-15T14:01:18.600,-6.496,0,,0,0,0,0
2026-04-15T14:01:19.600,-6.531,0,,0,0,0,0
2026-04-15T14:01:20.600,-6.534,0,,0,0,0,0
2026-04-15T14:01:21.600,-6.543,0,,0,0,0,0
2026-04-15T14:01:22.590,-6.563,0,,0,0,0,0
2026-04-15T14:01:23.600,-6.563,0,,0,0,0,0
2026-04-15T14:01:24.600,-6.573,0,,0,0,0,0
2026-04-15T14:01:25.600,-6.570,0,,0,0,0,0
2026-04-15T14:01:26.600,-6.577,0,,0,0,0,0
2026-04-15T14:01:27.590,-6.599,0,,0,0,0,0
2026-04-15T14:01:28.840,-6.589,0,,0,0,0,0
2026-04-15T14:01:29.600,-6.600,0,,0,0,0,0
2026-04-15T14:01:30.600,-6.598,0,,0,0,0,0
2026-04-15T14:01:31.600,-6.604,0,,0,0,0,0
2026-04-15T14:01:32.590,-6.630,0,,0,0,0,0
2026-04-15T14:01:33.600,-6.610,0,,0,0,0,0
2026-04-15T14:01:34.830,-6.612,0,,0,0,0,0
2026-04-15T14:01:35.600,-6.615,0,,0,0,0,0
2026-04-15T14:01:36.600,-6.620,0,,0,0,0,0
2026-04-15T14:01:37.600,-6.651,0,,0,0,0,0
2026-04-15T14:01:38.600,-6.649,0,,0,0,0,0
2026-04-15T14:01:39.600,-6.668,0,,0,0,0,0
2026-04-15T14:01:40.600,-6.668,0,,0,0,0,0
2026-04-15T14:01:41.590,-6.675,0,,0,0,0,0
2026-04-15T14:01:42.580,-6.679,0,,0,0,0,0
2026-04-15T14:01:43.590,-6.684,0,,0,0,0,0
2026-04-15T14:01:44.600,-6.687,0,,0,0,0,0
2026-04-15T14:01:45.600,-6.709,0,,0,0,0,0
2026-04-15T14:01:46.600,-6.705,0,,0,0,0,0
2026-04-15T14:01:47.590,-6.693,0,,0,0,0,0
2026-04-15T14:01:48.600,-6.718,0,,0,0,0,0
2026-04-15T14:01:49.600,-6.712,0,,0,0,0,0
2026-04-15T14:01:50.600,-6.725,0,,0,0,0,0
2026-04-15T14:01:51.600,-6.745,0,,0,0,0,0
2026-04-15T14:01:52.850,-6.767,0,,0,0,0,0
2026-04-15T14:01:53.600,-6.747,0,,0,0,0,0
2026-04-15T14:01:54.600,-6.728,0,,0,0,0,0
2026-04-15T14:01:55.600,-6.758,0,,0,0,0,0
2026-04-15T14:01:56.600,-6.764,0,,0,0,0,0
2026-04-15T14:01:57.590,-6.768,0,,0,0,0,0
2026-04-15T14:01:58.840,-6.801,0,,0,0,0,0
2026-04-15T14:01:59.600,-6.800,0,,0,0,0,0
2026-04-15T14:02:00.600,-6.814,0,,0,0,0,0
2026-04-15T14:02:01.600,-6.826,0,,0,0,0,0
2026-04-15T14:02:02.580,-6.824,0,,0,0,0,0
2026-04-15T14:02:03.600,-6.841,0,,0,0,0,0
2026-04-15T14:02:04.590,-6.855,0,,0,0,0,0
2026-04-15T14:02:05.600,-6.848,0,,0,0,0,0
2026-04-15T14:02:06.600,-6.849,0,,0,0,0,0
2026-04-15T14:02:07.590,-6.867,0,,0,0,0,0
2026-04-15T14:02:08.600,-6.872,0,,0,0,0,0
2026-04-15T14:02:09.600,-6.870,0,,0,0,0,0
2026-04-15T14:02:10.590,-6.895,0,,0,0,0,0
2026-04-15T14:02:11.600,-6.905,0,,0,0,0,0
2026-04-15T14:02:12.600,-6.882,0,,0,0,0,0
2026-04-15T14:02:13.600,-6.905,0,,0,0,0,0
2026-04-15T14:02:14.670,-6.920,0,,0,0,0,0
2026-04-15T14:02:15.600,-6.948,0,,0,0,0,0
2026-04-15T14:02:16.790,-6.970,0,Image_60.png,0,0,0,0
2026-04-15T14:02:17.900,-6.977,0,,0,0,0,0
2026-04-15T14:02:18.600,-6.987,0,,0,0,0,0
2026-04-15T14:02:19.590,-6.966,0,,0,0,0,0
2026-04-15T14:02:20.600,-6.972,0,,0,0,0,0
2026-04-15T14:02:21.600,-6.985,0,,0,0,0,0
2026-04-15T14:02:22.590,-6.988,0,,0,0,0,0
2026-04-15T14:02:23.600,-6.995,0,,0,0,0,0
2026-04-15T14:02:24.600,-7.009,0,,0,0,0,0
2026-04-15T14:02:25.590,-7.014,0,,0,0,0,0
2026-04-15T14:02:26.900,-7.022,0,,0,0,0,0
2026-04-15T14:02:27.600,-7.019,0,,0,0,0,0
2026-04-15T14:02:28.600,-7.015,0,,0,0,0,0
2026-04-15T14:02:29.600,-7.014,0,,0,0,0,0
2026-04-15T14:02:30.620,-7.013,0,,0,0,0,0
2026-04-15T14:02:31.600,-7.013,0,,0,0,0,0
2026-04-15T14:02:32.590,-7.026,0,,0,0,0,0
2026-04-15T14:02:33.600,-7.035,0,,0,0,0,0
2026-04-15T14:02:34.750,-7.023,0,,0,0,0,0
2026-04-15T14:02:35.600,-7.020,0,,0,0,0,0
2026-04-15T14:02:36.720,-7.027,0,,0,0,0,0
2026-04-15T14:02:37.590,-7.048,0,,0,0,0,0
2026-04-15T14:02:38.600,-7.076,0,,0,0,0,0
2026-04-15T14:02:39.600,-7.077,0,,0,0,0,0
2026-04-15T14:02:40.590,-7.096,0,,0,0,0,0
2026-04-15T14:02:41.600,-7.111,0,,0,0,0,0
2026-04-15T14:02:42.600,-7.098,0,,0,0,0,0
2026-04-15T14:02:43.600,-7.099,0,,0,0,0,0
2026-04-15T14:02:44.600,-7.107,0,,0,0,0,0
2026-04-15T14:02:45.600,-7.112,0,,0,0,0,0
2026-04-15T14:02:46.600,-7.112,0,,0,0,0,0
2026-04-15T14:02:47.600,-7.138,0,,0,0,0,0
2026-04-15T14:02:48.600,-7.129,0,,0,0,0,0
2026-04-15T14:02:49.600,-7.129,0,,0,0,0,0
2026-04-15T14:02:50.810,-7.134,0,,0,0,0,0
2026-04-15T14:02:51.600,-7.133,0,,0,0,0,0
2026-04-15T14:02:52.880,-7.150,0,,0,0,0,0
2026-04-15T14:02:53.600,-7.135,0,,0,0,0,0
2026-04-15T14:02:54.600,-7.148,0,,0,0,0,0
2026-04-15T14:02:55.600,-7.139,0,,0,0,0,0
2026-04-15T14:02:56.600,-7.147,0,,0,0,0,0
2026-04-15T14:02:57.600,-7.152,0,,0,0,0,0
2026-04-15T14:02:58.590,-7.166,0,,0,0,0,0
2026-04-15T14:02:59.600,-7.157,0,,0,0,0,0
2026-04-15T14:03:00.670,-7.151,0,,0,0,0,0
2026-04-15T14:03:01.600,-7.160,0,,0,0,0,0
2026-04-15T14:03:02.590,-7.167,0,,0,0,0,0
2026-04-15T14:03:03.600,-7.170,0,,0,0,0,0
2026-04-15T14:03:04.600,-7.164,0,,0,0,0,0
2026-04-15T14:03:05.600,-7.174,0,,0,0,0,0
2026-04-15T14:03:06.680,-7.174,0,,0,0,0,0
2026-04-15T14:03:07.600,-7.211,0,,0,0,0,0
2026-04-15T14:03:08.600,-7.238,0,,0,0,0,0
2026-04-15T14:03:09.600,-7.247,0,,0,0,0,0
2026-04-15T14:03:10.600,-7.252,0,,0,0,0,0
2026-04-15T14:03:11.600,-7.245,0,,0,0,0,0
2026-04-15T14:03:12.600,-7.233,0,,0,0,0,0
2026-04-15T14:03:13.590,-7.223,0,,0,0,0,0
2026-04-15T14:03:14.600,-7.246,0,,0,0,0,0
2026-04-15T14:03:15.600,-7.251,0,,0,0,0,0
2026-04-15T14:03:16.600,-7.261,0,Image_61.png,0,0,0,0
2026-04-15T14:03:17.910,-7.283,0,,0,0,0,0
2026-04-15T14:03:18.600,-7.287,0,,0,0,0,0
2026-04-15T14:03:19.600,-7.289,0,,0,0,0,0
2026-04-15T14:03:20.600,-7.312,0,,0,0,0,0
2026-04-15T14:03:21.600,-7.310,0,,0,0,0,0
2026-04-15T14:03:22.600,-7.311,0,,0,0,0,0
2026-04-15T14:03:23.600,-7.343,0,,0,0,0,0
2026-04-15T14:03:24.600,-7.340,0,,0,0,0,0
2026-04-15T14:03:25.600,-7.336,0,,0,0,0,0
2026-04-15T14:03:26.820,-7.322,0,,0,0,0,0
2026-04-15T14:03:27.600,-7.309,0,,0,0,0,0
2026-04-15T14:03:28.660,-7.314,0,,0,0,0,0
2026-04-15T14:03:29.600,-7.318,0,,0,0,0,0
2026-04-15T14:03:30.600,-7.348,0,,0,0,0,0
2026-04-15T14:03:31.590,-7.358,0,,0,0,0,0
2026-04-15T14:03:32.600,-7.330,0,,0,0,0,0
2026-04-15T14:03:33.600,-7.356,0,,0,0,0,0
2026-04-15T14:03:34.590,-7.364,0,,0,0,0,0
2026-04-15T14:03:35.600,-7.372,0,,0,0,0,0
2026-04-15T14:03:36.600,-7.403,0,,0,0,0,0
2026-04-15T14:03:37.590,-7.395,0,,0,0,0,0
2026-04-15T14:03:38.600,-7.384,0,,0,0,0,0
2026-04-15T14:03:39.600,-7.393,0,,0,0,0,0
2026-04-15T14:03:40.600,-7.395,0,,0,0,0,0
2026-04-15T14:03:41.600,-7.397,0,,0,0,0,0
2026-04-15T14:03:42.600,-7.423,0,,0,0,0,0
2026-04-15T14:03:43.600,-7.444,0,,0,0,0,0
2026-04-15T14:03:44.600,-7.451,0,,0,0,0,0
2026-04-15T14:03:45.600,-7.439,0,,0,0,0,0
2026-04-15T14:03:46.710,-7.435,0,,0,0,0,0
2026-04-15T14:03:47.590,-7.437,0,,0,0,0,0
2026-04-15T14:03:48.600,-7.437,0,,0,0,0,0
2026-04-15T14:03:49.590,-7.439,0,,0,0,0,0
2026-04-15T14:03:50.600,-7.439,0,,0,0,0,0
2026-04-15T14:03:51.600,-7.440,0,,0,0,0,0
2026-04-15T14:03:52.590,-7.426,0,,0,0,0,0
2026-04-15T14:03:53.600,-7.435,0,,0,0,0,0
2026-04-15T14:03:54.600,-7.452,0,,0,0,0,0
2026-04-15T14:03:55.600,-7.443,0,,0,0,0,0
2026-04-15T14:03:56.600,-7.459,0,,0,0,0,0
2026-04-15T14:03:57.600,-7.470,0,,0,0,0,0
2026-04-15T14:03:58.600,-7.483,0,,0,0,0,0
2026-04-15T14:03:59.600,-7.504,0,,0,0,0,0
2026-04-15T14:04:00.600,-7.508,0,,0,0,0,0
2026-04-15T14:04:01.590,-7.517,0,,0,0,0,0
2026-04-15T14:04:02.580,-7.522,0,,0,0,0,0
2026-04-15T14:04:03.600,-7.516,0,,0,0,0,0
2026-04-15T14:04:04.590,-7.502,0,,0,0,0,0
2026-04-15T14:04:05.600,-7.520,0,,0,0,0,0
2026-04-15T14:04:06.600,-7.520,0,,0,0,0,0
2026-04-15T14:04:07.590,-7.550,0,,0,0,0,0
2026-04-15T14:04:08.600,-7.553,0,,0,0,0,0
2026-04-15T14:04:09.600,-7.557,0,,0,0,0,0
2026-04-15T14:04:10.590,-7.584,0,,0,0,0,0
2026-04-15T14:04:11.600,-7.590,0,,0,0,0,0
2026-04-15T14:04:12.580,-7.612,0,,0,0,0,0
2026-04-15T14:04:13.600,-7.611,0,,0,0,0,0
2026-04-15T14:04:14.600,-7.607,0,,0,0,0,0
2026-04-15T14:04:15.600,-7.607,0,,0,0,0,0
2026-04-15T14:04:16.600,-7.589,0,,0,0,0,0
2026-04-15T14:04:17.580,-7.613,0,Image_62.png,0,0,0,0
2026-04-15T14:04:18.910,-7.627,0,,0,0,0,0
2026-04-15T14:04:19.600,-7.632,0,,0,0,0,0
2026-04-15T14:04:20.590,-7.655,0,,0,0,0,0
2026-04-15T14:04:21.600,-7.664,0,,0,0,0,0
2026-04-15T14:04:22.590,-7.654,0,,0,0,0,0
2026-04-15T14:04:23.600,-7.662,0,,0,0,0,0
2026-04-15T14:04:24.600,-7.654,0,,0,0,0,0
2026-04-15T14:04:25.600,-7.629,0,,0,0,0,0
2026-04-15T14:04:26.600,-7.643,0,,0,0,0,0
2026-04-15T14:04:27.600,-7.654,0,,0,0,0,0
2026-04-15T14:04:28.590,-7.663,0,,0,0,0,0
2026-04-15T14:04:29.600,-7.651,0,,0,0,0,0
2026-04-15T14:04:30.600,-7.683,0,,0,0,0,0
2026-04-15T14:04:31.600,-7.694,0,,0,0,0,0
2026-04-15T14:04:32.600,-7.713,0,,0,0,0,0
2026-04-15T14:04:33.600,-7.729,0,,0,0,0,0
2026-04-15T14:04:34.600,-7.717,0,,0,0,0,0
2026-04-15T14:04:35.600,-7.710,0,,0,0,0,0
2026-04-15T14:04:36.600,-7.712,0,,0,0,0,0
2026-04-15T14:04:37.590,-7.729,0,,0,0,0,0
2026-04-15T14:04:38.600,-7.733,0,,0,0,0,0
2026-04-15T14:04:39.600,-7.761,0,,0,0,0,0
2026-04-15T14:04:40.590,-7.741,0,,0,0,0,0
2026-04-15T14:04:41.600,-7.739,0,,0,0,0,0
2026-04-15T14:04:42.740,-7.733,0,,0,0,0,0
2026-04-15T14:04:43.590,-7.713,0,,0,0,0,0
2026-04-15T14:04:44.600,-7.717,0,,0,0,0,0
2026-04-15T14:04:45.600,-7.744,0,,0,0,0,0
2026-04-15T14:04:46.600,-7.742,0,,0,0,0,0
2026-04-15T14:04:47.590,-7.739,0,,0,0,0,0
2026-04-15T14:04:48.760,-7.758,0,,0,0,0,0
2026-04-15T14:04:49.600,-7.768,0,,0,0,0,0
2026-04-15T14:04:50.590,-7.777,0,,0,0,0,0
2026-04-15T14:04:51.600,-7.808,0,,0,0,0,0
2026-04-15T14:04:52.590,-7.786,0,,0,0,0,0
2026-04-15T14:04:53.600,-7.796,0,,0,0,0,0
2026-04-15T14:04:54.600,-7.820,0,,0,0,0,0
2026-04-15T14:04:55.590,-7.815,0,,0,0,0,0
2026-04-15T14:04:56.590,-7.831,0,,0,0,0,0
2026-04-15T14:04:57.600,-7.820,0,,0,0,0,0
2026-04-15T14:04:58.600,-7.807,0,,0,0,0,0
2026-04-15T14:04:59.600,-7.840,0,,0,0,0,0
2026-04-15T14:05:00.600,-7.835,0,,0,0,0,0
2026-04-15T14:05:01.600,-7.837,0,,0,0,0,0
2026-04-15T14:05:02.600,-7.861,0,,0,0,0,0
2026-04-15T14:05:03.600,-7.850,0,,0,0,0,0
2026-04-15T14:05:04.590,-7.848,0,,0,0,0,0
2026-04-15T14:05:05.600,-7.868,0,,0,0,0,0
2026-04-15T14:05:06.600,-7.862,0,,0,0,0,0
2026-04-15T14:05:07.590,-7.869,0,,0,0,0,0
2026-04-15T14:05:08.600,-7.895,0,,0,0,0,0
2026-04-15T14:05:09.600,-7.898,0,,0,0,0,0
2026-04-15T14:05:10.600,-7.900,0,,0,0,0,0
2026-04-15T14:05:11.600,-7.893,0,,0,0,0,0
2026-04-15T14:05:12.600,-7.906,0,,0,0,0,0
2026-04-15T14:05:13.590,-7.886,0,,0,0,0,0
2026-04-15T14:05:14.600,-7.910,0,,0,0,0,0
2026-04-15T14:05:15.600,-7.928,0,,0,0,0,0
2026-04-15T14:05:16.590,-7.922,0,,0,0,0,0
2026-04-15T14:05:17.600,-7.933,0,,0,0,0,0
2026-04-15T14:05:18.780,-7.937,0,Image_63.png,0,0,0,0
2026-04-15T14:05:19.900,-7.908,0,,0,0,0,0
2026-04-15T14:05:20.600,-7.936,0,,0,0,0,0
2026-04-15T14:05:21.600,-7.926,0,,0,0,0,0
2026-04-15T14:05:22.590,-7.939,0,,0,0,0,0
2026-04-15T14:05:23.600,-7.973,0,,0,0,0,0
2026-04-15T14:05:24.600,-7.971,0,,0,0,0,0
2026-04-15T14:05:25.600,-7.967,0,,0,0,0,0
2026-04-15T14:05:26.600,-7.978,0,,0,0,0,0
2026-04-15T14:05:27.600,-7.985,0,,0,0,0,0
2026-04-15T14:05:28.600,-7.988,0,,0,0,0,0
2026-04-15T14:05:29.600,-7.994,0,,0,0,0,0
2026-04-15T14:05:30.600,-8.008,0,,0,0,0,0
2026-04-15T14:05:31.590,-7.995,0,,0,0,0,0
2026-04-15T14:05:32.590,-8.011,0,,0,0,0,0
2026-04-15T14:05:33.600,-8.010,0,,0,0,0,0
2026-04-15T14:05:34.590,-8.010,0,,0,0,0,0
2026-04-15T14:05:35.600,-8.013,0,,0,0,0,0
2026-04-15T14:05:36.600,-8.019,0,,0,0,0,0
2026-04-15T14:05:37.590,-8.046,0,,0,0,0,0
2026-04-15T14:05:38.600,-8.056,0,,0,0,0,0
2026-04-15T14:05:39.600,-8.057,0,,0,0,0,0
2026-04-15T14:05:40.590,-8.058,0,,0,0,0,0
2026-04-15T14:05:41.600,-8.050,0,,0,0,0,0
2026-04-15T14:05:42.600,-8.055,0,,0,0,0,0
2026-04-15T14:05:43.600,-8.063,0,,0,0,0,0
2026-04-15T14:05:44.600,-8.062,0,,0,0,0,0
2026-04-15T14:05:45.600,-8.067,0,,0,0,0,0
2026-04-15T14:05:46.850,-8.078,0,,0,0,0,0
2026-04-15T14:05:47.590,-8.076,0,,0,0,0,0
2026-04-15T14:05:48.600,-8.103,0,,0,0,0,0
2026-04-15T14:05:49.600,-8.098,0,,0,0,0,0
2026-04-15T14:05:50.600,-8.108,0,,0,0,0,0
2026-04-15T14:05:51.600,-8.136,0,,0,0,0,0
2026-04-15T14:05:52.590,-8.117,0,,0,0,0,0
2026-04-15T14:05:53.600,-8.130,0,,0,0,0,0
2026-04-15T14:05:54.600,-8.123,0,,0,0,0,0
2026-04-15T14:05:55.590,-8.138,0,,0,0,0,0
2026-04-15T14:05:56.600,-8.150,0,,0,0,0,0
2026-04-15T14:05:57.600,-8.151,0,,0,0,0,0
2026-04-15T14:05:58.600,-8.163,0,,0,0,0,0
2026-04-15T14:05:59.600,-8.150,0,,0,0,0,0
2026-04-15T14:06:00.600,-8.153,0,,0,0,0,0
2026-04-15T14:06:01.600,-8.150,0,,0,0,0,0
2026-04-15T14:06:02.720,-8.168,0,,0,0,0,0
2026-04-15T14:06:03.600,-8.182,0,,0,0,0,0
2026-04-15T14:06:04.590,-8.184,0,,0,0,0,0
2026-04-15T14:06:05.600,-8.190,0,,0,0,0,0
2026-04-15T14:06:06.600,-8.208,0,,0,0,0,0
2026-04-15T14:06:07.590,-8.212,0,,0,0,0,0
2026-04-15T14:06:08.600,-8.189,0,,0,0,0,0
2026-04-15T14:06:09.600,-8.191,0,,0,0,0,0
2026-04-15T14:06:10.590,-8.216,0,,0,0,0,0
2026-04-15T14:06:11.600,-8.209,0,,0,0,0,0
2026-04-15T14:06:12.600,-8.230,0,,0,0,0,0
2026-04-15T14:06:13.600,-8.230,0,,0,0,0,0
2026-04-15T14:06:14.600,-8.237,0,,0,0,0,0
2026-04-15T14:06:15.600,-8.237,0,,0,0,0,0
2026-04-15T14:06:16.600,-8.223,0,,0,0,0,0
2026-04-15T14:06:17.590,-8.245,0,,0,0,0,0
2026-04-15T14:06:18.600,-8.232,0,Image_64.png,0,0,0,0
2026-04-15T14:06:19.900,-8.237,0,,0,0,0,0
2026-04-15T14:06:20.600,-8.240,0,,0,0,0,0
2026-04-15T14:06:21.600,-8.226,0,,0,0,0,0
2026-04-15T14:06:22.590,-8.225,0,,0,0,0,0
2026-04-15T14:06:23.600,-8.238,0,,0,0,0,0
2026-04-15T14:06:24.600,-8.237,0,,0,0,0,0
2026-04-15T14:06:25.600,-8.261,0,,0,0,0,0
2026-04-15T14:06:26.600,-8.288,0,,0,0,0,0
2026-04-15T14:06:27.590,-8.302,0,,0,0,0,0
2026-04-15T14:06:28.600,-8.315,0,,0,0,0,0
2026-04-15T14:06:29.600,-8.286,0,,0,0,0,0
2026-04-15T14:06:30.600,-8.282,0,,0,0,0,0
2026-04-15T14:06:31.590,-8.297,0,,0,0,0,0
2026-04-15T14:06:32.590,-8.293,0,,0,0,0,0
2026-04-15T14:06:33.600,-8.308,0,,0,0,0,0
2026-04-15T14:06:34.600,-8.318,0,,0,0,0,0
2026-04-15T14:06:35.600,-8.312,0,,0,0,0,0
2026-04-15T14:06:36.600,-8.313,0,,0,0,0,0
2026-04-15T14:06:37.590,-8.298,0,,0,0,0,0
2026-04-15T14:06:38.600,-8.294,0,,0,0,0,0
2026-04-15T14:06:39.600,-8.289,0,,0,0,0,0
2026-04-15T14:06:40.590,-8.307,0,,0,0,0,0
2026-04-15T14:06:41.600,-8.303,0,,0,0,0,0
2026-04-15T14:06:42.600,-8.307,0,,0,0,0,0
2026-04-15T14:06:43.600,-8.302,0,,0,0,0,0
2026-04-15T14:06:44.600,-8.317,0,,0,0,0,0
2026-04-15T14:06:45.600,-8.317,0,,0,0,0,0
2026-04-15T14:06:46.600,-8.324,0,,0,0,0,0
2026-04-15T14:06:47.590,-8.324,0,,0,0,0,0
2026-04-15T14:06:48.650,-8.326,0,,0,0,0,0
2026-04-15T14:06:49.590,-8.333,0,,0,0,0,0
2026-04-15T14:06:50.600,-8.330,0,,0,0,0,0
2026-04-15T14:06:51.600,-8.335,0,,0,0,0,0
2026-04-15T14:06:52.960,-8.353,0,,0,0,0,0
2026-04-15T14:06:53.600,-8.354,0,,0,0,0,0
2026-04-15T14:06:54.600,-8.362,0,,0,0,0,0
2026-04-15T14:06:55.600,-8.369,0,,0,0,0,0
2026-04-15T14:06:56.920,-8.379,0,,0,0,0,0
2026-04-15T14:06:57.600,-8.371,0,,0,0,0,0
2026-04-15T14:06:58.720,-8.390,0,,0,0,0,0
2026-04-15T14:06:59.600,-8.389,0,,0,0,0,0
2026-04-15T14:07:00.600,-8.403,0,,0,0,0,0
2026-04-15T14:07:01.590,-8.400,0,,0,0,0,0
2026-04-15T14:07:02.590,-8.407,0,,0,0,0,0
2026-04-15T14:07:03.600,-8.410,0,,0,0,0,0
2026-04-15T14:07:04.590,-8.416,0,,0,0,0,0
2026-04-15T14:07:05.600,-8.442,0,,0,0,0,0
2026-04-15T14:07:06.600,-8.444,0,,0,0,0,0
2026-04-15T14:07:07.600,-8.456,0,,0,0,0,0
2026-04-15T14:07:08.600,-8.452,0,,0,0,0,0
2026-04-15T14:07:09.600,-8.450,0,,0,0,0,0
2026-04-15T14:07:10.600,-8.455,0,,0,0,0,0
2026-04-15T14:07:11.600,-8.475,0,,0,0,0,0
2026-04-15T14:07:12.600,-8.499,0,,0,0,0,0
2026-04-15T14:07:13.600,-8.506,0,,0,0,0,0
2026-04-15T14:07:14.790,-8.503,0,,0,0,0,0
2026-04-15T14:07:15.600,-8.496,0,,0,0,0,0
2026-04-15T14:07:16.590,-8.480,0,,0,0,0,0
2026-04-15T14:07:17.600,-8.460,0,,0,0,0,0
2026-04-15T14:07:18.600,-8.470,0,,0,0,0,0
2026-04-15T14:07:19.590,-8.478,0,Image_65.png,0,0,0,0
2026-04-15T14:07:20.900,-8.479,0,,0,0,0,0
2026-04-15T14:07:21.600,-8.504,0,,0,0,0,0
2026-04-15T14:07:22.600,-8.520,0,,0,0,0,0
2026-04-15T14:07:23.600,-8.525,0,,0,0,0,0
2026-04-15T14:07:24.600,-8.537,0,,0,0,0,0
2026-04-15T14:07:25.600,-8.517,0,,0,0,0,0
2026-04-15T14:07:26.600,-8.509,0,,0,0,0,0
2026-04-15T14:07:27.600,-8.513,0,,0,0,0,0
2026-04-15T14:07:28.600,-8.520,0,,0,0,0,0
2026-04-15T14:07:29.600,-8.522,0,,0,0,0,0
2026-04-15T14:07:30.600,-8.528,0,,0,0,0,0
2026-04-15T14:07:31.600,-8.515,0,,0,0,0,0
2026-04-15T14:07:32.690,-8.534,0,,0,0,0,0
2026-04-15T14:07:33.600,-8.530,0,,0,0,0,0
2026-04-15T14:07:34.650,-8.546,0,,0,0,0,0
2026-04-15T14:07:35.590,-8.536,0,,0,0,0,0
2026-04-15T14:07:36.600,-8.541,0,,0,0,0,0
2026-04-15T14:07:37.590,-8.543,0,,0,0,0,0
2026-04-15T14:07:38.680,-8.557,0,,0,0,0,0
2026-04-15T14:07:39.600,-8.554,0,,0,0,0,0
2026-04-15T14:07:40.590,-8.558,0,,0,0,0,0
2026-04-15T14:07:41.600,-8.571,0,,0,0,0,0
2026-04-15T14:07:42.600,-8.567,0,,0,0,0,0
2026-04-15T14:07:43.600,-8.569,0,,0,0,0,0
2026-04-15T14:07:44.600,-8.581,0,,0,0,0,0
2026-04-15T14:07:45.600,-8.580,0,,0,0,0,0
2026-04-15T14:07:46.600,-8.581,0,,0,0,0,0
2026-04-15T14:07:47.600,-8.580,0,,0,0,0,0
2026-04-15T14:07:48.600,-8.581,0,,0,0,0,0
2026-04-15T14:07:49.590,-8.598,0,,0,0,0,0
2026-04-15T14:07:50.600,-8.599,0,,0,0,0,0
2026-04-15T14:07:51.600,-8.599,0,,0,0,0,0
2026-04-15T14:07:52.600,-8.598,0,,0,0,0,0
2026-04-15T14:07:53.600,-8.614,0,,0,0,0,0
2026-04-15T14:07:54.600,-8.623,0,,0,0,0,0
2026-04-15T14:07:55.590,-8.626,0,,0,0,0,0
2026-04-15T14:07:56.600,-8.623,0,,0,0,0,0
2026-04-15T14:07:57.600,-8.639,0,,0,0,0,0
2026-04-15T14:07:58.590,-8.613,0,,0,0,0,0
2026-04-15T14:07:59.600,-8.634,0,,0,0,0,0
2026-04-15T14:08:00.600,-8.654,0,,0,0,0,0
2026-04-15T14:08:01.600,-8.645,0,,0,0,0,0
2026-04-15T14:08:02.590,-8.650,0,,0,0,0,0
2026-04-15T14:08:03.600,-8.649,0,,0,0,0,0
2026-04-15T14:08:04.840,-8.643,0,,0,0,0,0
2026-04-15T14:08:05.600,-8.659,0,,0,0,0,0
2026-04-15T14:08:06.840,-8.663,0,,0,0,0,0
2026-04-15T14:08:07.600,-8.669,0,,0,0,0,0
2026-04-15T14:08:08.760,-8.667,0,,0,0,0,0
2026-04-15T14:08:09.600,-8.646,0,,0,0,0,0
2026-04-15T14:08:10.590,-8.660,0,,0,0,0,0
2026-04-15T14:08:11.600,-8.655,0,,0,0,0,0
2026-04-15T14:08:13.370,-8.681,0,,0,0,0,0
2026-04-15T14:08:13.710,-8.684,0,,0,0,0,0
2026-04-15T14:08:14.600,-8.687,0,,0,0,0,0
2026-04-15T14:08:15.600,-8.689,0,,0,0,0,0
2026-04-15T14:08:16.600,-8.700,0,,0,0,0,0
2026-04-15T14:08:17.600,-8.666,0,,0,0,0,0
2026-04-15T14:08:18.600,-8.679,0,,0,0,0,0
2026-04-15T14:08:19.600,-8.684,0,,0,0,0,0
2026-04-15T14:08:20.590,-8.698,0,Image_66.png,0,0,0,0
2026-04-15T14:08:21.900,-8.700,0,,0,0,0,0
2026-04-15T14:08:22.600,-8.692,0,,0,0,0,0
2026-04-15T14:08:23.590,-8.685,0,,0,0,0,0
2026-04-15T14:08:24.600,-8.706,0,,0,0,0,0
2026-04-15T14:08:25.590,-8.704,0,,0,0,0,0
2026-04-15T14:08:26.600,-8.712,0,,0,0,0,0
2026-04-15T14:08:27.600,-8.719,0,,0,0,0,0
2026-04-15T14:08:28.590,-8.711,0,,0,0,0,0
2026-04-15T14:08:29.600,-8.715,0,,0,0,0,0
2026-04-15T14:08:30.600,-8.725,0,,0,0,0,0
2026-04-15T14:08:31.590,-8.725,0,,0,0,0,0
2026-04-15T14:08:32.600,-8.732,0,,0,0,0,0
2026-04-15T14:08:33.600,-8.733,0,,0,0,0,0
2026-04-15T14:08:34.710,-8.733,0,,0,0,0,0
2026-04-15T14:08:35.590,-8.760,0,,0,0,0,0
2026-04-15T14:08:36.600,-8.761,0,,0,0,0,0
2026-04-15T14:08:37.600,-8.760,0,,0,0,0,0
2026-04-15T14:08:38.840,-8.763,0,,0,0,0,0
2026-04-15T14:08:39.600,-8.769,0,,0,0,0,0
2026-04-15T14:08:40.590,-8.779,0,,0,0,0,0
2026-04-15T14:08:41.600,-8.757,0,,0,0,0,0
2026-04-15T14:08:43.020,-8.788,0,,0,0,0,0
2026-04-15T14:08:43.590,-8.786,0,,0,0,0,0
2026-04-15T14:08:44.910,-8.794,0,,0,0,0,0
2026-04-15T14:08:45.600,-8.809,0,,0,0,0,0
2026-04-15T14:08:46.590,-8.800,0,,0,0,0,0
2026-04-15T14:08:47.600,-8.790,0,,0,0,0,0
2026-04-15T14:08:48.600,-8.795,0,,0,0,0,0
2026-04-15T14:08:49.600,-8.804,0,,0,0,0,0
2026-04-15T14:08:50.590,-8.800,0,,0,0,0,0
2026-04-15T14:08:51.600,-8.820,0,,0,0,0,0
2026-04-15T14:08:52.590,-8.837,0,,0,0,0,0
2026-04-15T14:08:53.600,-8.844,0,,0,0,0,0
2026-04-15T14:08:54.600,-8.825,0,,0,0,0,0
2026-04-15T14:08:55.600,-8.852,0,,0,0,0,0
2026-04-15T14:08:56.600,-8.834,0,,0,0,0,0
2026-04-15T14:08:57.600,-8.867,0,,0,0,0,0
2026-04-15T14:08:58.600,-8.855,0,,0,0,0,0
2026-04-15T14:08:59.600,-8.838,0,,0,0,0,0
2026-04-15T14:09:00.600,-8.862,0,,0,0,0,0
2026-04-15T14:09:01.600,-8.872,0,,0,0,0,0
2026-04-15T14:09:02.700,-8.888,0,,0,0,0,0
2026-04-15T14:09:03.600,-8.910,0,,0,0,0,0
2026-04-15T14:09:04.600,-8.894,0,,0,0,0,0
2026-04-15T14:09:05.590,-8.886,0,,0,0,0,0
2026-04-15T14:09:06.600,-8.884,0,,0,0,0,0
2026-04-15T14:09:07.590,-8.878,0,,0,0,0,0
2026-04-15T14:09:08.590,-8.891,0,,0,0,0,0
2026-04-15T14:09:09.600,-8.880,0,,0,0,0,0
2026-04-15T14:09:10.590,-8.876,0,,0,0,0,0
2026-04-15T14:09:11.600,-8.906,0,,0,0,0,0
2026-04-15T14:09:12.630,-8.898,0,,0,0,0,0
2026-04-15T14:09:13.590,-8.912,0,,0,0,0,0
2026-04-15T14:09:14.600,-8.926,0,,0,0,0,0
2026-04-15T14:09:15.600,-8.911,0,,0,0,0,0
2026-04-15T14:09:16.840,-8.922,0,,0,0,0,0
2026-04-15T14:09:17.600,-8.908,0,,0,0,0,0
2026-04-15T14:09:18.600,-8.909,0,,0,0,0,0
2026-04-15T14:09:19.600,-8.896,0,,0,0,0,0
2026-04-15T14:09:20.650,-8.928,0,,0,0,0,0
2026-04-15T14:09:21.600,-8.946,0,Image_67.png,0,0,0,0
2026-04-15T14:09:22.900,-8.956,0,,0,0,0,0
2026-04-15T14:09:23.600,-8.985,0,,0,0,0,0
2026-04-15T14:09:24.600,-8.977,0,,0,0,0,0
2026-04-15T14:09:25.590,-8.979,0,,0,0,0,0
2026-04-15T14:09:26.600,-8.960,0,,0,0,0,0
2026-04-15T14:09:27.600,-8.948,0,,0,0,0,0
2026-04-15T14:09:28.600,-8.953,0,,0,0,0,0
2026-04-15T14:09:29.600,-8.963,0,,0,0,0,0
2026-04-15T14:09:30.600,-8.972,0,,0,0,0,0
2026-04-15T14:09:31.600,-8.987,0,,0,0,0,0
2026-04-15T14:09:32.600,-8.991,0,,0,0,0,0
2026-04-15T14:09:33.600,-9.001,0,,0,0,0,0
2026-04-15T14:09:34.600,-9.017,0,,0,0,0,0
2026-04-15T14:09:35.590,-9.006,0,,0,0,0,0
2026-04-15T14:09:36.600,-9.030,0,,0,0,0,0
2026-04-15T14:09:37.590,-9.015,0,,0,0,0,0
2026-04-15T14:09:38.620,-9.024,0,,0,0,0,0
2026-04-15T14:09:39.600,-9.033,0,,0,0,0,0
2026-04-15T14:09:40.600,-9.042,0,,0,0,0,0
2026-04-15T14:09:41.600,-9.078,0,,0,0,0,0
2026-04-15T14:09:42.600,-9.061,0,,0,0,0,0
2026-04-15T14:09:43.600,-9.037,0,,0,0,0,0
2026-04-15T14:09:44.600,-9.049,0,,0,0,0,0
2026-04-15T14:09:45.600,-9.053,0,,0,0,0,0
2026-04-15T14:09:46.600,-9.061,0,,0,0,0,0
2026-04-15T14:09:47.600,-9.075,0,,0,0,0,0
2026-04-15T14:09:48.600,-9.076,0,,0,0,0,0
2026-04-15T14:09:49.600,-9.074,0,,0,0,0,0
2026-04-15T14:09:50.970,-9.098,0,,0,0,0,0
2026-04-15T14:09:51.600,-9.071,0,,0,0,0,0
2026-04-15T14:09:52.590,-9.072,0,,0,0,0,0
2026-04-15T14:09:53.600,-9.066,0,,0,0,0,0
2026-04-15T14:09:54.600,-9.081,0,,0,0,0,0
2026-04-15T14:09:55.600,-9.100,0,,0,0,0,0
2026-04-15T14:09:56.600,-9.108,0,,0,0,0,0
2026-04-15T14:09:57.600,-9.106,0,,0,0,0,0
2026-04-15T14:09:58.590,-9.098,0,,0,0,0,0
2026-04-15T14:09:59.600,-9.107,0,,0,0,0,0
2026-04-15T14:10:00.600,-9.104,0,,0,0,0,0
2026-04-15T14:10:01.600,-9.091,0,,0,0,0,0
2026-04-15T14:10:02.600,-9.081,0,,0,0,0,0
2026-04-15T14:10:03.600,-9.075,0,,0,0,0,0
2026-04-15T14:10:04.600,-9.088,0,,0,0,0,0
2026-04-15T14:10:05.600,-9.105,0,,0,0,0,0
2026-04-15T14:10:06.600,-9.124,0,,0,0,0,0
2026-04-15T14:10:07.600,-9.121,0,,0,0,0,0
2026-04-15T14:10:08.600,-9.134,0,,0,0,0,0
2026-04-15T14:10:09.600,-9.114,0,,0,0,0,0
2026-04-15T14:10:10.590,-9.095,0,,0,0,0,0
2026-04-15T14:10:11.600,-9.116,0,,0,0,0,0
2026-04-15T14:10:12.600,-9.111,0,,0,0,0,0
2026-04-15T14:10:13.600,-9.138,0,,0,0,0,0
2026-04-15T14:10:14.600,-9.143,0,,0,0,0,0
2026-04-15T14:10:15.600,-9.138,0,,0,0,0,0
2026-04-15T14:10:16.600,-9.139,0,,0,0,0,0
2026-04-15T14:10:17.600,-9.141,0,,0,0,0,0
2026-04-15T14:10:18.600,-9.150,0,,0,0,0,0
2026-04-15T14:10:19.590,-9.167,0,,0,0,0,0
2026-04-15T14:10:20.590,-9.153,0,,0,0,0,0
2026-04-15T14:10:21.600,-9.151,0,,0,0,0,0
2026-04-15T14:10:22.600,-9.160,0,Image_68.png,0,0,0,0
2026-04-15T14:10:23.910,-9.149,0,,0,0,0,0
2026-04-15T14:10:24.600,-9.153,0,,0,0,0,0
2026-04-15T14:10:25.600,-9.143,0,,0,0,0,0
2026-04-15T14:10:26.600,-9.132,0,,0,0,0,0
2026-04-15T14:10:27.600,-9.153,0,,0,0,0,0
2026-04-15T14:10:28.590,-9.136,0,,0,0,0,0
2026-04-15T14:10:29.600,-9.138,0,,0,0,0,0
2026-04-15T14:10:30.600,-9.162,0,,0,0,0,0
2026-04-15T14:10:31.600,-9.162,0,,0,0,0,0
2026-04-15T14:10:32.600,-9.181,0,,0,0,0,0
2026-04-15T14:10:33.600,-9.158,0,,0,0,0,0
2026-04-15T14:10:34.600,-9.163,0,,0,0,0,0
2026-04-15T14:10:35.600,-9.154,0,,0,0,0,0
2026-04-15T14:10:36.600,-9.174,0,,0,0,0,0
2026-04-15T14:10:37.590,-9.188,0,,0,0,0,0
2026-04-15T14:10:38.600,-9.186,0,,0,0,0,0
2026-04-15T14:10:39.600,-9.193,0,,0,0,0,0
2026-04-15T14:10:41.090,-9.195,0,,0,0,0,0
2026-04-15T14:10:41.600,-9.184,0,,0,0,0,0
2026-04-15T14:10:42.600,-9.197,0,,0,0,0,0
2026-04-15T14:10:43.590,-9.201,0,,0,0,0,0
2026-04-15T14:10:44.600,-9.196,0,,0,0,0,0
2026-04-15T14:10:45.600,-9.213,0,,0,0,0,0
2026-04-15T14:10:46.600,-9.200,0,,0,0,0,0
2026-04-15T14:10:47.600,-9.199,0,,0,0,0,0
2026-04-15T14:10:48.600,-9.200,0,,0,0,0,0
2026-04-15T14:10:49.590,-9.198,0,,0,0,0,0
2026-04-15T14:10:50.590,-9.210,0,,0,0,0,0
2026-04-15T14:10:51.600,-9.209,0,,0,0,0,0
2026-04-15T14:10:52.590,-9.206,0,,0,0,0,0
2026-04-15T14:10:53.600,-9.214,0,,0,0,0,0
2026-04-15T14:10:54.600,-9.214,0,,0,0,0,0
2026-04-15T14:10:55.600,-9.208,0,,0,0,0,0
2026-04-15T14:10:56.600,-9.217,0,,0,0,0,0
2026-04-15T14:10:57.600,-9.222,0,,0,0,0,0
2026-04-15T14:10:58.600,-9.218,0,,0,0,0,0
2026-04-15T14:10:59.600,-9.226,0,,0,0,0,0
2026-04-15T14:11:00.600,-9.227,0,,0,0,0,0
2026-04-15T14:11:01.600,-9.233,0,,0,0,0,0
2026-04-15T14:11:02.600,-9.224,0,,0,0,0,0
2026-04-15T14:11:03.600,-9.229,0,,0,0,0,0
2026-04-15T14:11:04.600,-9.235,0,,0,0,0,0
2026-04-15T14:11:05.600,-9.246,0,,0,0,0,0
2026-04-15T14:11:06.600,-9.228,0,,0,0,0,0
2026-04-15T14:11:07.590,-9.237,0,,0,0,0,0
2026-04-15T14:11:08.600,-9.239,0,,0,0,0,0
2026-04-15T14:11:09.600,-9.248,0,,0,0,0,0
2026-04-15T14:11:10.600,-9.242,0,,0,0,0,0
2026-04-15T14:11:11.600,-9.241,0,,0,0,0,0
2026-04-15T14:11:12.600,-9.236,0,,0,0,0,0
2026-04-15T14:11:13.600,-9.247,0,,0,0,0,0
2026-04-15T14:11:14.600,-9.262,0,,0,0,0,0
2026-04-15T14:11:15.600,-9.250,0,,0,0,0,0
2026-04-15T14:11:16.600,-9.257,0,,0,0,0,0
2026-04-15T14:11:17.600,-9.260,0,,0,0,0,0
2026-04-15T14:11:18.600,-9.255,0,,0,0,0,0
2026-04-15T14:11:19.590,-9.263,0,,0,0,0,0
2026-04-15T14:11:20.590,-9.259,0,,0,0,0,0
2026-04-15T14:11:21.600,-9.268,0,,0,0,0,0
2026-04-15T14:11:22.600,-9.264,0,,0,0,0,0
2026-04-15T14:11:23.600,-9.262,0,Image_69.png,0,0,0,0
2026-04-15T14:11:24.910,-9.270,0,,0,0,0,0
2026-04-15T14:11:25.600,-9.264,0,,0,0,0,0
2026-04-15T14:11:26.600,-9.270,0,,0,0,0,0
2026-04-15T14:11:27.600,-9.287,0,,0,0,0,0
2026-04-15T14:11:28.590,-9.298,0,,0,0,0,0
2026-04-15T14:11:29.600,-9.309,0,,0,0,0,0
2026-04-15T14:11:30.600,-9.316,0,,0,0,0,0
2026-04-15T14:11:31.600,-9.324,0,,0,0,0,0
2026-04-15T14:11:32.590,-9.307,0,,0,0,0,0
2026-04-15T14:11:33.600,-9.294,0,,0,0,0,0
2026-04-15T14:11:34.600,-9.311,0,,0,0,0,0
2026-04-15T14:11:35.600,-9.281,0,,0,0,0,0
2026-04-15T14:11:36.600,-9.291,0,,0,0,0,0
2026-04-15T14:11:37.600,-9.282,0,,0,0,0,0
2026-04-15T14:11:38.590,-9.293,0,,0,0,0,0
2026-04-15T14:11:39.600,-9.322,0,,0,0,0,0
2026-04-15T14:11:40.600,-9.347,0,,0,0,0,0
2026-04-15T14:11:41.600,-9.325,0,,0,0,0,0
2026-04-15T14:11:42.600,-9.307,0,,0,0,0,0
2026-04-15T14:11:43.590,-9.305,0,,0,0,0,0
2026-04-15T14:11:44.580,-9.308,0,,0,0,0,0
2026-04-15T14:11:45.600,-9.335,0,,0,0,0,0
2026-04-15T14:11:46.590,-9.349,0,,0,0,0,0
2026-04-15T14:11:47.600,-9.349,0,,0,0,0,0
2026-04-15T14:11:48.590,-9.351,0,,0,0,0,0
2026-04-15T14:11:49.600,-9.355,0,,0,0,0,0
2026-04-15T14:11:50.590,-9.355,0,,0,0,0,0
2026-04-15T14:11:51.600,-9.354,0,,0,0,0,0
2026-04-15T14:11:52.600,-9.354,0,,0,0,0,0
2026-04-15T14:11:53.600,-9.355,0,,0,0,0,0
2026-04-15T14:11:54.600,-9.360,0,,0,0,0,0
2026-04-15T14:11:55.600,-9.364,0,,0,0,0,0
2026-04-15T14:11:56.600,-9.370,0,,0,0,0,0
2026-04-15T14:11:57.600,-9.367,0,,0,0,0,0
2026-04-15T14:11:58.590,-9.373,0,,0,0,0,0
2026-04-15T14:11:59.600,-9.375,0,,0,0,0,0
2026-04-15T14:12:00.600,-9.374,0,,0,0,0,0
2026-04-15T14:12:01.600,-9.382,0,,0,0,0,0
2026-04-15T14:12:02.600,-9.373,0,,0,0,0,0
2026-04-15T14:12:03.600,-9.376,0,,0,0,0,0
2026-04-15T14:12:04.590,-9.378,0,,0,0,0,0
2026-04-15T14:12:05.600,-9.388,0,,0,0,0,0
2026-04-15T14:12:06.600,-9.386,0,,0,0,0,0
2026-04-15T14:12:07.600,-9.387,0,,0,0,0,0
2026-04-15T14:12:08.600,-9.381,0,,0,0,0,0
2026-04-15T14:12:09.600,-9.386,0,,0,0,0,0
2026-04-15T14:12:10.600,-9.385,0,,0,0,0,0
2026-04-15T14:12:11.590,-9.391,0,,0,0,0,0
2026-04-15T14:12:12.600,-9.377,0,,0,0,0,0
2026-04-15T14:12:13.600,-9.386,0,,0,0,0,0
2026-04-15T14:12:14.600,-9.381,0,,0,0,0,0
2026-04-15T14:12:15.600,-9.389,0,,0,0,0,0
2026-04-15T14:12:16.590,-9.399,0,,0,0,0,0
2026-04-15T14:12:17.600,-9.390,0,,0,0,0,0
2026-04-15T14:12:18.600,-9.396,0,,0,0,0,0
2026-04-15T14:12:19.600,-9.398,0,,0,0,0,0
2026-04-15T14:12:20.590,-9.397,0,,0,0,0,0
2026-04-15T14:12:21.600,-9.399,0,,0,0,0,0
2026-04-15T14:12:22.590,-9.408,0,,0,0,0,0
2026-04-15T14:12:23.600,-9.401,0,Image_70.png,0,0,0,0
2026-04-15T14:12:24.890,-9.404,0,,0,0,0,0
2026-04-15T14:12:25.600,-9.410,0,,0,0,0,0
2026-04-15T14:12:26.600,-9.413,0,,0,0,0,0
2026-04-15T14:12:27.600,-9.420,0,,0,0,0,0
2026-04-15T14:12:28.590,-9.418,0,,0,0,0,0
2026-04-15T14:12:29.580,-9.416,0,,0,0,0,0
2026-04-15T14:12:30.600,-9.424,0,,0,0,0,0
2026-04-15T14:12:31.600,-9.419,0,,0,0,0,0
2026-04-15T14:12:32.600,-9.419,0,,0,0,0,0
2026-04-15T14:12:33.600,-9.417,0,,0,0,0,0
2026-04-15T14:12:34.600,-9.423,0,,0,0,0,0
2026-04-15T14:12:35.600,-9.438,0,,0,0,0,0
2026-04-15T14:12:36.600,-9.448,0,,0,0,0,0
2026-04-15T14:12:37.590,-9.461,0,,0,0,0,0
2026-04-15T14:12:38.600,-9.464,0,,0,0,0,0
2026-04-15T14:12:39.600,-9.471,0,,0,0,0,0
2026-04-15T14:12:40.600,-9.464,0,,0,0,0,0
2026-04-15T14:12:41.600,-9.503,0,,0,0,0,0
2026-04-15T14:12:42.600,-9.477,0,,0,0,0,0
2026-04-15T14:12:43.590,-9.469,0,,0,0,0,0
2026-04-15T14:12:44.600,-9.463,0,,0,0,0,0
2026-04-15T14:12:45.600,-9.464,0,,0,0,0,0
2026-04-15T14:12:46.600,-9.467,0,,0,0,0,0
2026-04-15T14:12:47.600,-9.489,0,,0,0,0,0
2026-04-15T14:12:48.600,-9.498,0,,0,0,0,0
2026-04-15T14:12:49.600,-9.526,0,,0,0,0,0
2026-04-15T14:12:50.600,-9.524,0,,0,0,0,0
2026-04-15T14:12:51.600,-9.510,0,,0,0,0,0
2026-04-15T14:12:52.590,-9.496,0,,0,0,0,0
2026-04-15T14:12:53.590,-9.501,0,,0,0,0,0
2026-04-15T14:12:54.600,-9.501,0,,0,0,0,0
2026-04-15T14:12:55.590,-9.514,0,,0,0,0,0
2026-04-15T14:12:56.600,-9.494,0,,0,0,0,0
2026-04-15T14:12:57.600,-9.514,0,,0,0,0,0
2026-04-15T14:12:58.590,-9.487,0,,0,0,0,0
2026-04-15T14:12:59.600,-9.492,0,,0,0,0,0
2026-04-15T14:13:00.600,-9.499,0,,0,0,0,0
2026-04-15T14:13:01.600,-9.518,0,,0,0,0,0
2026-04-15T14:13:02.600,-9.518,0,,0,0,0,0
2026-04-15T14:13:03.590,-9.510,0,,0,0,0,0
2026-04-15T14:13:04.600,-9.503,0,,0,0,0,0
2026-04-15T14:13:05.600,-9.501,0,,0,0,0,0
2026-04-15T14:13:06.600,-9.498,0,,0,0,0,0
2026-04-15T14:13:07.590,-9.522,0,,0,0,0,0
2026-04-15T14:13:08.590,-9.543,0,,0,0,0,0
2026-04-15T14:13:09.600,-9.544,0,,0,0,0,0
2026-04-15T14:13:10.600,-9.564,0,,0,0,0,0
2026-04-15T14:13:11.600,-9.572,0,,0,0,0,0
2026-04-15T14:13:12.600,-9.581,0,,0,0,0,0
2026-04-15T14:13:13.590,-9.569,0,,0,0,0,0
2026-04-15T14:13:14.600,-9.586,0,,0,0,0,0
2026-04-15T14:13:15.600,-9.564,0,,0,0,0,0
2026-04-15T14:13:16.590,-9.567,0,,0,0,0,0
2026-04-15T14:13:17.600,-9.571,0,,0,0,0,0
2026-04-15T14:13:18.600,-9.582,0,,0,0,0,0
2026-04-15T14:13:19.600,-9.599,0,,0,0,0,0
2026-04-15T14:13:20.600,-9.602,0,,0,0,0,0
2026-04-15T14:13:21.600,-9.599,0,,0,0,0,0
2026-04-15T14:13:22.600,-9.600,0,,0,0,0,0
2026-04-15T14:13:23.600,-9.609,0,,0,0,0,0
2026-04-15T14:13:24.600,-9.608,0,Image_71.png,0,0,0,0
2026-04-15T14:13:25.900,-9.611,0,,0,0,0,0
2026-04-15T14:13:26.600,-9.612,0,,0,0,0,0
2026-04-15T14:13:27.600,-9.616,0,,0,0,0,0
2026-04-15T14:13:28.590,-9.615,0,,0,0,0,0
2026-04-15T14:13:29.600,-9.615,0,,0,0,0,0
2026-04-15T14:13:30.600,-9.619,0,,0,0,0,0
2026-04-15T14:13:31.590,-9.625,0,,0,0,0,0
2026-04-15T14:13:32.600,-9.628,0,,0,0,0,0
2026-04-15T14:13:33.600,-9.616,0,,0,0,0,0
2026-04-15T14:13:34.600,-9.621,0,,0,0,0,0
2026-04-15T14:13:35.600,-9.624,0,,0,0,0,0
2026-04-15T14:13:36.600,-9.622,0,,0,0,0,0
2026-04-15T14:13:37.600,-9.629,0,,0,0,0,0
2026-04-15T14:13:38.600,-9.634,0,,0,0,0,0
2026-04-15T14:13:39.600,-9.633,0,,0,0,0,0
2026-04-15T14:13:40.590,-9.633,0,,0,0,0,0
2026-04-15T14:13:41.600,-9.633,0,,0,0,0,0
2026-04-15T14:13:42.600,-9.635,0,,0,0,0,0
2026-04-15T14:13:43.600,-9.638,0,,0,0,0,0
2026-04-15T14:13:44.600,-9.642,0,,0,0,0,0
2026-04-15T14:13:45.600,-9.638,0,,0,0,0,0
2026-04-15T14:13:46.640,-9.654,0,,0,0,0,0
2026-04-15T14:13:47.600,-9.646,0,,0,0,0,0
2026-04-15T14:13:48.600,-9.641,0,,0,0,0,0
2026-04-15T14:13:49.590,-9.645,0,,0,0,0,0
2026-04-15T14:13:51.070,-9.651,0,,0,0,0,0
2026-04-15T14:13:51.600,-9.648,0,,0,0,0,0
2026-04-15T14:13:52.600,-9.661,0,,0,0,0,0
2026-04-15T14:13:53.600,-9.657,0,,0,0,0,0
2026-04-15T14:13:54.600,-9.657,0,,0,0,0,0
2026-04-15T14:13:55.600,-9.656,0,,0,0,0,0
2026-04-15T14:13:56.600,-9.654,0,,0,0,0,0
2026-04-15T14:13:57.600,-9.667,0,,0,0,0,0
2026-04-15T14:13:58.600,-9.668,0,,0,0,0,0
2026-04-15T14:13:59.600,-9.671,0,,0,0,0,0
2026-04-15T14:14:00.600,-9.667,0,,0,0,0,0
2026-04-15T14:14:01.600,-9.676,0,,0,0,0,0
2026-04-15T14:14:02.600,-9.682,0,,0,0,0,0
2026-04-15T14:14:03.600,-9.677,0,,0,0,0,0
2026-04-15T14:14:04.600,-9.686,0,,0,0,0,0
2026-04-15T14:14:05.600,-9.693,0,,0,0,0,0
2026-04-15T14:14:06.630,-9.689,0,,0,0,0,0
2026-04-15T14:14:07.600,-9.695,0,,0,0,0,0
2026-04-15T14:14:08.600,-9.705,0,,0,1,0,0
2026-04-15T14:14:09.600,-9.718,0,,0,1,0,0
2026-04-15T14:14:10.600,-9.708,0,,0,1,0,0
2026-04-15T14:14:11.600,-9.723,0,,0,1,0,0
2026-04-15T14:14:12.600,-9.717,0,,0,1,0,0
2026-04-15T14:14:13.590,-9.728,0,,0,1,0,0
2026-04-15T14:14:14.600,-9.724,0,,0,1,0,0
2026-04-15T14:14:15.600,-9.733,0,,0,1,0,0
2026-04-15T14:14:16.590,-9.738,0,,0,1,0,0
2026-04-15T14:14:17.600,-9.742,0,,0,1,0,0
2026-04-15T14:14:18.600,-9.739,0,,0,1,0,0
2026-04-15T14:14:19.600,-9.748,0,,0,1,0,0
2026-04-15T14:14:20.590,-9.755,0,,0,1,0,0
2026-04-15T14:14:21.600,-9.765,0,,0,1,0,0
2026-04-15T14:14:22.600,-9.764,0,,0,1,0,0
2026-04-15T14:14:23.600,-9.755,0,,0,1,0,0
2026-04-15T14:14:24.600,-9.757,0,,0,1,0,0
2026-04-15T14:14:25.600,-9.773,0,Image_72.png,0,1,0,0
2026-04-15T14:14:26.910,-9.768,0,,0,1,0,0
2026-04-15T14:14:27.590,-9.783,0,,0,1,0,0
2026-04-15T14:14:28.600,-9.786,0,,0,1,0,0
2026-04-15T14:14:29.580,-9.781,0,,0,1,0,0
2026-04-15T14:14:30.600,-9.786,0,,0,1,0,0
2026-04-15T14:14:31.600,-9.790,0,,0,1,0,0
2026-04-15T14:14:32.600,-9.798,0,,0,1,0,0
2026-04-15T14:14:33.600,-9.809,0,,0,1,0,0
2026-04-15T14:14:34.590,-9.801,0,,0,1,0,0
2026-04-15T14:14:35.600,-9.798,0,,0,1,0,0
2026-04-15T14:14:36.600,-9.796,0,,0,1,0,0
2026-04-15T14:14:37.600,-9.801,0,,0,1,0,0
2026-04-15T14:14:38.590,-9.801,0,,0,1,0,0
2026-04-15T14:14:39.600,-9.819,0,,0,1,0,0
2026-04-15T14:14:41.750,-9.832,0,,0,1,0,0
2026-04-15T14:14:42.600,-9.830,0,,0,1,0,0
2026-04-15T14:14:43.600,-9.829,0,,0,1,0,0
2026-04-15T14:14:44.600,-9.856,0,,0,1,0,0
2026-04-15T14:14:45.600,-9.860,0,,0,1,0,0
2026-04-15T14:14:46.600,-9.866,0,,0,1,0,0
2026-04-15T14:14:47.600,-9.837,0,,0,1,0,0
2026-04-15T14:14:48.600,-9.836,0,,0,1,0,0
2026-04-15T14:14:49.590,-9.820,0,,0,1,0,0
2026-04-15T14:14:50.600,-9.813,0,,0,1,0,0
2026-04-15T14:14:51.600,-9.821,0,,0,1,0,0
2026-04-15T14:14:52.600,-9.806,0,,0,1,0,0
2026-04-15T14:14:53.600,-9.830,0,,0,1,0,0
2026-04-15T14:14:54.600,-9.818,0,,0,1,0,0
2026-04-15T14:14:55.600,-9.815,0,,0,1,0,0
2026-04-15T14:14:56.600,-9.825,0,,0,1,0,0
2026-04-15T14:14:57.600,-9.835,0,,0,1,0,0
2026-04-15T14:14:58.590,-9.835,0,,0,2,0,0
2026-04-15T14:14:59.600,-9.852,0,,0,2,0,0
2026-04-15T14:15:00.600,-9.850,0,,0,2,0,0
2026-04-15T14:15:01.600,-9.858,0,,0,2,0,0
2026-04-15T14:15:02.600,-9.855,0,,0,2,0,0
2026-04-15T14:15:03.600,-9.837,0,,0,2,0,0
2026-04-15T14:15:04.600,-9.852,0,,0,2,0,0
2026-04-15T14:15:05.600,-9.861,0,,0,2,0,0
2026-04-15T14:15:06.600,-9.884,0,,0,2,0,0
2026-04-15T14:15:07.600,-9.901,0,,0,2,0,0
2026-04-15T14:15:08.600,-9.887,0,,0,2,0,0
2026-04-15T14:15:09.600,-9.872,0,,0,2,0,0
2026-04-15T14:15:10.600,-9.856,0,,0,3,0,0
2026-04-15T14:15:11.600,-9.836,0,,0,4,0,0
2026-04-15T14:15:12.600,-9.842,0,,0,4,0,0
2026-04-15T14:15:13.590,-9.876,0,,0,4,0,0
2026-04-15T14:15:14.590,-9.884,0,,0,4,0,0
2026-04-15T14:15:15.600,-9.899,0,,0,4,0,0
2026-04-15T14:15:16.600,-9.907,0,,0,5,0,0
2026-04-15T14:15:17.600,-9.899,0,,0,5,0,0
2026-04-15T14:15:18.600,-9.916,0,,0,5,0,0
2026-04-15T14:15:19.580,-9.910,0,,0,5,0,0
2026-04-15T14:15:20.580,-9.912,0,,0,6,0,0
2026-04-15T14:15:21.580,-9.904,0,,0,6,0,0
2026-04-15T14:15:22.580,-9.877,0,,0,6,0,0
2026-04-15T14:15:23.580,-9.877,0,,0,6,0,0
2026-04-15T14:15:24.570,-9.892,0,,0,6,0,0
2026-04-15T14:15:25.580,-9.882,0,,0,6,0,0
2026-04-15T14:15:26.580,-9.925,0,Image_73.png,0,6,0,0
2026-04-15T14:15:27.900,-9.919,0,,0,6,0,0
2026-04-15T14:15:28.570,-9.923,0,,0,6,0,0
2026-04-15T14:15:29.580,-9.916,0,,0,6,0,0
2026-04-15T14:15:30.570,-9.924,0,,0,6,0,0
2026-04-15T14:15:31.570,-9.912,0,,0,6,0,0
2026-04-15T14:15:32.570,-9.914,0,,0,6,0,0
2026-04-15T14:15:33.580,-9.921,0,,0,6,0,0
2026-04-15T14:15:34.930,-9.917,0,,0,6,0,0
2026-04-15T14:15:35.580,-9.917,0,,0,6,0,0
2026-04-15T14:15:36.580,-9.927,0,,0,6,0,0
2026-04-15T14:15:37.580,-9.925,0,,0,6,1,0
2026-04-15T14:15:38.580,-9.932,0,,0,6,1,0
2026-04-15T14:15:39.580,-9.928,0,,0,6,1,0
2026-04-15T14:15:41.050,-9.932,0,,0,6,1,0
2026-04-15T14:15:41.570,-9.934,0,,0,6,1,0
2026-04-15T14:15:42.580,-9.924,0,,0,6,1,0
2026-04-15T14:15:43.580,-9.927,0,,0,6,1,0
2026-04-15T14:15:44.580,-9.934,0,,0,6,1,0
2026-04-15T14:15:45.580,-9.939,0,,0,6,1,0
2026-04-15T14:15:46.570,-9.931,0,,0,6,1,0
2026-04-15T14:15:47.580,-9.934,0,,0,6,1,0
2026-04-15T14:15:48.580,-9.935,0,,0,6,1,0
2026-04-15T14:15:49.580,-9.928,0,,0,6,1,0
2026-04-15T14:15:50.580,-9.932,0,,0,6,1,0
2026-04-15T14:15:51.570,-9.932,0,,0,6,1,0
2026-04-15T14:15:52.580,-9.946,0,,0,6,1,0
2026-04-15T14:15:53.580,-9.931,0,,0,6,1,0
2026-04-15T14:15:54.580,-9.929,0,,0,6,1,0
2026-04-15T14:15:55.590,-9.951,0,,0,6,1,1
2026-04-15T14:15:56.580,-9.946,0,,0,6,1,1
2026-04-15T14:15:57.580,-9.936,0,,0,6,1,1
2026-04-15T14:15:58.570,-9.943,0,,0,6,1,1
2026-04-15T14:15:59.570,-9.945,0,,0,6,1,1
2026-04-15T14:16:00.570,-9.944,0,,0,6,1,1
2026-04-15T14:16:01.580,-9.944,0,,0,6,1,1
2026-04-15T14:16:02.580,-9.946,0,,0,6,1,1
2026-04-15T14:16:03.570,-9.952,0,,0,6,1,1
2026-04-15T14:16:04.570,-9.948,0,,0,6,1,1
2026-04-15T14:16:05.570,-9.948,0,,0,6,1,1
2026-04-15T14:16:06.580,-9.946,0,,0,6,1,1
2026-04-15T14:16:07.570,-9.944,0,,0,6,1,1
2026-04-15T14:16:08.580,-9.934,0,,0,6,1,1
2026-04-15T14:16:09.580,-9.955,0,,0,6,1,1
2026-04-15T14:16:10.580,-9.949,0,,0,6,1,1
2026-04-15T14:16:11.580,-9.960,0,,0,6,1,1
2026-04-15T14:16:12.580,-9.949,0,,0,6,1,1
2026-04-15T14:16:13.580,-9.955,0,,0,6,1,1
2026-04-15T14:16:14.580,-9.949,0,,0,6,1,1
2026-04-15T14:16:15.580,-9.949,0,,0,6,1,1
2026-04-15T14:16:16.580,-9.978,0,,0,6,1,1
2026-04-15T14:16:17.580,-9.992,0,,0,6,1,1
2026-04-15T14:16:18.580,-9.986,0,,0,6,1,1
2026-04-15T14:16:19.570,-9.991,0,,0,6,1,1
2026-04-15T14:16:20.570,-9.980,0,,0,6,1,1
2026-04-15T14:16:21.580,-9.963,0,,0,6,1,1
2026-04-15T14:16:22.580,-9.981,0,,0,6,1,1
2026-04-15T14:16:23.580,-9.976,0,,0,6,1,1
2026-04-15T14:16:24.570,-9.980,0,,0,6,1,1
2026-04-15T14:16:25.580,-9.985,0,,0,6,1,1
2026-04-15T14:16:26.580,-9.966,0,Image_74.png,0,6,1,1
2026-04-15T14:16:27.910,-9.969,0,,0,6,1,1
2026-04-15T14:16:28.580,-9.967,0,,0,6,1,1
2026-04-15T14:16:29.580,-9.966,0,,0,7,1,1
2026-04-15T14:16:30.580,-9.969,0,,0,7,1,1
2026-04-15T14:16:31.580,-9.971,0,,0,7,1,1
2026-04-15T14:16:32.580,-9.985,0,,0,7,1,1
2026-04-15T14:16:33.580,-9.990,0,,0,7,1,1
2026-04-15T14:16:34.580,-9.982,0,,0,7,1,1
2026-04-15T14:16:35.580,-9.991,0,,0,7,1,1
2026-04-15T14:16:36.580,-9.986,0,,0,7,1,1
2026-04-15T14:16:37.580,-9.989,0,,0,7,1,1
2026-04-15T14:16:38.580,-9.993,0,,0,7,1,1
2026-04-15T14:16:39.580,-9.994,0,,0,8,1,1
2026-04-15T14:16:40.580,-9.991,0,,0,8,1,1
2026-04-15T14:16:41.580,-9.979,0,,0,8,1,1
2026-04-15T14:16:42.580,-9.974,0,,0,8,2,1
2026-04-15T14:16:43.580,-9.980,0,,0,8,2,1
2026-04-15T14:16:44.580,-9.973,0,,0,8,2,1
2026-04-15T14:16:45.580,-9.996,0,,0,8,2,1
2026-04-15T14:16:46.580,-10.023,0,,0,8,2,1
2026-04-15T14:16:47.580,-10.037,0,,0,8,2,1
2026-04-15T14:16:48.580,-10.037,0,,0,8,2,1
2026-04-15T14:16:49.580,-10.017,0,,0,8,2,1
2026-04-15T14:16:50.580,-10.001,0,,0,8,2,1
2026-04-15T14:16:51.570,-9.993,0,,0,8,2,1
2026-04-15T14:16:52.580,-9.990,0,,0,8,2,1
2026-04-15T14:16:53.570,-9.984,0,,0,8,2,1
2026-04-15T14:16:54.570,-9.997,0,,0,8,2,1
2026-04-15T14:16:55.580,-10.008,0,,0,8,2,1
2026-04-15T14:16:56.580,-10.015,0,,0,8,2,1
2026-04-15T14:16:57.580,-10.018,0,,0,8,2,1
2026-04-15T14:16:58.580,-10.022,0,,0,8,2,1
2026-04-15T14:16:59.580,-9.990,0,,0,8,2,1
2026-04-15T14:17:00.570,-9.996,0,,0,8,2,1
2026-04-15T14:17:01.570,-10.006,0,,0,9,2,1
2026-04-15T14:17:02.580,-10.023,0,,0,9,2,1
2026-04-15T14:17:03.580,-10.036,0,,0,9,2,1
2026-04-15T14:17:04.580,-10.057,0,,0,9,2,1
2026-04-15T14:17:05.580,-10.051,0,,0,9,2,1
2026-04-15T14:17:06.580,-10.039,0,,0,9,2,1
2026-04-15T14:17:07.580,-10.022,0,,0,9,2,1
2026-04-15T14:17:08.580,-10.019,0,,0,9,2,1
2026-04-15T14:17:09.590,-10.033,0,,0,9,2,1
2026-04-15T14:17:10.600,-10.056,0,,0,9,2,1
2026-04-15T14:17:11.580,-10.081,0,,0,10,2,1
2026-04-15T14:17:12.580,-10.071,0,,0,10,2,1
2026-04-15T14:17:13.580,-10.060,0,,0,10,2,1
2026-04-15T14:17:14.640,-10.070,0,,0,10,2,1
2026-04-15T14:17:15.580,-10.051,0,,0,10,2,1
2026-04-15T14:17:16.580,-10.036,0,,0,10,2,1
2026-04-15T14:17:17.580,-10.036,0,,0,10,2,1
2026-04-15T14:17:18.580,-10.045,0,,0,10,2,1
2026-04-15T14:17:19.580,-10.041,0,,0,10,2,1
2026-04-15T14:17:20.580,-10.054,0,,0,10,2,1
2026-04-15T14:17:21.580,-10.081,0,,0,10,2,1
2026-04-15T14:17:22.580,-10.056,0,,0,10,2,1
2026-04-15T14:17:23.580,-10.091,0,,0,10,2,1
2026-04-15T14:17:24.580,-10.091,0,,0,10,2,1
2026-04-15T14:17:25.580,-10.086,0,,0,10,2,1
2026-04-15T14:17:26.580,-10.122,0,Image_75.png,0,10,2,1
2026-04-15T14:17:27.920,-10.117,0,,0,10,2,1
2026-04-15T14:17:28.580,-10.116,0,,0,10,2,1
2026-04-15T14:17:29.580,-10.130,0,,0,10,2,1
2026-04-15T14:17:30.570,-10.103,0,,0,10,2,1
2026-04-15T14:17:31.570,-10.111,0,,0,10,2,1
2026-04-15T14:17:32.570,-10.117,0,,0,10,2,1
2026-04-15T14:17:33.570,-10.117,0,,0,10,2,1
2026-04-15T14:17:34.580,-10.141,0,,0,10,2,1
2026-04-15T14:17:35.580,-10.118,0,,0,10,2,1
2026-04-15T14:17:36.580,-10.133,0,,0,10,2,1
2026-04-15T14:17:37.580,-10.127,0,,0,11,2,1
2026-04-15T14:17:38.580,-10.128,0,,0,11,2,1
2026-04-15T14:17:39.580,-10.162,0,,0,11,2,1
2026-04-15T14:17:40.590,-10.154,0,,0,11,2,1
2026-04-15T14:17:41.580,-10.152,0,,0,11,2,1
2026-04-15T14:17:42.580,-10.150,0,,0,11,2,1
2026-04-15T14:17:43.570,-10.160,0,,0,11,2,1
2026-04-15T14:17:44.570,-10.157,0,,0,11,2,1
2026-04-15T14:17:45.580,-10.146,0,,0,11,2,1
2026-04-15T14:17:46.580,-10.158,0,,0,11,2,1
2026-04-15T14:17:47.580,-10.149,0,,0,11,2,1
2026-04-15T14:17:48.580,-10.142,0,,0,11,2,1
2026-04-15T14:17:49.580,-10.140,0,,0,11,2,1
2026-04-15T14:17:50.640,-10.142,0,,0,11,2,1
2026-04-15T14:17:51.580,-10.116,0,,0,11,2,1
2026-04-15T14:17:52.570,-10.128,0,,0,11,2,1
2026-04-15T14:17:53.580,-10.146,0,,0,11,2,1
2026-04-15T14:17:54.580,-10.149,0,,0,12,2,1
2026-04-15T14:17:55.580,-10.164,0,,0,12,2,1
2026-04-15T14:17:56.580,-10.176,0,,0,12,2,1
2026-04-15T14:17:57.580,-10.168,0,,0,13,2,1
2026-04-15T14:17:58.580,-10.150,0,,0,13,2,1
2026-04-15T14:17:59.580,-10.163,0,,0,13,2,1
2026-04-15T14:18:00.580,-10.154,0,,0,13,2,1
2026-04-15T14:18:01.580,-10.179,0,,0,13,2,1
2026-04-15T14:18:02.580,-10.188,0,,0,13,2,1
2026-04-15T14:18:03.580,-10.193,0,,0,13,2,1
2026-04-15T14:18:04.570,-10.186,0,,0,13,2,1
2026-04-15T14:18:05.580,-10.209,0,,0,13,2,1
2026-04-15T14:18:06.580,-10.196,0,,0,13,2,1
2026-04-15T14:18:07.580,-10.191,0,,0,13,2,1
2026-04-15T14:18:08.580,-10.198,0,,0,13,2,1
2026-04-15T14:18:09.570,-10.210,0,,0,13,2,1
2026-04-15T14:18:10.580,-10.203,0,,0,13,2,1
2026-04-15T14:18:11.580,-10.205,0,,0,13,2,1
2026-04-15T14:18:12.580,-10.209,0,,0,13,2,1
2026-04-15T14:18:13.580,-10.207,0,,0,13,2,1
2026-04-15T14:18:14.580,-10.216,0,,0,13,2,1
2026-04-15T14:18:15.580,-10.228,0,,0,13,2,1
2026-04-15T14:18:16.580,-10.223,0,,0,13,2,1
2026-04-15T14:18:17.580,-10.227,0,,0,13,2,1
2026-04-15T14:18:18.580,-10.224,0,,0,13,2,1
2026-04-15T14:18:19.580,-10.215,0,,0,13,2,1
2026-04-15T14:18:20.580,-10.227,0,,0,13,2,1
2026-04-15T14:18:21.570,-10.227,0,,0,14,2,1
2026-04-15T14:18:22.580,-10.236,0,,0,14,2,1
2026-04-15T14:18:23.580,-10.225,0,,0,14,2,1
2026-04-15T14:18:24.580,-10.247,0,,0,14,2,1
2026-04-15T14:18:25.570,-10.232,0,,0,15,2,1
2026-04-15T14:18:26.570,-10.236,0,,0,16,2,1
2026-04-15T14:18:27.580,-10.233,0,Image_76.png,0,16,2,1
2026-04-15T14:18:28.910,-10.253,0,,0,16,3,1
2026-04-15T14:18:29.580,-10.259,0,,0,16,3,1
2026-04-15T14:18:30.580,-10.251,0,,0,16,3,1
2026-04-15T14:18:31.580,-10.261,0,,0,16,3,1
2026-04-15T14:18:32.580,-10.244,0,,0,16,3,1
2026-04-15T14:18:33.580,-10.250,0,,0,16,3,1
2026-04-15T14:18:34.580,-10.246,0,,0,16,3,1
2026-04-15T14:18:35.580,-10.255,0,,0,16,3,1
2026-04-15T14:18:36.580,-10.247,0,,0,17,3,1
2026-04-15T14:18:37.580,-10.240,0,,0,17,3,1
2026-04-15T14:18:38.580,-10.249,0,,0,17,3,1
2026-04-15T14:18:39.580,-10.259,0,,0,17,3,1
2026-04-15T14:18:40.570,-10.260,0,,0,17,3,1
2026-04-15T14:18:41.580,-10.250,0,,0,17,3,1
2026-04-15T14:18:42.600,-10.253,0,,0,17,3,1
2026-04-15T14:18:43.580,-10.259,0,,0,17,3,1
2026-04-15T14:18:44.580,-10.265,0,,0,17,3,1
2026-04-15T14:18:45.580,-10.258,0,,0,17,3,1
2026-04-15T14:18:46.580,-10.259,0,,0,17,3,1
2026-04-15T14:18:47.580,-10.268,0,,0,17,3,1
2026-04-15T14:18:48.580,-10.264,0,,0,17,3,1
2026-04-15T14:18:49.580,-10.271,0,,0,17,3,1
2026-04-15T14:18:50.580,-10.269,0,,0,17,3,1
2026-04-15T14:18:51.580,-10.270,0,,0,17,3,1
2026-04-15T14:18:52.580,-10.276,0,,0,17,3,1
2026-04-15T14:18:53.570,-10.273,0,,0,17,3,1
2026-04-15T14:18:54.580,-10.269,0,,0,17,3,1
2026-04-15T14:18:55.590,-10.276,0,,0,17,3,1
2026-04-15T14:18:56.580,-10.279,0,,0,17,3,1
2026-04-15T14:18:57.580,-10.280,0,,0,17,3,1
2026-04-15T14:18:58.580,-10.280,0,,0,17,3,1
2026-04-15T14:18:59.580,-10.265,0,,0,17,3,1
2026-04-15T14:19:00.580,-10.269,0,,0,17,3,1
2026-04-15T14:19:01.580,-10.281,0,,0,17,3,1
2026-04-15T14:19:02.580,-10.264,0,,0,17,3,1
2026-04-15T14:19:03.580,-10.291,0,,0,17,3,1
2026-04-15T14:19:04.580,-10.284,0,,0,17,3,1
2026-04-15T14:19:05.580,-10.301,0,,0,17,3,1
2026-04-15T14:19:06.580,-10.289,0,,0,17,3,1
2026-04-15T14:19:07.580,-10.290,0,,0,17,3,1
2026-04-15T14:19:08.590,-10.293,0,,0,18,3,1
2026-04-15T14:19:09.580,-10.298,0,,0,18,3,1
2026-04-15T14:19:10.580,-10.300,0,,0,18,3,1
2026-04-15T14:19:11.570,-10.297,0,,0,19,3,1
2026-04-15T14:19:12.970,-10.305,0,,0,19,3,1
2026-04-15T14:19:13.580,-10.300,0,,0,19,3,1
2026-04-15T14:19:14.580,-10.309,0,,0,19,3,1
2026-04-15T14:19:15.580,-10.313,0,,0,20,3,1
2026-04-15T14:19:16.580,-10.300,0,,0,20,3,1
2026-04-15T14:19:17.580,-10.298,0,,0,20,3,1
2026-04-15T14:19:18.580,-10.314,0,,0,20,3,1
2026-04-15T14:19:19.580,-10.307,0,,0,20,3,1
2026-04-15T14:19:20.580,-10.308,0,,0,20,3,1
2026-04-15T14:19:21.580,-10.298,0,,0,20,3,1
2026-04-15T14:19:22.590,-10.309,0,,0,20,3,1
2026-04-15T14:19:23.580,-10.326,0,,0,20,3,1
2026-04-15T14:19:24.580,-10.297,0,,0,20,3,1
2026-04-15T14:19:25.590,-10.304,0,,0,20,3,1
2026-04-15T14:19:26.580,-10.298,0,,0,20,3,1
2026-04-15T14:19:27.580,-10.309,0,Image_77.png,0,20,3,1
2026-04-15T14:19:29.560,-10.313,0,,0,20,3,1
2026-04-15T14:19:30.580,-10.305,0,,0,20,3,1
2026-04-15T14:19:31.580,-10.321,0,,0,20,3,1
2026-04-15T14:19:32.580,-10.311,0,,0,20,3,1
2026-04-15T14:19:33.580,-10.340,0,,0,20,3,1
2026-04-15T14:19:34.580,-10.340,0,,0,20,3,1
2026-04-15T14:19:35.580,-10.340,0,,0,20,3,1
2026-04-15T14:19:36.580,-10.338,0,,0,20,3,1
2026-04-15T14:19:37.590,-10.316,0,,0,20,3,1
2026-04-15T14:19:38.580,-10.323,0,,0,20,3,1
2026-04-15T14:19:39.600,-10.327,0,,0,20,3,1
2026-04-15T14:19:40.580,-10.328,0,,0,20,3,1
2026-04-15T14:19:41.700,-10.316,0,,0,20,3,1
2026-04-15T14:19:42.770,-10.325,0,,0,20,3,1
2026-04-15T14:19:43.590,-10.328,0,,0,20,3,1
2026-04-15T14:19:44.580,-10.315,0,,0,20,3,1
2026-04-15T14:19:45.580,-10.335,0,,0,20,3,1
2026-04-15T14:19:47.110,-10.328,0,,0,20,3,1
2026-04-15T14:19:47.580,-10.337,0,,0,20,4,1
2026-04-15T14:19:48.580,-10.338,0,,0,22,4,1
2026-04-15T14:19:49.580,-10.335,0,,0,22,4,1
2026-04-15T14:19:50.600,-10.335,0,,0,22,4,1
2026-04-15T14:19:51.780,-10.344,0,,0,22,4,1
2026-04-15T14:19:52.760,-10.343,0,,0,22,4,1
2026-04-15T14:19:53.740,-10.362,0,,0,22,4,1
2026-04-15T14:19:54.600,-10.379,0,,0,22,4,1
2026-04-15T14:19:55.600,-10.370,0,,0,22,4,1
2026-04-15T14:19:56.600,-10.374,0,,0,22,4,1
2026-04-15T14:19:57.600,-10.378,0,,0,23,4,1
2026-04-15T14:19:58.590,-10.376,0,,0,23,4,1
2026-04-15T14:19:59.600,-10.366,0,,0,23,4,1
2026-04-15T14:20:00.600,-10.357,0,,0,23,4,1
2026-04-15T14:20:01.600,-10.384,0,,0,23,4,1
2026-04-15T14:20:02.590,-10.401,0,,0,23,4,1
2026-04-15T14:20:03.580,-10.402,0,,0,23,4,1
2026-04-15T14:20:04.590,-10.419,0,,0,23,4,1
2026-04-15T14:20:05.600,-10.410,0,,0,23,4,1
2026-04-15T14:20:06.600,-10.392,0,,0,23,4,1
2026-04-15T14:20:07.590,-10.426,0,,0,23,4,1
2026-04-15T14:20:08.590,-10.408,0,,0,23,4,1
2026-04-15T14:20:09.600,-10.420,0,,0,23,4,1
2026-04-15T14:20:10.580,-10.411,0,,0,23,4,1
2026-04-15T14:20:11.600,-10.404,0,,0,23,4,1
2026-04-15T14:20:12.590,-10.411,0,,0,23,4,1
2026-04-15T14:20:13.600,-10.394,0,,0,23,4,1
2026-04-15T14:20:14.590,-10.413,0,,0,23,4,1
2026-04-15T14:20:15.600,-10.427,0,,0,23,4,1
2026-04-15T14:20:16.600,-10.461,0,,0,23,4,1
2026-04-15T14:20:17.600,-10.451,0,,0,23,4,1
2026-04-15T14:20:18.600,-10.419,0,,0,23,4,1
2026-04-15T14:20:19.590,-10.411,0,,0,23,4,1
2026-04-15T14:20:20.590,-10.402,0,,0,23,4,1
2026-04-15T14:20:21.600,-10.439,0,,0,23,4,1
2026-04-15T14:20:22.590,-10.446,0,,0,23,4,1
2026-04-15T14:20:23.580,-10.445,0,,0,24,4,1
2026-04-15T14:20:24.580,-10.445,0,,0,24,4,1
2026-04-15T14:20:25.580,-10.449,0,,0,24,4,1
2026-04-15T14:20:26.580,-10.439,0,,0,24,4,1
2026-04-15T14:20:27.580,-10.448,0,Image_78.png,0,24,4,1
2026-04-15T14:20:29.100,-10.434,0,,0,24,4,1
2026-04-15T14:20:29.580,-10.432,0,,0,24,4,1
2026-04-15T14:20:30.580,-10.408,0,,0,24,4,1
2026-04-15T14:20:31.580,-10.432,0,,0,24,4,1
2026-04-15T14:20:32.580,-10.443,0,,0,24,4,1
2026-04-15T14:20:33.600,-10.445,0,,0,24,4,1
2026-04-15T14:20:34.580,-10.447,0,,0,24,4,1
2026-04-15T14:20:35.580,-10.432,0,,0,24,4,1
2026-04-15T14:20:36.580,-10.438,0,,0,24,4,1
2026-04-15T14:20:37.580,-10.436,0,,0,24,4,1
2026-04-15T14:20:38.580,-10.412,0,,0,24,4,1
2026-04-15T14:20:39.580,-10.410,0,,0,24,4,1
2026-04-15T14:20:40.580,-10.406,0,,0,24,4,1
2026-04-15T14:20:41.580,-10.423,0,,0,24,4,1
2026-04-15T14:20:42.600,-10.463,0,,0,24,4,1
2026-04-15T14:20:43.590,-10.461,0,,0,25,4,1
2026-04-15T14:20:44.600,-10.465,0,,0,26,4,1
2026-04-15T14:20:45.600,-10.469,0,,0,26,4,1
2026-04-15T14:20:46.590,-10.455,0,,0,26,4,1
2026-04-15T14:20:47.580,-10.434,0,,0,26,4,1
2026-04-15T14:20:48.580,-10.455,0,,0,26,4,1
2026-04-15T14:20:49.580,-10.427,0,,0,26,4,1
2026-04-15T14:20:50.580,-10.455,0,,0,26,4,1
2026-04-15T14:20:51.600,-10.462,0,,0,26,4,1
2026-04-15T14:20:52.640,-10.443,0,,0,26,4,1
2026-04-15T14:20:53.600,-10.434,0,,0,26,4,1
2026-04-15T14:20:54.640,-10.453,0,,0,26,4,1
2026-04-15T14:20:55.600,-10.448,0,,0,26,4,1
2026-04-15T14:20:56.640,-10.454,0,,0,26,4,1
2026-04-15T14:20:57.580,-10.453,0,,0,26,4,1
2026-04-15T14:20:58.580,-10.475,0,,0,26,4,1
2026-04-15T14:20:59.580,-10.455,0,,0,26,4,1
2026-04-15T14:21:00.580,-10.450,0,,0,26,4,1
2026-04-15T14:21:01.580,-10.444,0,,0,26,4,1
2026-04-15T14:21:02.670,-10.459,0,,0,26,4,1
2026-04-15T14:21:03.580,-10.461,0,,0,26,4,1
2026-04-15T14:21:04.580,-10.464,0,,0,26,4,1
2026-04-15T14:21:05.580,-10.473,0,,0,26,4,1
2026-04-15T14:21:06.580,-10.472,0,,0,26,4,1
2026-04-15T14:21:07.580,-10.477,0,,0,26,4,1
2026-04-15T14:21:08.580,-10.496,0,,0,26,4,1
2026-04-15T14:21:09.580,-10.491,0,,0,26,4,1
2026-04-15T14:21:10.720,-10.473,0,,0,26,4,1
2026-04-15T14:21:11.580,-10.481,0,,0,26,4,1
2026-04-15T14:21:12.580,-10.465,0,,0,26,4,1
2026-04-15T14:21:13.580,-10.467,0,,0,26,4,1
2026-04-15T14:21:14.580,-10.470,0,,0,26,4,1
2026-04-15T14:21:15.580,-10.484,0,,0,26,4,1
2026-04-15T14:21:16.610,-10.496,0,,0,26,4,1
2026-04-15T14:21:17.580,-10.503,0,,0,26,4,1
2026-04-15T14:21:18.580,-10.514,0,,0,26,4,1
2026-04-15T14:21:19.580,-10.498,0,,0,26,4,1
2026-04-15T14:21:20.580,-10.495,0,,0,26,4,1
2026-04-15T14:21:21.580,-10.515,0,,0,27,4,1
2026-04-15T14:21:22.580,-10.500,0,,0,27,4,1
2026-04-15T14:21:23.580,-10.519,0,,0,27,4,1
2026-04-15T14:21:24.580,-10.533,0,,0,27,4,1
2026-04-15T14:21:25.580,-10.523,0,,0,27,4,1
2026-04-15T14:21:26.580,-10.498,0,,0,27,4,1
2026-04-15T14:21:27.580,-10.505,0,,0,27,4,1
2026-04-15T14:21:28.580,-10.492,0,Image_79.png,0,27,4,1
2026-04-15T14:21:29.960,-10.487,0,,0,27,4,1
2026-04-15T14:21:30.580,-10.496,0,,0,27,4,1
2026-04-15T14:21:31.580,-10.488,0,,0,27,4,1
2026-04-15T14:21:32.580,-10.512,0,,0,27,4,1
2026-04-15T14:21:33.580,-10.519,0,,0,27,4,1
2026-04-15T14:21:34.580,-10.522,0,,0,27,4,1
2026-04-15T14:21:35.580,-10.522,0,,0,28,4,1
2026-04-15T14:21:36.580,-10.508,0,,0,29,4,1
2026-04-15T14:21:37.580,-10.507,0,,0,29,4,1
2026-04-15T14:21:38.580,-10.516,0,,0,30,4,1
2026-04-15T14:21:39.580,-10.531,0,,0,31,4,1
2026-04-15T14:21:40.580,-10.558,0,,0,31,4,1
2026-04-15T14:21:41.580,-10.561,0,,0,31,4,1
2026-04-15T14:21:42.580,-10.569,0,,0,31,4,1
2026-04-15T14:21:43.580,-10.558,0,,0,31,4,1
2026-04-15T14:21:44.580,-10.541,0,,0,31,4,1
2026-04-15T14:21:45.580,-10.525,0,,0,31,4,1
2026-04-15T14:21:46.580,-10.530,0,,0,31,4,1
2026-04-15T14:21:47.580,-10.551,0,,0,31,4,1
2026-04-15T14:21:48.580,-10.548,0,,0,31,4,1
2026-04-15T14:21:49.590,-10.552,0,,0,31,4,1
2026-04-15T14:21:50.580,-10.557,0,,0,31,4,1
2026-04-15T14:21:51.580,-10.530,0,,0,31,4,1
2026-04-15T14:21:52.580,-10.540,0,,0,31,5,1
2026-04-15T14:21:53.580,-10.548,0,,0,31,5,1
2026-04-15T14:21:54.580,-10.547,0,,0,31,5,1
2026-04-15T14:21:55.580,-10.544,0,,0,31,5,1
2026-04-15T14:21:56.580,-10.548,0,,0,31,5,1
2026-04-15T14:21:57.580,-10.549,0,,0,31,5,1
2026-04-15T14:21:58.580,-10.552,0,,0,31,5,1
2026-04-15T14:21:59.580,-10.562,0,,0,32,5,1
2026-04-15T14:22:00.580,-10.584,0,,0,32,5,1
2026-04-15T14:22:01.580,-10.580,0,,0,32,5,1
2026-04-15T14:22:02.600,-10.584,0,,0,32,5,1
2026-04-15T14:22:03.600,-10.576,0,,0,32,5,1
2026-04-15T14:22:04.600,-10.568,0,,0,32,5,1
2026-04-15T14:22:05.580,-10.567,0,,0,32,5,1
2026-04-15T14:22:06.580,-10.580,0,,0,32,5,1
2026-04-15T14:22:07.580,-10.588,0,,0,32,5,1
2026-04-15T14:22:08.580,-10.590,0,,0,32,5,1
2026-04-15T14:22:09.580,-10.605,0,,0,32,5,1
2026-04-15T14:22:10.580,-10.599,0,,0,32,5,1
2026-04-15T14:22:11.580,-10.600,0,,0,32,5,1
2026-04-15T14:22:12.720,-10.622,0,,0,32,5,1
2026-04-15T14:22:13.580,-10.600,0,,0,32,5,1
2026-04-15T14:22:14.580,-10.593,0,,0,32,5,1
2026-04-15T14:22:15.580,-10.619,0,,0,32,5,1
2026-04-15T14:22:16.580,-10.593,0,,0,32,5,1
2026-04-15T14:22:17.580,-10.596,0,,0,32,5,1
2026-04-15T14:22:18.580,-10.598,0,,0,32,5,1
2026-04-15T14:22:19.580,-10.604,0,,0,32,5,1
2026-04-15T14:22:20.730,-10.597,0,,0,32,5,1
2026-04-15T14:22:21.580,-10.623,0,,0,32,5,1
2026-04-15T14:22:22.580,-10.610,0,,0,32,5,1
2026-04-15T14:22:23.580,-10.633,0,,0,32,5,1
2026-04-15T14:22:24.820,-10.630,0,,0,32,5,1
2026-04-15T14:22:25.580,-10.616,0,,0,32,5,1
2026-04-15T14:22:26.740,-10.620,0,,0,32,6,1
2026-04-15T14:22:27.580,-10.613,0,,0,32,6,1
2026-04-15T14:22:28.580,-10.626,0,Image_80.png,0,32,6,1
2026-04-15T14:22:29.990,-10.643,0,,0,32,6,1
2026-04-15T14:22:30.580,-10.639,0,,0,32,6,1
2026-04-15T14:22:31.580,-10.651,0,,0,32,6,1
2026-04-15T14:22:32.580,-10.653,0,,0,32,6,1
2026-04-15T14:22:33.580,-10.642,0,,0,32,6,1
2026-04-15T14:22:34.580,-10.641,0,,0,32,6,1
2026-04-15T14:22:35.580,-10.644,0,,0,33,6,1
2026-04-15T14:22:36.580,-10.657,0,,0,33,6,1
2026-04-15T14:22:37.580,-10.657,0,,0,33,6,1
2026-04-15T14:22:38.580,-10.657,0,,0,33,6,1
2026-04-15T14:22:39.580,-10.658,0,,0,33,6,1
2026-04-15T14:22:40.580,-10.653,0,,0,33,6,1
2026-04-15T14:22:41.580,-10.655,0,,0,33,6,1
2026-04-15T14:22:42.580,-10.664,0,,0,33,6,1
2026-04-15T14:22:43.580,-10.670,0,,0,33,6,1
2026-04-15T14:22:44.580,-10.662,0,,0,33,6,1
2026-04-15T14:22:45.580,-10.665,0,,0,33,6,1
2026-04-15T14:22:46.590,-10.669,0,,0,33,6,1
2026-04-15T14:22:47.580,-10.678,0,,0,33,6,1
2026-04-15T14:22:48.580,-10.677,0,,0,33,6,1
2026-04-15T14:22:49.580,-10.697,0,,0,33,6,1
2026-04-15T14:22:50.580,-10.681,0,,0,33,6,1
2026-04-15T14:22:51.580,-10.693,0,,0,33,6,1
2026-04-15T14:22:52.580,-10.697,0,,0,33,6,1
2026-04-15T14:22:53.580,-10.704,0,,0,33,6,1
2026-04-15T14:22:54.580,-10.714,0,,0,33,6,1
2026-04-15T14:22:55.580,-10.708,0,,0,33,6,1
2026-04-15T14:22:56.580,-10.721,0,,0,33,6,1
2026-04-15T14:22:57.580,-10.714,0,,0,33,6,1
2026-04-15T14:22:58.580,-10.732,0,,0,33,6,1
2026-04-15T14:22:59.580,-10.736,0,,0,33,6,1
2026-04-15T14:23:00.580,-10.738,0,,0,33,6,1
2026-04-15T14:23:01.580,-10.743,0,,0,33,6,1
2026-04-15T14:23:02.580,-10.750,0,,0,34,6,1
2026-04-15T14:23:03.580,-10.760,0,,0,34,6,1
2026-04-15T14:23:04.580,-10.741,0,,0,34,6,1
2026-04-15T14:23:05.580,-10.752,0,,0,34,6,1
2026-04-15T14:23:06.580,-10.740,0,,0,34,6,1
2026-04-15T14:23:07.580,-10.731,0,,0,34,6,2
2026-04-15T14:23:08.580,-10.739,0,,0,34,6,2
2026-04-15T14:23:09.580,-10.728,0,,0,34,6,2
2026-04-15T14:23:10.580,-10.733,0,,0,34,6,2
2026-04-15T14:23:11.600,-10.726,0,,0,34,6,2
2026-04-15T14:23:12.580,-10.740,0,,0,34,6,2
2026-04-15T14:23:13.580,-10.752,0,,0,34,6,2
2026-04-15T14:23:14.580,-10.761,0,,0,34,6,2
2026-04-15T14:23:15.580,-10.787,0,,0,34,6,2
2026-04-15T14:23:16.580,-10.781,0,,0,34,6,2
2026-04-15T14:23:17.580,-10.789,0,,0,34,6,2
2026-04-15T14:23:18.580,-10.808,0,,0,34,6,2
2026-04-15T14:23:19.580,-10.799,0,,0,34,6,2
2026-04-15T14:23:20.580,-10.794,0,,0,34,6,2
2026-04-15T14:23:21.580,-10.791,0,,0,34,6,2
2026-04-15T14:23:22.580,-10.805,0,,0,34,6,2
2026-04-15T14:23:23.580,-10.801,0,,0,34,7,2
2026-04-15T14:23:24.580,-10.788,0,,0,34,7,2
2026-04-15T14:23:25.580,-10.798,0,,0,34,7,2
2026-04-15T14:23:26.580,-10.774,0,,0,35,7,2
2026-04-15T14:23:27.580,-10.768,0,,0,35,7,2
2026-04-15T14:23:28.580,-10.796,0,,0,35,7,2
2026-04-15T14:23:29.580,-10.781,0,Image_81.png,0,35,7,2
2026-04-15T14:23:31.050,-10.788,0,,0,35,7,2
2026-04-15T14:23:31.580,-10.793,0,,0,35,7,2
2026-04-15T14:23:32.580,-10.780,0,,0,35,7,2
2026-04-15T14:23:33.580,-10.770,0,,0,35,7,2
2026-04-15T14:23:34.590,-10.808,0,,0,35,7,2
2026-04-15T14:23:35.580,-10.778,0,,0,35,7,2
2026-04-15T14:23:36.580,-10.787,0,,0,35,7,2
2026-04-15T14:23:37.580,-10.796,0,,0,35,7,2
2026-04-15T14:23:38.580,-10.771,0,,0,35,7,2
2026-04-15T14:23:39.580,-10.773,0,,0,36,7,2
2026-04-15T14:23:40.580,-10.784,0,,0,36,8,2
2026-04-15T14:23:41.580,-10.790,0,,0,36,8,2
2026-04-15T14:23:42.580,-10.786,0,,0,36,8,2
2026-04-15T14:23:43.580,-10.793,0,,0,36,8,2
2026-04-15T14:23:44.580,-10.783,0,,0,36,8,2
2026-04-15T14:23:45.580,-10.793,0,,0,36,8,2
2026-04-15T14:23:46.580,-10.795,0,,0,36,8,2
2026-04-15T14:23:47.580,-10.792,0,,0,36,8,2
2026-04-15T14:23:48.580,-10.790,0,,0,36,8,2
2026-04-15T14:23:49.580,-10.804,0,,0,36,8,2
2026-04-15T14:23:50.580,-10.798,0,,0,36,8,2
2026-04-15T14:23:51.580,-10.802,0,,0,36,8,2
2026-04-15T14:23:52.580,-10.789,0,,0,36,8,2
2026-04-15T14:23:53.580,-10.811,0,,0,36,8,2
2026-04-15T14:23:54.580,-10.798,0,,0,36,8,2
2026-04-15T14:23:55.580,-10.808,0,,0,36,8,2
2026-04-15T14:23:56.580,-10.809,0,,0,36,8,2
2026-04-15T14:23:57.580,-10.799,0,,0,36,8,2
2026-04-15T14:23:58.660,-10.814,0,,0,36,8,2
2026-04-15T14:23:59.580,-10.810,0,,0,36,8,2
2026-04-15T14:24:00.660,-10.802,0,,0,36,8,2
2026-04-15T14:24:01.580,-10.805,0,,0,36,8,2
2026-04-15T14:24:02.580,-10.811,0,,0,36,8,2
2026-04-15T14:24:03.600,-10.814,0,,0,36,8,2
2026-04-15T14:24:04.840,-10.809,0,,0,37,8,2
2026-04-15T14:24:05.580,-10.819,0,,0,37,8,2
2026-04-15T14:24:06.580,-10.808,0,,0,37,8,2
2026-04-15T14:24:07.580,-10.821,0,,0,37,8,2
2026-04-15T14:24:08.580,-10.816,0,,0,37,8,2
2026-04-15T14:24:09.580,-10.822,0,,0,37,8,2
2026-04-15T14:24:10.580,-10.818,0,,0,37,8,2
2026-04-15T14:24:11.580,-10.829,0,,0,37,8,2
2026-04-15T14:24:12.720,-10.829,0,,0,37,8,2
2026-04-15T14:24:13.580,-10.843,0,,0,37,8,2
2026-04-15T14:24:14.580,-10.835,0,,0,37,8,2
2026-04-15T14:24:15.580,-10.848,0,,0,37,8,2
2026-04-15T14:24:16.580,-10.835,0,,0,37,8,2
2026-04-15T14:24:17.580,-10.845,0,,0,37,8,2
2026-04-15T14:24:18.580,-10.844,0,,0,37,8,2
2026-04-15T14:24:19.580,-10.846,0,,0,37,8,2
2026-04-15T14:24:20.580,-10.842,0,,0,37,8,2
2026-04-15T14:24:21.580,-10.829,0,,0,37,8,2
2026-04-15T14:24:22.580,-10.802,0,,0,37,8,2
2026-04-15T14:24:23.580,-10.808,0,,0,37,8,2
2026-04-15T14:24:24.590,-10.819,0,,0,37,8,2
2026-04-15T14:24:25.580,-10.841,0,,0,37,8,2
2026-04-15T14:24:26.580,-10.847,0,,0,37,8,2
2026-04-15T14:24:27.580,-10.849,0,,0,37,8,2
2026-04-15T14:24:28.590,-10.823,0,,0,37,8,2
2026-04-15T14:24:29.580,-10.827,0,,0,37,8,2
2026-04-15T14:24:30.590,-10.821,0,Image_82.png,0,37,8,2
2026-04-15T14:24:31.980,-10.831,0,,0,38,8,2
2026-04-15T14:24:32.580,-10.831,0,,0,38,8,2
2026-04-15T14:24:33.580,-10.839,0,,0,38,8,2
2026-04-15T14:24:34.580,-10.845,0,,0,38,8,2
2026-04-15T14:24:35.580,-10.846,0,,0,38,8,2
2026-04-15T14:24:36.580,-10.843,0,,0,38,8,2
2026-04-15T14:24:37.580,-10.853,0,,0,38,8,2
2026-04-15T14:24:38.580,-10.857,0,,0,38,8,2
2026-04-15T14:24:39.580,-10.867,0,,0,38,8,2
2026-04-15T14:24:40.580,-10.863,0,,0,38,8,2
2026-04-15T14:24:41.580,-10.867,0,,0,38,8,2
2026-04-15T14:24:42.580,-10.885,0,,0,38,8,2
2026-04-15T14:24:43.580,-10.894,0,,0,38,8,2
2026-04-15T14:24:44.580,-10.895,0,,0,38,8,2
2026-04-15T14:24:45.580,-10.902,0,,0,38,8,2
2026-04-15T14:24:46.580,-10.895,0,,0,38,8,2
2026-04-15T14:24:47.580,-10.911,0,,0,38,8,2
2026-04-15T14:24:48.580,-10.895,0,,0,38,8,2
2026-04-15T14:24:49.580,-10.903,0,,0,38,9,2
2026-04-15T14:24:50.610,-10.913,0,,0,38,9,2
2026-04-15T14:24:51.580,-10.914,0,,0,38,9,2
2026-04-15T14:24:52.580,-10.917,0,,0,38,9,2
2026-04-15T14:24:53.600,-10.927,0,,0,38,9,2
2026-04-15T14:24:54.580,-10.927,0,,0,38,9,2
2026-04-15T14:24:55.580,-10.918,0,,0,38,9,2
2026-04-15T14:24:56.580,-10.932,0,,0,38,9,2
2026-04-15T14:24:57.580,-10.929,0,,0,38,9,2
2026-04-15T14:24:58.610,-10.933,0,,0,38,9,2
2026-04-15T14:24:59.580,-10.921,0,,0,39,9,2
2026-04-15T14:25:00.580,-10.925,0,,0,39,9,2
2026-04-15T14:25:01.580,-10.916,0,,0,39,9,2
2026-04-15T14:25:02.580,-10.912,0,,0,39,9,2
2026-04-15T14:25:03.580,-10.931,0,,0,39,9,2
2026-04-15T14:25:04.580,-10.943,0,,0,39,9,2
2026-04-15T14:25:05.580,-10.944,0,,0,39,9,2
2026-04-15T14:25:06.680,-10.945,0,,0,39,10,2
2026-04-15T14:25:07.580,-10.938,0,,0,39,10,2
2026-04-15T14:25:08.580,-10.920,0,,0,39,10,2
2026-04-15T14:25:09.590,-10.930,0,,0,39,10,2
2026-04-15T14:25:10.580,-10.924,0,,0,39,10,2
2026-04-15T14:25:11.580,-10.932,0,,0,39,10,2
2026-04-15T14:25:12.580,-10.925,0,,0,39,10,2
2026-04-15T14:25:13.580,-10.916,0,,0,39,10,2
2026-04-15T14:25:14.580,-10.912,0,,0,39,10,2
2026-04-15T14:25:15.580,-10.918,0,,0,39,10,2
2026-04-15T14:25:16.580,-10.929,0,,0,39,10,2
2026-04-15T14:25:17.580,-10.918,0,,0,39,10,2
2026-04-15T14:25:18.580,-10.899,0,,0,39,10,2
2026-04-15T14:25:19.580,-10.890,0,,0,39,10,2
2026-04-15T14:25:20.580,-10.905,0,,0,39,10,2
2026-04-15T14:25:21.580,-10.914,0,,0,39,10,2
2026-04-15T14:25:22.580,-10.916,0,,0,39,10,2
2026-04-15T14:25:23.580,-10.917,0,,0,39,10,2
2026-04-15T14:25:24.580,-10.912,0,,0,39,10,2
2026-04-15T14:25:25.580,-10.917,0,,0,39,10,2
2026-04-15T14:25:26.580,-10.904,0,,0,39,10,2
2026-04-15T14:25:27.580,-10.926,0,,0,39,10,2
2026-04-15T14:25:28.580,-10.915,0,,0,39,10,2
2026-04-15T14:25:29.580,-10.895,0,,0,39,10,2
2026-04-15T14:25:30.580,-10.898,0,,0,39,10,2
2026-04-15T14:25:31.580,-10.906,0,Image_83.png,0,39,10,2
2026-04-15T14:25:32.970,-10.895,0,,0,39,10,2
2026-04-15T14:25:33.580,-10.900,0,,0,39,10,2
2026-04-15T14:25:34.580,-10.898,0,,0,39,10,2
2026-04-15T14:25:35.580,-10.899,0,,0,39,10,2
2026-04-15T14:25:36.580,-10.895,0,,0,39,10,2
2026-04-15T14:25:37.580,-10.909,0,,0,40,10,2
2026-04-15T14:25:38.580,-10.900,0,,0,40,10,2
2026-04-15T14:25:39.580,-10.889,0,,0,40,10,2
2026-04-15T14:25:40.590,-10.884,0,,0,40,10,2
2026-04-15T14:25:41.580,-10.890,0,,0,40,10,2
2026-04-15T14:25:42.580,-10.899,0,,0,40,10,2
2026-04-15T14:25:43.580,-10.908,0,,0,40,10,2
2026-04-15T14:25:44.580,-10.912,0,,0,40,10,2
2026-04-15T14:25:45.580,-10.900,0,,0,40,10,2
2026-04-15T14:25:46.580,-10.914,0,,0,40,10,2
2026-04-15T14:25:47.580,-10.892,0,,0,40,10,2
2026-04-15T14:25:48.580,-10.885,0,,0,40,10,2
2026-04-15T14:25:49.580,-10.901,0,,0,40,10,2
2026-04-15T14:25:50.580,-10.910,0,,0,40,10,2
2026-04-15T14:25:51.580,-10.915,0,,0,40,10,2
2026-04-15T14:25:52.590,-10.915,0,,0,40,10,2
2026-04-15T14:25:53.580,-10.901,0,,0,40,10,2
2026-04-15T14:25:54.580,-10.894,0,,0,40,10,2
2026-04-15T14:25:55.580,-10.900,0,,0,40,10,2
2026-04-15T14:25:56.580,-10.917,0,,0,40,10,2
2026-04-15T14:25:57.580,-10.917,0,,0,40,10,2
2026-04-15T14:25:58.580,-10.933,0,,0,40,10,2
2026-04-15T14:25:59.580,-10.930,0,,0,40,10,2
2026-04-15T14:26:00.580,-10.928,0,,0,41,10,2
2026-04-15T14:26:01.580,-10.934,0,,0,41,10,2
2026-04-15T14:26:02.580,-10.932,0,,0,41,10,2
2026-04-15T14:26:03.580,-10.928,0,,0,41,10,2
2026-04-15T14:26:04.580,-10.938,0,,0,42,10,2
2026-04-15T14:26:05.580,-10.940,0,,0,42,10,2
2026-04-15T14:26:06.580,-10.928,0,,0,42,10,2
2026-04-15T14:26:07.580,-10.934,0,,0,42,10,2
2026-04-15T14:26:08.580,-10.932,0,,0,42,10,2
2026-04-15T14:26:09.580,-10.932,0,,0,42,10,2
2026-04-15T14:26:10.580,-10.942,0,,0,42,10,2
2026-04-15T14:26:11.580,-10.943,0,,0,42,10,2
2026-04-15T14:26:12.580,-10.940,0,,0,42,10,2
2026-04-15T14:26:13.580,-10.945,0,,0,42,10,2
2026-04-15T14:26:14.580,-10.943,0,,0,42,10,2
2026-04-15T14:26:15.580,-10.942,0,,0,42,10,2
2026-04-15T14:26:16.580,-10.944,0,,0,42,10,2
2026-04-15T14:26:17.580,-10.937,0,,0,42,10,2
2026-04-15T14:26:18.590,-10.942,0,,0,42,10,2
2026-04-15T14:26:19.580,-10.950,0,,0,42,10,2
2026-04-15T14:26:20.580,-10.940,0,,0,42,10,2
2026-04-15T14:26:21.580,-10.943,0,,0,42,10,2
2026-04-15T14:26:22.600,-10.944,0,,0,42,10,2
2026-04-15T14:26:23.580,-10.939,0,,0,42,10,2
2026-04-15T14:26:24.710,-10.954,0,,0,42,10,2
2026-04-15T14:26:25.580,-10.943,0,,0,42,10,2
2026-04-15T14:26:26.580,-10.946,0,,0,42,10,2
2026-04-15T14:26:27.580,-10.946,0,,0,42,10,2
2026-04-15T14:26:28.580,-10.949,0,,0,42,10,2
2026-04-15T14:26:29.580,-10.954,0,,0,42,10,2
2026-04-15T14:26:30.580,-10.938,0,,0,42,10,2
2026-04-15T14:26:31.580,-10.930,0,Image_84.png,0,42,10,2
2026-04-15T14:26:32.980,-10.920,0,,0,42,10,2
2026-04-15T14:26:33.580,-10.911,0,,0,42,10,2
2026-04-15T14:26:34.580,-10.926,0,,0,42,10,2
2026-04-15T14:26:35.580,-10.915,0,,0,42,10,2
2026-04-15T14:26:36.580,-10.938,0,,0,42,10,2
2026-04-15T14:26:37.580,-10.950,0,,0,42,10,2
2026-04-15T14:26:38.580,-10.969,0,,0,42,10,2
2026-04-15T14:26:39.580,-10.963,0,,0,42,10,2
2026-04-15T14:26:40.580,-10.959,0,,0,42,10,2
2026-04-15T14:26:41.580,-10.964,0,,0,42,10,2
2026-04-15T14:26:42.580,-10.955,0,,0,42,10,2
2026-04-15T14:26:43.580,-10.967,0,,0,42,10,2
2026-04-15T14:26:44.580,-10.972,0,,0,42,10,2
2026-04-15T14:26:45.580,-10.969,0,,0,42,10,2
2026-04-15T14:26:46.580,-10.965,0,,0,42,10,2
2026-04-15T14:26:47.580,-10.970,0,,0,42,10,2
2026-04-15T14:26:48.580,-10.967,0,,0,42,10,2
2026-04-15T14:26:49.580,-10.967,0,,0,42,10,2
2026-04-15T14:26:50.580,-10.978,0,,0,42,10,2
2026-04-15T14:26:51.580,-10.967,0,,0,42,10,2
2026-04-15T14:26:52.580,-10.954,0,,0,42,10,2
2026-04-15T14:26:53.580,-10.938,0,,0,42,11,2
2026-04-15T14:26:54.580,-10.932,0,,0,42,11,2
2026-04-15T14:26:55.590,-10.948,0,,0,42,11,2
2026-04-15T14:26:56.580,-10.949,0,,0,42,11,2
2026-04-15T14:26:57.580,-10.982,0,,0,42,11,2
2026-04-15T14:26:58.590,-10.983,0,,0,42,11,2
2026-04-15T14:26:59.580,-10.984,0,,0,42,11,2
2026-04-15T14:27:00.580,-10.991,0,,0,42,11,2
2026-04-15T14:27:01.590,-11.001,0,,0,42,11,2
2026-04-15T14:27:02.580,-10.980,0,,0,42,11,2
2026-04-15T14:27:03.580,-10.991,0,,0,42,11,2
2026-04-15T14:27:04.580,-10.979,0,,0,42,11,2
2026-04-15T14:27:05.580,-10.976,0,,0,42,11,2
2026-04-15T14:27:06.580,-11.009,0,,0,42,11,2
2026-04-15T14:27:07.580,-10.991,0,,0,42,12,2
2026-04-15T14:27:08.580,-11.003,0,,0,42,12,2
2026-04-15T14:27:09.580,-10.997,0,,0,42,12,2
2026-04-15T14:27:10.580,-11.006,0,,0,42,12,2
2026-04-15T14:27:11.580,-10.994,0,,0,42,12,2
2026-04-15T14:27:12.600,-11.034,0,,0,42,12,2
2026-04-15T14:27:13.580,-11.011,0,,0,42,12,2
2026-04-15T14:27:14.580,-11.033,0,,0,42,12,2
2026-04-15T14:27:15.580,-11.030,0,,0,42,12,2
2026-04-15T14:27:16.590,-11.016,0,,0,42,12,2
2026-04-15T14:27:17.580,-10.980,0,,0,42,12,2
2026-04-15T14:27:18.580,-10.994,0,,0,42,12,2
2026-04-15T14:27:19.590,-10.990,0,,0,42,12,2
2026-04-15T14:27:20.580,-10.991,0,,0,42,12,2
2026-04-15T14:27:21.580,-10.993,0,,0,42,12,2
2026-04-15T14:27:22.580,-10.994,0,,0,42,12,2
2026-04-15T14:27:23.580,-10.971,0,,0,42,12,2
2026-04-15T14:27:24.600,-10.992,0,,0,42,12,2
2026-04-15T14:27:25.580,-10.998,0,,0,42,12,2
2026-04-15T14:27:26.580,-10.997,0,,0,42,12,2
2026-04-15T14:27:27.580,-11.009,0,,0,42,12,2
2026-04-15T14:27:28.580,-11.020,0,,0,42,12,2
2026-04-15T14:27:29.580,-11.021,0,,0,42,12,2
2026-04-15T14:27:30.580,-11.002,0,,0,42,12,2
2026-04-15T14:27:31.580,-10.977,0,,0,42,12,2
2026-04-15T14:27:32.580,-10.955,0,Image_85.png,0,42,12,2
2026-04-15T14:27:33.980,-10.968,0,,0,42,12,2
2026-04-15T14:27:34.580,-10.963,0,,0,42,12,2
2026-04-15T14:27:35.580,-10.988,0,,0,42,12,2
2026-04-15T14:27:36.580,-10.998,0,,0,42,12,2
2026-04-15T14:27:37.580,-10.995,0,,0,42,12,2
2026-04-15T14:27:38.580,-10.979,0,,0,42,12,2
2026-04-15T14:27:39.580,-10.974,0,,0,42,12,2
2026-04-15T14:27:40.580,-10.964,0,,0,42,12,2
2026-04-15T14:27:41.580,-10.976,0,,0,42,12,2
2026-04-15T14:27:42.580,-10.987,0,,0,42,12,2
2026-04-15T14:27:43.580,-10.961,0,,0,42,12,2
2026-04-15T14:27:44.580,-10.974,0,,0,42,12,2
2026-04-15T14:27:45.580,-10.962,0,,0,42,13,2
2026-04-15T14:27:46.580,-10.968,0,,0,42,13,2
2026-04-15T14:27:47.580,-10.982,0,,0,42,13,2
2026-04-15T14:27:48.580,-10.983,0,,0,42,13,2
2026-04-15T14:27:49.580,-10.988,0,,0,42,13,2
2026-04-15T14:27:50.580,-10.978,0,,0,42,13,2
2026-04-15T14:27:51.580,-10.992,0,,0,42,13,2
2026-04-15T14:27:52.580,-10.954,0,,0,42,13,2
2026-04-15T14:27:53.580,-10.956,0,,0,42,13,2
2026-04-15T14:27:54.580,-10.960,0,,0,42,13,2
2026-04-15T14:27:55.580,-10.953,0,,0,42,13,2
2026-04-15T14:27:56.580,-10.949,0,,0,42,13,2
2026-04-15T14:27:57.580,-10.967,0,,0,42,13,2
2026-04-15T14:27:58.640,-10.977,0,,0,42,13,2
2026-04-15T14:27:59.580,-10.985,0,,0,42,13,2
2026-04-15T14:28:00.580,-11.003,0,,0,42,13,2
2026-04-15T14:28:01.580,-10.997,0,,0,42,13,2
2026-04-15T14:28:02.580,-11.011,0,,0,42,13,2
2026-04-15T14:28:03.580,-11.008,0,,0,42,13,2
2026-04-15T14:28:04.580,-10.995,0,,0,42,13,2
2026-04-15T14:28:05.580,-10.999,0,,0,42,13,2
2026-04-15T14:28:06.580,-10.994,0,,0,42,13,2
2026-04-15T14:28:07.580,-11.023,0,,0,42,13,2
2026-04-15T14:28:08.950,-11.021,0,,0,42,13,2
2026-04-15T14:28:09.580,-11.007,0,,0,42,13,2
2026-04-15T14:28:10.580,-11.004,0,,0,42,13,2
2026-04-15T14:28:11.580,-10.995,0,,0,42,13,2
2026-04-15T14:28:12.580,-10.999,0,,0,42,13,2
2026-04-15T14:28:13.580,-11.034,0,,0,42,13,2
2026-04-15T14:28:14.580,-11.011,0,,0,42,13,2
2026-04-15T14:28:15.580,-11.005,0,,0,42,13,2
2026-04-15T14:28:16.580,-10.989,0,,0,42,13,2
2026-04-15T14:28:17.580,-10.971,0,,0,42,13,2
2026-04-15T14:28:18.580,-10.972,0,,0,42,13,2
2026-04-15T14:28:19.580,-10.980,0,,0,42,13,2
2026-04-15T14:28:20.580,-10.982,0,,0,42,13,2
2026-04-15T14:28:21.580,-10.986,0,,0,42,13,2
2026-04-15T14:28:22.580,-10.979,0,,0,42,13,2
2026-04-15T14:28:23.580,-10.994,0,,0,42,13,2
2026-04-15T14:28:24.580,-10.999,0,,0,42,13,2
2026-04-15T14:28:25.580,-11.004,0,,0,42,13,2
2026-04-15T14:28:26.580,-11.022,0,,0,42,13,2
2026-04-15T14:28:27.580,-11.016,0,,0,42,13,2
2026-04-15T14:28:28.580,-11.015,0,,0,42,13,2
2026-04-15T14:28:29.580,-11.028,0,,0,42,13,2
2026-04-15T14:28:30.580,-11.002,0,,0,42,13,2
2026-04-15T14:28:31.580,-11.004,0,,0,42,13,2
2026-04-15T14:28:32.580,-11.009,0,Image_86.png,0,42,14,2
2026-04-15T14:28:34.010,-11.008,0,,0,42,14,2
2026-04-15T14:28:34.580,-11.010,0,,0,42,14,2
2026-04-15T14:28:35.580,-11.016,0,,0,42,14,2
2026-04-15T14:28:36.580,-11.006,0,,0,42,14,2
2026-04-15T14:28:37.580,-11.017,0,,0,42,14,2
2026-04-15T14:28:38.580,-11.017,0,,0,43,14,2
2026-04-15T14:28:39.580,-11.014,0,,0,43,14,2
2026-04-15T14:28:40.580,-11.010,0,,0,43,14,2
2026-04-15T14:28:41.580,-11.003,0,,0,43,14,2
2026-04-15T14:28:42.580,-11.008,0,,0,44,14,2
2026-04-15T14:28:43.580,-11.005,0,,0,44,14,2
2026-04-15T14:28:44.760,-11.013,0,,0,44,14,2
2026-04-15T14:28:45.590,-11.004,0,,0,44,14,2
2026-04-15T14:28:46.580,-11.011,0,,0,44,14,2
2026-04-15T14:28:47.580,-11.006,0,,0,44,14,2
2026-04-15T14:28:48.580,-11.020,0,,0,44,14,2
2026-04-15T14:28:49.580,-11.022,0,,0,44,14,2
2026-04-15T14:28:51.370,-11.013,0,,0,44,15,2
2026-04-15T14:28:51.680,-11.021,0,,0,44,15,2
2026-04-15T14:28:52.580,-11.001,0,,0,44,15,2
2026-04-15T14:28:53.580,-11.001,0,,0,44,15,2
2026-04-15T14:28:54.580,-10.979,0,,0,44,15,2
2026-04-15T14:28:55.580,-11.009,0,,0,44,15,2
2026-04-15T14:28:56.580,-11.026,0,,0,44,15,2
2026-04-15T14:28:57.580,-11.023,0,,0,45,15,2
2026-04-15T14:28:58.580,-11.039,0,,0,45,15,2
2026-04-15T14:28:59.580,-11.023,0,,0,45,15,2
2026-04-15T14:29:00.610,-11.008,0,,0,45,15,2
2026-04-15T14:29:01.580,-11.027,0,,0,45,15,2
2026-04-15T14:29:02.580,-11.026,0,,0,45,15,2
2026-04-15T14:29:03.580,-11.043,0,,0,45,15,2
2026-04-15T14:29:04.580,-11.039,0,,0,45,15,2
2026-04-15T14:29:05.580,-11.040,0,,0,45,15,2
2026-04-15T14:29:07.020,-11.016,0,,0,45,15,2
2026-04-15T14:29:07.580,-11.008,0,,0,45,15,2
2026-04-15T14:29:08.580,-11.005,0,,0,45,15,2
2026-04-15T14:29:09.580,-10.980,0,,0,45,15,2
2026-04-15T14:29:10.580,-10.976,0,,0,45,15,2
2026-04-15T14:29:11.580,-10.978,0,,0,45,15,2
2026-04-15T14:29:12.580,-10.989,0,,0,45,15,2
2026-04-15T14:29:13.580,-11.013,0,,0,45,15,2
2026-04-15T14:29:14.640,-11.008,0,,0,45,15,2
2026-04-15T14:29:15.580,-11.000,0,,0,45,15,2
2026-04-15T14:29:16.610,-10.992,0,,0,45,15,2
2026-04-15T14:29:17.580,-10.988,0,,0,45,15,2
2026-04-15T14:29:18.580,-10.995,0,,0,45,15,2
2026-04-15T14:29:19.580,-10.987,0,,0,45,15,2
2026-04-15T14:29:20.580,-10.997,0,,0,45,15,2
2026-04-15T14:29:21.580,-10.989,0,,0,45,15,2
2026-04-15T14:29:22.580,-10.997,0,,0,45,15,2
2026-04-15T14:29:23.580,-11.028,0,,0,45,15,2
2026-04-15T14:29:24.580,-11.001,0,,0,45,15,2
2026-04-15T14:29:25.580,-11.016,0,,0,45,15,2
2026-04-15T14:29:26.580,-11.018,0,,0,45,15,2
2026-04-15T14:29:27.580,-11.026,0,,0,45,15,2
2026-04-15T14:29:28.580,-11.039,0,,0,45,15,2
2026-04-15T14:29:29.580,-11.022,0,,0,45,15,2
2026-04-15T14:29:30.580,-11.032,0,,0,45,15,2
2026-04-15T14:29:31.580,-11.026,0,,0,45,15,2
2026-04-15T14:29:32.580,-11.026,0,,0,45,15,2
2026-04-15T14:29:33.580,-11.040,0,Image_87.png,0,45,15,2
2026-04-15T14:29:34.990,-11.001,0,,0,45,15,2
2026-04-15T14:29:35.580,-11.021,0,,0,45,15,2
2026-04-15T14:29:36.580,-10.997,0,,0,45,15,2
2026-04-15T14:29:37.580,-10.994,0,,0,45,15,2
2026-04-15T14:29:38.580,-11.016,0,,0,45,15,2
2026-04-15T14:29:39.580,-11.029,0,,0,45,16,2
2026-04-15T14:29:40.580,-11.041,0,,0,45,16,2
2026-04-15T14:29:41.580,-11.027,0,,0,45,16,2
2026-04-15T14:29:42.580,-11.035,0,,0,45,16,2
2026-04-15T14:29:43.580,-11.044,0,,0,45,16,2
2026-04-15T14:29:44.580,-11.043,0,,0,45,16,2
2026-04-15T14:29:45.580,-11.043,0,,0,45,16,2
2026-04-15T14:29:46.580,-11.039,0,,0,45,16,2
2026-04-15T14:29:47.580,-11.050,0,,0,45,16,2
2026-04-15T14:29:48.580,-11.037,0,,0,45,16,2
2026-04-15T14:29:49.580,-11.045,0,,0,46,16,2
2026-04-15T14:29:50.580,-11.024,0,,0,46,16,2
2026-04-15T14:29:51.580,-11.027,0,,0,46,16,2
2026-04-15T14:29:52.590,-11.041,0,,0,46,16,2
2026-04-15T14:29:53.580,-11.026,0,,0,46,16,2
2026-04-15T14:29:54.580,-11.042,0,,0,46,16,2
2026-04-15T14:29:55.580,-11.026,0,,0,46,16,2
2026-04-15T14:29:56.580,-11.037,0,,0,46,16,2
2026-04-15T14:29:57.580,-11.044,0,,0,46,16,2
2026-04-15T14:29:58.580,-11.070,0,,0,46,16,2
2026-04-15T14:29:59.580,-11.053,0,,0,46,16,2
2026-04-15T14:30:00.580,-11.051,0,,0,46,16,2
2026-04-15T14:30:01.580,-11.058,0,,0,46,16,2
2026-04-15T14:30:02.580,-11.030,0,,0,46,16,2
2026-04-15T14:30:03.580,-11.049,0,,0,46,16,2
2026-04-15T14:30:04.580,-11.035,0,,0,46,16,2
2026-04-15T14:30:05.580,-11.024,0,,0,46,16,2
2026-04-15T14:30:06.580,-11.010,0,,0,46,16,2
2026-04-15T14:30:07.580,-11.021,0,,0,46,16,2
2026-04-15T14:30:08.580,-11.027,0,,0,46,16,2
2026-04-15T14:30:09.580,-11.029,0,,0,46,16,2
2026-04-15T14:30:10.580,-11.032,0,,0,46,16,2
2026-04-15T14:30:11.580,-11.021,0,,0,46,16,2
2026-04-15T14:30:12.580,-11.006,0,,0,46,16,2
2026-04-15T14:30:13.580,-11.001,0,,0,46,16,2
2026-04-15T14:30:14.580,-11.006,0,,0,46,16,2
2026-04-15T14:30:15.580,-10.984,0,,0,46,16,2
2026-04-15T14:30:16.580,-10.987,0,,0,46,16,2
2026-04-15T14:30:17.580,-10.997,0,,0,46,16,2
2026-04-15T14:30:18.580,-11.020,0,,0,46,16,2
2026-04-15T14:30:19.580,-11.025,0,,0,46,16,2
2026-04-15T14:30:20.580,-11.037,0,,0,46,16,2
2026-04-15T14:30:21.580,-11.022,0,,0,46,16,2
2026-04-15T14:30:22.580,-10.997,0,,0,46,16,2
2026-04-15T14:30:23.580,-10.998,0,,0,46,16,2
2026-04-15T14:30:24.580,-11.021,0,,0,46,16,2
2026-04-15T14:30:25.580,-11.029,0,,0,46,16,2
2026-04-15T14:30:26.580,-11.032,0,,0,46,16,2
2026-04-15T14:30:27.590,-11.017,0,,0,46,16,2
2026-04-15T14:30:28.580,-11.012,0,,0,46,16,2
2026-04-15T14:30:29.580,-10.991,0,,0,46,16,2
2026-04-15T14:30:30.580,-11.010,0,,0,46,16,2
2026-04-15T14:30:31.580,-10.993,0,,0,46,16,2
2026-04-15T14:30:32.580,-10.978,0,,0,46,16,2
2026-04-15T14:30:33.580,-10.975,0,,0,47,16,2
2026-04-15T14:30:34.580,-10.983,0,Image_88.png,0,47,16,2
2026-04-15T14:30:36.000,-11.000,0,,0,47,16,2
2026-04-15T14:30:36.580,-11.022,0,,0,47,16,2
2026-04-15T14:30:37.580,-11.050,0,,0,47,16,2
2026-04-15T14:30:38.580,-11.030,0,,0,47,16,2
2026-04-15T14:30:39.580,-10.999,0,,0,47,16,2
2026-04-15T14:30:40.580,-10.996,0,,0,47,16,2
2026-04-15T14:30:41.580,-10.993,0,,0,47,16,2
2026-04-15T14:30:42.580,-11.007,0,,0,47,16,2
2026-04-15T14:30:43.580,-11.027,0,,0,47,16,2
2026-04-15T14:30:44.580,-11.014,0,,0,47,16,2
2026-04-15T14:30:45.580,-11.024,0,,0,47,16,2
2026-04-15T14:30:46.580,-11.020,0,,0,47,16,2
2026-04-15T14:30:47.580,-11.005,0,,0,47,16,2
2026-04-15T14:30:48.580,-11.024,0,,0,47,16,2
2026-04-15T14:30:49.580,-11.018,0,,0,47,16,2
2026-04-15T14:30:50.580,-10.998,0,,0,47,16,2
2026-04-15T14:30:51.590,-11.020,0,,0,47,16,2
2026-04-15T14:30:52.580,-11.017,0,,0,47,17,2
2026-04-15T14:30:53.580,-11.013,0,,0,47,17,2
2026-04-15T14:30:54.590,-11.042,0,,0,47,17,2
2026-04-15T14:30:55.580,-11.039,0,,0,47,17,2
2026-04-15T14:30:56.580,-11.041,0,,0,47,17,2
2026-04-15T14:30:57.580,-11.039,0,,0,47,17,2
2026-04-15T14:30:58.580,-11.035,0,,0,47,17,2
2026-04-15T14:30:59.580,-11.045,0,,0,47,17,2
2026-04-15T14:31:00.580,-11.031,0,,0,47,17,2
2026-04-15T14:31:01.580,-11.038,0,,0,47,17,2
2026-04-15T14:31:02.580,-11.044,0,,0,47,17,2
2026-04-15T14:31:03.580,-11.032,0,,0,47,17,2
2026-04-15T14:31:04.580,-11.013,0,,0,47,17,2
2026-04-15T14:31:05.580,-11.002,0,,0,47,17,2
2026-04-15T14:31:06.580,-11.001,0,,0,47,17,2
2026-04-15T14:31:07.580,-10.988,0,,0,47,17,2
2026-04-15T14:31:08.580,-10.979,0,,0,47,17,2
2026-04-15T14:31:09.580,-11.005,0,,0,47,17,2
2026-04-15T14:31:10.580,-10.981,0,,0,47,17,2
2026-04-15T14:31:11.580,-10.996,0,,0,47,17,2
2026-04-15T14:31:12.580,-10.999,0,,0,47,19,2
2026-04-15T14:31:13.580,-10.998,0,,0,47,19,2
2026-04-15T14:31:14.580,-11.014,0,,0,47,19,2
2026-04-15T14:31:15.580,-11.043,0,,0,47,19,2
2026-04-15T14:31:16.580,-11.039,0,,0,47,19,2
2026-04-15T14:31:17.580,-11.038,0,,0,47,19,2
2026-04-15T14:31:18.580,-11.044,0,,0,47,19,2
2026-04-15T14:31:19.580,-11.026,0,,0,47,19,2
2026-04-15T14:31:20.580,-11.044,0,,0,47,19,2
2026-04-15T14:31:21.580,-11.040,0,,0,47,19,2
2026-04-15T14:31:22.580,-11.034,0,,0,47,19,2
2026-04-15T14:31:23.580,-11.032,0,,0,47,19,2
2026-04-15T14:31:24.580,-11.019,0,,0,47,19,2
2026-04-15T14:31:25.580,-11.026,0,,0,47,19,2
2026-04-15T14:31:26.580,-11.037,0,,0,47,19,2
2026-04-15T14:31:27.600,-11.036,0,,0,47,19,2
2026-04-15T14:31:28.580,-11.064,0,,0,47,19,2
2026-04-15T14:31:29.580,-11.040,0,,0,47,19,2
2026-04-15T14:31:30.580,-11.053,0,,0,47,19,2
2026-04-15T14:31:31.590,-11.044,0,,0,47,19,2
2026-04-15T14:31:32.580,-11.042,0,,0,47,19,2
2026-04-15T14:31:33.580,-11.066,0,,0,47,19,2
2026-04-15T14:31:34.580,-11.061,0,Image_89.png,0,47,19,2
2026-04-15T14:31:35.990,-11.083,0,,0,47,19,2
2026-04-15T14:31:36.580,-11.065,0,,0,47,19,2
2026-04-15T14:31:37.580,-11.058,0,,0,47,19,2
2026-04-15T14:31:38.580,-11.072,0,,0,47,19,2
2026-04-15T14:31:39.580,-11.077,0,,0,47,19,2
2026-04-15T14:31:40.580,-11.080,0,,0,47,19,2
2026-04-15T14:31:41.580,-11.073,0,,0,47,19,2
2026-04-15T14:31:42.580,-11.075,0,,0,47,19,2
2026-04-15T14:31:43.590,-11.066,0,,0,47,19,2
2026-04-15T14:31:44.580,-11.061,0,,0,47,19,2
2026-04-15T14:31:45.580,-11.075,0,,0,47,19,2
2026-04-15T14:31:46.580,-11.088,0,,0,47,19,2
2026-04-15T14:31:47.580,-11.078,0,,0,47,19,2
2026-04-15T14:31:48.580,-11.073,0,,0,47,19,2
2026-04-15T14:31:49.580,-11.087,0,,0,47,19,2
2026-04-15T14:31:50.580,-11.080,0,,0,47,19,2
2026-04-15T14:31:51.580,-11.080,0,,0,47,19,2
2026-04-15T14:31:52.580,-11.080,0,,0,47,19,2
2026-04-15T14:31:53.580,-11.081,0,,0,47,19,2
2026-04-15T14:31:54.600,-11.078,0,,0,47,19,2
2026-04-15T14:31:55.580,-11.081,0,,0,47,19,2
2026-04-15T14:31:56.580,-11.080,0,,0,47,19,2
2026-04-15T14:31:57.580,-11.075,0,,0,47,19,2
2026-04-15T14:31:58.580,-11.081,0,,0,47,19,2
2026-04-15T14:31:59.580,-11.081,0,,0,47,19,2
2026-04-15T14:32:00.580,-11.082,0,,0,47,19,2
2026-04-15T14:32:01.580,-11.081,0,,0,47,19,2
2026-04-15T14:32:02.580,-11.083,0,,0,47,19,2
2026-04-15T14:32:03.580,-11.073,0,,0,47,19,2
2026-04-15T14:32:04.580,-11.083,0,,0,47,19,2
2026-04-15T14:32:05.580,-11.059,0,,0,47,19,2
2026-04-15T14:32:06.580,-11.044,0,,0,47,19,2
2026-04-15T14:32:07.580,-11.051,0,,0,47,19,2
2026-04-15T14:32:08.580,-11.044,0,,0,47,19,2
2026-04-15T14:32:09.580,-11.075,0,,0,47,19,2
2026-04-15T14:32:10.590,-11.071,0,,0,47,19,2
2026-04-15T14:32:11.580,-11.079,0,,0,47,19,2
2026-04-15T14:32:12.580,-11.079,0,,0,47,19,2
2026-04-15T14:32:13.590,-11.073,0,,0,47,19,2
2026-04-15T14:32:14.580,-11.086,0,,0,47,19,2
2026-04-15T14:32:15.580,-11.086,0,,0,47,19,2
2026-04-15T14:32:16.580,-11.086,0,,0,47,19,2
2026-04-15T14:32:17.580,-11.081,0,,0,47,19,2
2026-04-15T14:32:18.580,-11.080,0,,0,47,19,2
2026-04-15T14:32:19.580,-11.084,0,,0,47,19,2
2026-04-15T14:32:20.580,-11.087,0,,0,47,19,2
2026-04-15T14:32:21.580,-11.078,0,,0,47,19,2
2026-04-15T14:32:22.590,-11.066,0,,0,47,19,2
2026-04-15T14:32:23.580,-11.068,0,,0,47,19,2
2026-04-15T14:32:24.580,-11.051,0,,0,47,19,2
2026-04-15T14:32:25.580,-11.080,0,,0,47,19,2
2026-04-15T14:32:26.580,-11.069,0,,0,47,19,2
2026-04-15T14:32:27.580,-11.074,0,,0,47,19,2
2026-04-15T14:32:28.580,-11.082,0,,0,47,19,2
2026-04-15T14:32:29.580,-11.087,0,,0,47,19,2
2026-04-15T14:32:30.580,-11.088,0,,0,47,19,2
2026-04-15T14:32:31.580,-11.069,0,,0,47,19,2
2026-04-15T14:32:32.580,-11.080,0,,0,47,19,2
2026-04-15T14:32:33.580,-11.078,0,,0,47,19,2
2026-04-15T14:32:34.580,-11.067,0,,0,47,19,2
2026-04-15T14:32:35.580,-11.094,0,Image_90.png,0,47,19,2
2026-04-15T14:32:36.970,-11.083,0,,0,47,19,2
2026-04-15T14:32:37.580,-11.083,0,,0,47,19,2
2026-04-15T14:32:38.580,-11.089,0,,0,47,19,2
2026-04-15T14:32:39.580,-11.085,0,,0,47,19,2
2026-04-15T14:32:40.580,-11.092,0,,0,47,19,2
2026-04-15T14:32:41.580,-11.097,0,,0,47,19,2
2026-04-15T14:32:42.580,-11.096,0,,0,47,19,2
2026-04-15T14:32:43.580,-11.091,0,,0,47,19,2
2026-04-15T14:32:44.580,-11.103,0,,0,47,19,2
2026-04-15T14:32:45.590,-11.108,0,,0,47,19,2
2026-04-15T14:32:46.580,-11.103,0,,0,47,19,2
2026-04-15T14:32:47.580,-11.112,0,,0,47,19,2
2026-04-15T14:32:48.580,-11.110,0,,0,47,19,2
2026-04-15T14:32:49.580,-11.119,0,,0,47,19,2
2026-04-15T14:32:50.580,-11.115,0,,0,47,19,2
2026-04-15T14:32:51.600,-11.127,0,,0,47,19,2
2026-04-15T14:32:52.600,-11.121,0,,0,47,19,2
2026-04-15T14:32:53.600,-11.132,0,,0,47,19,2
2026-04-15T14:32:54.600,-11.129,0,,0,47,19,2
2026-04-15T14:32:55.600,-11.131,0,,0,47,19,2
2026-04-15T14:32:56.600,-11.129,0,,0,47,19,2
2026-04-15T14:32:57.600,-11.112,0,,0,47,19,2
2026-04-15T14:32:58.600,-11.117,0,,0,47,19,2
2026-04-15T14:32:59.600,-11.108,0,,0,47,19,2
2026-04-15T14:33:00.600,-11.104,0,,0,47,19,2
2026-04-15T14:33:01.600,-11.121,0,,0,47,20,2
2026-04-15T14:33:02.590,-11.124,0,,0,47,20,2
2026-04-15T14:33:03.600,-11.137,0,,0,47,20,2
2026-04-15T14:33:04.600,-11.146,0,,0,47,20,2
2026-04-15T14:33:05.600,-11.122,0,,0,47,20,2
2026-04-15T14:33:06.600,-11.124,0,,0,47,20,2
2026-04-15T14:33:07.590,-11.128,0,,0,47,20,2
2026-04-15T14:33:08.610,-11.122,0,,0,47,20,2
2026-04-15T14:33:09.580,-11.150,0,,0,47,20,2
2026-04-15T14:33:10.620,-11.134,0,,0,47,20,2
2026-04-15T14:33:11.580,-11.134,0,,0,47,20,2
2026-04-15T14:33:12.600,-11.144,0,,0,47,20,2
2026-04-15T14:33:13.600,-11.129,0,,0,47,20,2
2026-04-15T14:33:14.600,-11.146,0,,0,47,20,2
2026-04-15T14:33:15.610,-11.159,0,,0,47,20,2
2026-04-15T14:33:16.600,-11.151,0,,0,47,20,2
2026-04-15T14:33:17.590,-11.152,0,,0,47,20,2
2026-04-15T14:33:18.580,-11.155,0,,0,47,20,2
2026-04-15T14:33:19.600,-11.159,0,,0,47,20,2
2026-04-15T14:33:20.600,-11.150,0,,0,47,21,2
2026-04-15T14:33:21.600,-11.161,0,,0,47,21,2
2026-04-15T14:33:22.590,-11.158,0,,0,47,21,2
2026-04-15T14:33:23.610,-11.155,0,,0,47,21,2
2026-04-15T14:33:24.600,-11.154,0,,0,47,21,2
2026-04-15T14:33:25.580,-11.140,0,,0,47,21,2
2026-04-15T14:33:26.590,-11.151,0,,0,47,21,2
2026-04-15T14:33:27.600,-11.148,0,,0,47,21,2
2026-04-15T14:33:28.600,-11.139,0,,0,47,21,2
2026-04-15T14:33:29.600,-11.124,0,,0,47,21,2
2026-04-15T14:33:30.600,-11.131,0,,0,47,21,2
2026-04-15T14:33:31.600,-11.118,0,,0,47,21,2
2026-04-15T14:33:32.590,-11.147,0,,0,47,21,2
2026-04-15T14:33:33.600,-11.142,0,,0,47,21,2
2026-04-15T14:33:34.600,-11.159,0,,0,47,21,2
2026-04-15T14:33:35.600,-11.169,0,Image_91.png,0,47,21,2
2026-04-15T14:33:36.910,-11.141,0,,0,47,21,2
2026-04-15T14:33:37.600,-11.146,0,,0,47,21,2
2026-04-15T14:33:38.600,-11.150,0,,0,47,21,2
2026-04-15T14:33:39.600,-11.154,0,,0,47,21,2
2026-04-15T14:33:40.590,-11.166,0,,0,47,21,2
2026-04-15T14:33:41.600,-11.154,0,,0,47,21,2
2026-04-15T14:33:42.600,-11.153,0,,0,47,21,2
2026-04-15T14:33:43.600,-11.129,0,,0,47,21,2
2026-04-15T14:33:44.600,-11.115,0,,0,47,21,2
2026-04-15T14:33:45.590,-11.127,0,,0,47,21,2
2026-04-15T14:33:46.600,-11.129,0,,0,47,21,2
2026-04-15T14:33:47.600,-11.129,0,,0,47,21,2
2026-04-15T14:33:48.600,-11.120,0,,0,47,21,2
2026-04-15T14:33:49.590,-11.122,0,,0,47,21,2
2026-04-15T14:33:50.590,-11.112,0,,0,47,21,2
2026-04-15T14:33:51.600,-11.131,0,,0,47,21,2
2026-04-15T14:33:52.600,-11.112,0,,0,47,21,2
2026-04-15T14:33:53.600,-11.126,0,,0,47,21,2
2026-04-15T14:33:54.600,-11.139,0,,0,47,21,2
2026-04-15T14:33:55.590,-11.127,0,,0,47,21,2
2026-04-15T14:33:56.600,-11.141,0,,0,47,21,2
2026-04-15T14:33:57.600,-11.137,0,,0,47,21,2
2026-04-15T14:33:58.600,-11.136,0,,0,47,21,2
2026-04-15T14:33:59.600,-11.149,0,,0,47,21,2
2026-04-15T14:34:00.600,-11.143,0,,0,47,21,2
2026-04-15T14:34:01.600,-11.134,0,,0,47,21,2
2026-04-15T14:34:02.600,-11.131,0,,0,47,21,2
2026-04-15T14:34:03.600,-11.104,0,,0,47,21,2
2026-04-15T14:34:04.600,-11.132,0,,0,47,21,2
2026-04-15T14:34:05.590,-11.119,0,,0,47,21,2
2026-04-15T14:34:06.600,-11.152,0,,0,47,21,2
2026-04-15T14:34:07.600,-11.165,0,,0,47,21,2
2026-04-15T14:34:08.600,-11.150,0,,0,47,21,2
2026-04-15T14:34:09.600,-11.145,0,,0,47,21,2
2026-04-15T14:34:10.600,-11.127,0,,0,47,21,2
2026-04-15T14:34:11.600,-11.114,0,,0,47,21,2
2026-04-15T14:34:12.600,-11.130,0,,0,47,21,2
2026-04-15T14:34:13.600,-11.126,0,,0,47,21,2
2026-04-15T14:34:14.600,-11.129,0,,0,47,21,2
2026-04-15T14:34:15.600,-11.149,0,,0,47,21,2
2026-04-15T14:34:16.600,-11.160,0,,0,47,21,2
2026-04-15T14:34:17.600,-11.157,0,,0,47,21,2
2026-04-15T14:34:18.600,-11.145,0,,0,47,21,2
2026-04-15T14:34:19.600,-11.140,0,,0,47,21,2
2026-04-15T14:34:20.580,-11.131,0,,0,47,21,2
2026-04-15T14:34:21.600,-11.147,0,,0,47,21,2
2026-04-15T14:34:22.590,-11.137,0,,0,47,21,2
2026-04-15T14:34:23.600,-11.150,0,,0,47,21,2
2026-04-15T14:34:24.600,-11.150,0,,0,47,21,2
2026-04-15T14:34:25.600,-11.154,0,,0,47,21,2
2026-04-15T14:34:26.600,-11.158,0,,0,47,21,2
2026-04-15T14:34:27.600,-11.180,0,,0,47,21,2
2026-04-15T14:34:28.850,-11.165,0,,0,47,21,2
2026-04-15T14:34:29.590,-11.173,0,,0,47,21,2
2026-04-15T14:34:30.600,-11.188,0,,0,47,21,2
2026-04-15T14:34:31.600,-11.182,0,,0,47,21,2
2026-04-15T14:34:32.600,-11.184,0,,0,47,21,2
2026-04-15T14:34:33.600,-11.221,0,,0,47,21,2
2026-04-15T14:34:34.600,-11.210,0,,0,47,21,2
2026-04-15T14:34:35.590,-11.234,0,,0,47,21,2
2026-04-15T14:34:36.600,-11.223,0,Image_92.png,0,47,21,2
2026-04-15T14:34:37.900,-11.202,0,,0,47,21,2
2026-04-15T14:34:38.600,-11.196,0,,0,47,21,2
2026-04-15T14:34:39.600,-11.186,0,,0,47,21,2
2026-04-15T14:34:40.590,-11.184,0,,0,47,21,2
2026-04-15T14:34:41.600,-11.200,0,,0,47,21,2
2026-04-15T14:34:42.600,-11.193,0,,0,47,21,2
2026-04-15T14:34:43.600,-11.184,0,,0,47,21,2
2026-04-15T14:34:44.600,-11.149,0,,0,47,21,2
2026-04-15T14:34:45.600,-11.172,0,,0,47,21,2
2026-04-15T14:34:46.600,-11.178,0,,0,47,21,2
2026-04-15T14:34:47.610,-11.191,0,,0,47,21,2
2026-04-15T14:34:48.600,-11.206,0,,0,47,21,2
2026-04-15T14:34:49.600,-11.203,0,,0,47,21,2
2026-04-15T14:34:50.600,-11.188,0,,0,47,21,2
2026-04-15T14:34:51.600,-11.191,0,,0,47,21,2
2026-04-15T14:34:52.600,-11.166,0,,0,47,21,2
2026-04-15T14:34:53.590,-11.155,0,,0,47,21,2
2026-04-15T14:34:54.600,-11.157,0,,0,47,21,2
2026-04-15T14:34:55.590,-11.173,0,,0,47,21,2
2026-04-15T14:34:56.600,-11.175,0,,0,47,21,2
2026-04-15T14:34:57.590,-11.178,0,,0,47,21,2
2026-04-15T14:34:58.600,-11.156,0,,0,47,21,2
2026-04-15T14:34:59.580,-11.162,0,,0,47,21,2
2026-04-15T14:35:00.600,-11.156,0,,0,47,21,2
2026-04-15T14:35:01.600,-11.165,0,,0,47,21,2
2026-04-15T14:35:02.600,-11.153,0,,0,47,21,2
2026-04-15T14:35:03.580,-11.182,0,,0,47,21,2
2026-04-15T14:35:04.600,-11.172,0,,0,47,21,2
2026-04-15T14:35:05.600,-11.176,0,,0,47,21,2
2026-04-15T14:35:06.600,-11.178,0,,0,47,21,2
2026-04-15T14:35:07.590,-11.161,0,,0,47,21,2
2026-04-15T14:35:08.600,-11.182,0,,0,47,21,2
2026-04-15T14:35:09.600,-11.180,0,,0,47,21,2
2026-04-15T14:35:10.600,-11.194,0,,0,47,21,2
2026-04-15T14:35:11.600,-11.181,0,,0,47,21,2
2026-04-15T14:35:12.600,-11.173,0,,0,47,21,2
2026-04-15T14:35:13.600,-11.174,0,,0,48,21,2
2026-04-15T14:35:14.600,-11.170,0,,0,48,21,2
2026-04-15T14:35:15.600,-11.176,0,,0,48,21,2
2026-04-15T14:35:16.600,-11.174,0,,0,48,21,2
2026-04-15T14:35:17.600,-11.166,0,,0,48,21,2
2026-04-15T14:35:18.600,-11.174,0,,0,48,21,2
2026-04-15T14:35:19.600,-11.175,0,,0,48,21,2
2026-04-15T14:35:20.590,-11.181,0,,0,48,21,2
2026-04-15T14:35:21.600,-11.172,0,,0,48,21,2
2026-04-15T14:35:22.600,-11.185,0,,0,48,21,2
2026-04-15T14:35:23.600,-11.187,0,,0,48,21,2
2026-04-15T14:35:24.600,-11.187,0,,0,48,21,2
2026-04-15T14:35:25.600,-11.192,0,,0,48,22,2
2026-04-15T14:35:26.600,-11.187,0,,0,48,22,2
2026-04-15T14:35:27.600,-11.196,0,,0,48,22,2
2026-04-15T14:35:28.600,-11.196,0,,0,48,22,2
2026-04-15T14:35:29.600,-11.203,0,,0,48,22,2
2026-04-15T14:35:30.600,-11.203,0,,0,48,22,2
2026-04-15T14:35:31.600,-11.219,0,,0,48,22,2
2026-04-15T14:35:32.600,-11.217,0,,0,48,22,2
2026-04-15T14:35:33.600,-11.222,0,,0,48,22,2
2026-04-15T14:35:34.600,-11.221,0,,0,48,22,2
2026-04-15T14:35:35.600,-11.226,0,,0,48,22,2
2026-04-15T14:35:36.600,-11.243,0,Image_93.png,0,48,22,2
2026-04-15T14:35:37.900,-11.234,0,,0,48,22,2
2026-04-15T14:35:38.600,-11.239,0,,0,48,23,2
2026-04-15T14:35:39.600,-11.247,0,,0,48,23,2
2026-04-15T14:35:40.590,-11.252,0,,0,48,23,2
2026-04-15T14:35:41.600,-11.259,0,,0,48,23,2
2026-04-15T14:35:42.600,-11.260,0,,0,48,23,2
2026-04-15T14:35:43.600,-11.275,0,,0,48,23,2
2026-04-15T14:35:44.600,-11.275,0,,0,48,23,2
2026-04-15T14:35:45.590,-11.282,0,,0,48,23,2
2026-04-15T14:35:46.600,-11.259,0,,0,48,23,2
2026-04-15T14:35:47.600,-11.256,0,,0,48,23,2
2026-04-15T14:35:48.600,-11.256,0,,0,48,23,2
2026-04-15T14:35:49.600,-11.269,0,,0,48,23,2
2026-04-15T14:35:50.600,-11.284,0,,0,48,23,2
2026-04-15T14:35:51.600,-11.289,0,,0,48,23,2
2026-04-15T14:35:52.600,-11.292,0,,0,48,23,2
2026-04-15T14:35:53.600,-11.300,0,,0,48,23,2
2026-04-15T14:35:54.600,-11.276,0,,0,48,23,2
2026-04-15T14:35:55.600,-11.290,0,,0,48,23,2
2026-04-15T14:35:56.600,-11.281,0,,0,48,23,2
2026-04-15T14:35:57.600,-11.273,0,,0,48,23,2
2026-04-15T14:35:58.600,-11.284,0,,0,48,23,2
2026-04-15T14:35:59.600,-11.289,0,,0,48,23,2
2026-04-15T14:36:00.600,-11.298,0,,0,48,23,2
2026-04-15T14:36:01.600,-11.283,0,,0,48,23,2
2026-04-15T14:36:02.600,-11.314,0,,0,48,23,2
2026-04-15T14:36:03.600,-11.318,0,,0,48,23,2
2026-04-15T14:36:04.600,-11.306,0,,0,48,23,2
2026-04-15T14:36:05.600,-11.310,0,,0,48,23,2
2026-04-15T14:36:06.600,-11.290,0,,0,48,23,2
2026-04-15T14:36:07.600,-11.300,0,,0,48,23,2
2026-04-15T14:36:08.600,-11.304,0,,0,48,23,2
2026-04-15T14:36:09.600,-11.313,0,,0,48,23,2
2026-04-15T14:36:10.600,-11.318,0,,0,48,23,2
2026-04-15T14:36:11.600,-11.322,0,,0,48,23,2
2026-04-15T14:36:12.600,-11.321,0,,0,48,23,2
2026-04-15T14:36:13.590,-11.330,0,,0,48,23,2
2026-04-15T14:36:14.600,-11.346,0,,0,48,23,2
2026-04-15T14:36:15.600,-11.335,0,,0,48,23,2
2026-04-15T14:36:16.600,-11.338,0,,0,48,23,2
2026-04-15T14:36:17.600,-11.341,0,,0,48,23,2
2026-04-15T14:36:18.600,-11.343,0,,0,48,23,2
2026-04-15T14:36:19.600,-11.341,0,,0,48,23,2
2026-04-15T14:36:20.610,-11.348,0,,0,48,23,2
2026-04-15T14:36:21.600,-11.345,0,,0,48,23,2
2026-04-15T14:36:22.600,-11.336,0,,0,48,23,2
2026-04-15T14:36:23.600,-11.344,0,,0,48,23,2
2026-04-15T14:36:24.600,-11.345,0,,0,48,23,2
2026-04-15T14:36:25.600,-11.353,0,,0,48,23,2
2026-04-15T14:36:26.600,-11.342,0,,0,48,23,2
2026-04-15T14:36:27.600,-11.348,0,,0,48,23,2
2026-04-15T14:36:28.600,-11.359,0,,0,48,23,2
2026-04-15T14:36:29.600,-11.353,0,,0,48,23,2
2026-04-15T14:36:30.600,-11.356,0,,0,48,23,2
2026-04-15T14:36:31.600,-11.364,0,,0,48,23,2
2026-04-15T14:36:32.600,-11.358,0,,0,48,23,2
2026-04-15T14:36:33.600,-11.363,0,,0,48,23,2
2026-04-15T14:36:34.600,-11.360,0,,0,48,23,2
2026-04-15T14:36:35.580,-11.360,0,,0,48,23,2
2026-04-15T14:36:36.600,-11.365,0,Image_94.png,0,48,23,2
2026-04-15T14:36:37.910,-11.356,0,,0,48,23,2
2026-04-15T14:36:38.590,-11.368,0,,0,48,23,2
2026-04-15T14:36:39.600,-11.350,0,,0,48,23,2
2026-04-15T14:36:40.590,-11.359,0,,0,48,23,2
2026-04-15T14:36:41.600,-11.358,0,,0,48,23,2
2026-04-15T14:36:42.600,-11.344,0,,0,48,23,2
2026-04-15T14:36:43.600,-11.334,0,,0,48,23,2
2026-04-15T14:36:44.600,-11.323,0,,0,48,23,2
2026-04-15T14:36:45.590,-11.320,0,,0,48,23,2
2026-04-15T14:36:46.590,-11.326,0,,0,48,23,2
2026-04-15T14:36:47.610,-11.327,0,,0,48,23,2
2026-04-15T14:36:48.600,-11.340,0,,0,48,23,2
2026-04-15T14:36:49.600,-11.336,0,,0,48,23,2
2026-04-15T14:36:50.590,-11.338,0,,0,48,23,2
2026-04-15T14:36:51.600,-11.339,0,,0,48,23,2
2026-04-15T14:36:52.600,-11.340,0,,0,48,23,2
2026-04-15T14:36:53.600,-11.324,0,,0,48,23,2
2026-04-15T14:36:54.600,-11.307,0,,0,48,23,2
2026-04-15T14:36:55.600,-11.320,0,,0,48,23,2
2026-04-15T14:36:56.600,-11.302,0,,0,48,23,2
2026-04-15T14:36:57.600,-11.291,0,,0,48,23,2
2026-04-15T14:36:58.590,-11.296,0,,0,48,23,2
2026-04-15T14:36:59.600,-11.312,0,,0,48,23,2
2026-04-15T14:37:00.600,-11.304,0,,0,48,23,2
2026-04-15T14:37:01.600,-11.309,0,,0,48,23,2
2026-04-15T14:37:02.600,-11.306,0,,0,48,23,2
2026-04-15T14:37:03.600,-11.320,0,,0,48,23,2
2026-04-15T14:37:04.600,-11.306,0,,0,48,23,2
2026-04-15T14:37:05.600,-11.311,0,,0,48,23,2
2026-04-15T14:37:06.600,-11.313,0,,0,48,23,2
2026-04-15T14:37:07.600,-11.324,0,,0,48,23,2
2026-04-15T14:37:08.600,-11.332,0,,0,48,23,2
2026-04-15T14:37:09.600,-11.314,0,,0,48,23,2
2026-04-15T14:37:10.600,-11.322,0,,0,48,23,2
2026-04-15T14:37:11.600,-11.334,0,,0,48,23,2
2026-04-15T14:37:12.600,-11.324,0,,0,48,23,2
2026-04-15T14:37:13.600,-11.343,0,,0,48,23,2
2026-04-15T14:37:14.600,-11.361,0,,0,48,23,2
2026-04-15T14:37:15.600,-11.351,0,,0,48,23,2
2026-04-15T14:37:16.600,-11.356,0,,0,48,23,2
2026-04-15T14:37:17.600,-11.343,0,,0,48,23,2
2026-04-15T14:37:18.600,-11.320,0,,0,48,23,2
2026-04-15T14:37:19.600,-11.344,0,,0,48,23,2
2026-04-15T14:37:20.600,-11.333,0,,0,48,23,2
2026-04-15T14:37:21.600,-11.330,0,,0,48,23,2
2026-04-15T14:37:22.600,-11.333,0,,0,48,23,2
2026-04-15T14:37:23.600,-11.336,0,,0,48,23,2
2026-04-15T14:37:24.600,-11.336,0,,0,48,23,2
2026-04-15T14:37:25.590,-11.351,0,,0,48,23,2
2026-04-15T14:37:26.610,-11.358,0,,0,48,23,2
2026-04-15T14:37:27.600,-11.356,0,,0,48,23,2
2026-04-15T14:37:28.600,-11.350,0,,0,48,23,2
2026-04-15T14:37:29.600,-11.341,0,,0,48,23,2
2026-04-15T14:37:30.600,-11.329,0,,0,48,23,2
2026-04-15T14:37:31.600,-11.338,0,,0,48,23,2
2026-04-15T14:37:32.600,-11.332,0,,0,48,23,2
2026-04-15T14:37:33.600,-11.318,0,,0,48,23,2
2026-04-15T14:37:34.600,-11.327,0,,0,48,23,2
2026-04-15T14:37:35.600,-11.334,0,,0,48,23,2
2026-04-15T14:37:36.600,-11.322,0,,0,48,23,2
2026-04-15T14:37:37.600,-11.334,0,Image_95.png,0,48,23,2
2026-04-15T14:37:38.900,-11.322,0,,0,48,23,2
2026-04-15T14:37:39.600,-11.327,0,,0,48,23,2
2026-04-15T14:37:40.600,-11.314,0,,0,48,23,2
2026-04-15T14:37:41.600,-11.320,0,,0,48,23,2
2026-04-15T14:37:42.600,-11.335,0,,0,48,23,2
2026-04-15T14:37:43.600,-11.310,0,,0,48,23,2
2026-04-15T14:37:44.600,-11.318,0,,0,48,23,2
2026-04-15T14:37:45.600,-11.321,0,,0,48,23,2
2026-04-15T14:37:46.600,-11.317,0,,0,48,23,2
2026-04-15T14:37:47.600,-11.308,0,,0,48,23,2
2026-04-15T14:37:48.600,-11.311,0,,0,48,23,2
2026-04-15T14:37:49.600,-11.312,0,,0,48,23,2
2026-04-15T14:37:50.590,-11.310,0,,0,48,23,2
2026-04-15T14:37:51.600,-11.305,0,,0,48,23,2
2026-04-15T14:37:52.600,-11.305,0,,0,48,23,2
2026-04-15T14:37:53.600,-11.293,0,,0,48,23,2
2026-04-15T14:37:54.600,-11.319,0,,0,48,23,2
2026-04-15T14:37:55.600,-11.326,0,,0,48,23,2
2026-04-15T14:37:56.600,-11.327,0,,0,48,23,2
2026-04-15T14:37:57.600,-11.320,0,,0,48,23,2
2026-04-15T14:37:58.600,-11.312,0,,0,48,23,2
2026-04-15T14:37:59.600,-11.319,0,,0,48,23,2
2026-04-15T14:38:00.600,-11.311,0,,0,48,23,2
2026-04-15T14:38:01.600,-11.319,0,,0,48,23,2
2026-04-15T14:38:02.600,-11.312,0,,0,48,23,2
2026-04-15T14:38:03.590,-11.325,0,,0,48,23,2
2026-04-15T14:38:04.660,-11.307,0,,0,48,23,2
2026-04-15T14:38:05.610,-11.323,0,,0,48,23,2
2026-04-15T14:38:06.600,-11.327,0,,0,48,23,2
2026-04-15T14:38:07.600,-11.304,0,,0,48,23,2
2026-04-15T14:38:08.590,-11.319,0,,0,48,23,2
2026-04-15T14:38:09.600,-11.302,0,,0,48,23,2
2026-04-15T14:38:10.600,-11.325,0,,0,48,23,2
2026-04-15T14:38:11.600,-11.317,0,,0,48,23,2
2026-04-15T14:38:12.600,-11.299,0,,0,48,23,2
2026-04-15T14:38:13.600,-11.313,0,,0,48,23,2
2026-04-15T14:38:14.600,-11.313,0,,0,48,23,2
2026-04-15T14:38:15.600,-11.301,0,,0,48,23,2
2026-04-15T14:38:16.600,-11.305,0,,0,48,23,2
2026-04-15T14:38:17.600,-11.285,0,,0,48,23,2
2026-04-15T14:38:18.590,-11.274,0,,0,48,23,2
2026-04-15T14:38:19.600,-11.271,0,,0,48,23,2
2026-04-15T14:38:20.600,-11.265,0,,0,48,23,2
2026-04-15T14:38:21.590,-11.276,0,,0,48,23,2
2026-04-15T14:38:22.600,-11.306,0,,0,48,23,2
2026-04-15T14:38:23.590,-11.312,0,,0,48,23,2
2026-04-15T14:38:24.600,-11.332,0,,0,48,23,2
2026-04-15T14:38:25.600,-11.308,0,,0,48,23,2
2026-04-15T14:38:26.600,-11.306,0,,0,48,23,2
2026-04-15T14:38:27.600,-11.318,0,,0,48,23,2
2026-04-15T14:38:28.590,-11.295,0,,0,48,23,2
2026-04-15T14:38:29.600,-11.294,0,,0,48,23,2
2026-04-15T14:38:30.600,-11.270,0,,0,48,23,2
2026-04-15T14:38:31.600,-11.282,0,,0,48,23,2
2026-04-15T14:38:32.600,-11.269,0,,0,48,23,2
2026-04-15T14:38:33.600,-11.270,0,,0,48,23,2
2026-04-15T14:38:34.600,-11.271,0,,0,48,23,2
2026-04-15T14:38:35.600,-11.266,0,,0,48,23,2
2026-04-15T14:38:36.600,-11.266,0,,0,48,23,2
2026-04-15T14:38:37.600,-11.254,0,,0,48,23,2
2026-04-15T14:38:38.590,-11.279,0,Image_96.png,0,48,23,2
2026-04-15T14:38:39.900,-11.282,0,,0,48,23,2
2026-04-15T14:38:40.600,-11.298,0,,0,48,23,2
2026-04-15T14:38:41.600,-11.317,0,,0,48,23,2
2026-04-15T14:38:42.600,-11.310,0,,0,48,23,2
2026-04-15T14:38:43.600,-11.299,0,,0,48,23,2
2026-04-15T14:38:44.600,-11.264,0,,0,48,23,2
2026-04-15T14:38:45.600,-11.260,0,,0,48,23,2
2026-04-15T14:38:46.600,-11.263,0,,0,48,23,2
2026-04-15T14:38:47.600,-11.262,0,,0,48,23,2
2026-04-15T14:38:48.600,-11.277,0,,0,48,23,2
2026-04-15T14:38:49.600,-11.283,0,,0,48,23,2
2026-04-15T14:38:50.600,-11.274,0,,0,48,23,2
2026-04-15T14:38:51.600,-11.282,0,,0,48,23,2
2026-04-15T14:38:52.600,-11.274,0,,0,48,23,2
2026-04-15T14:38:53.610,-11.268,0,,0,48,23,2
2026-04-15T14:38:54.600,-11.277,0,,0,48,23,2
2026-04-15T14:38:55.600,-11.278,0,,0,48,23,2
2026-04-15T14:38:56.600,-11.283,0,,0,48,23,2
2026-04-15T14:38:57.600,-11.287,0,,0,48,23,2
2026-04-15T14:38:58.600,-11.297,0,,0,48,23,2
2026-04-15T14:38:59.600,-11.291,0,,0,48,23,2
2026-04-15T14:39:00.600,-11.293,0,,0,48,23,2
2026-04-15T14:39:01.600,-11.291,0,,0,48,23,2
2026-04-15T14:39:02.600,-11.287,0,,0,48,23,2
2026-04-15T14:39:03.600,-11.286,0,,0,48,23,2
2026-04-15T14:39:04.600,-11.310,0,,0,48,23,2
2026-04-15T14:39:05.600,-11.305,0,,0,48,23,2
2026-04-15T14:39:06.600,-11.308,0,,0,48,23,2
2026-04-15T14:39:07.600,-11.320,0,,0,48,23,2
2026-04-15T14:39:08.590,-11.309,0,,0,48,23,2
2026-04-15T14:39:09.600,-11.317,0,,0,48,23,2
2026-04-15T14:39:10.600,-11.307,0,,0,48,23,2
2026-04-15T14:39:11.600,-11.309,0,,0,48,23,2
2026-04-15T14:39:12.600,-11.302,0,,0,48,23,2
2026-04-15T14:39:13.600,-11.290,0,,0,48,23,2
2026-04-15T14:39:14.600,-11.292,0,,0,48,23,2
2026-04-15T14:39:15.600,-11.300,0,,0,48,23,2
2026-04-15T14:39:16.600,-11.297,0,,0,48,23,2
2026-04-15T14:39:17.600,-11.303,0,,0,48,23,2
2026-04-15T14:39:18.580,-11.319,0,,0,48,23,2
2026-04-15T14:39:19.600,-11.324,0,,0,48,23,2
2026-04-15T14:39:20.600,-11.319,0,,0,48,23,2
2026-04-15T14:39:21.600,-11.303,0,,0,48,23,2
2026-04-15T14:39:22.600,-11.308,0,,0,48,23,2
2026-04-15T14:39:23.590,-11.313,0,,0,48,23,2
2026-04-15T14:39:24.600,-11.314,0,,0,48,23,2
2026-04-15T14:39:25.600,-11.315,0,,0,48,23,3
2026-04-15T14:39:26.600,-11.320,0,,0,48,23,3
2026-04-15T14:39:27.600,-11.313,0,,0,48,23,3
2026-04-15T14:39:29.090,-11.308,0,,0,48,23,3
2026-04-15T14:39:29.600,-11.313,0,,0,48,23,3
2026-04-15T14:39:30.600,-11.319,0,,0,48,23,3
2026-04-15T14:39:31.600,-11.310,0,,0,48,23,3
2026-04-15T14:39:32.600,-11.338,0,,0,48,23,3
2026-04-15T14:39:33.590,-11.338,0,,0,48,23,3
2026-04-15T14:39:34.660,-11.335,0,,0,48,23,3
2026-04-15T14:39:35.600,-11.336,0,,0,48,23,3
2026-04-15T14:39:36.600,-11.313,0,,0,48,23,3
2026-04-15T14:39:37.600,-11.343,0,,0,48,23,3
2026-04-15T14:39:38.590,-11.342,0,,0,48,23,3
2026-04-15T14:39:39.600,-11.336,0,Image_97.png,0,48,23,3
2026-04-15T14:39:40.900,-11.345,0,,0,48,23,3
2026-04-15T14:39:41.600,-11.329,0,,0,48,23,3
2026-04-15T14:39:42.600,-11.334,0,,0,48,23,3
2026-04-15T14:39:43.590,-11.335,0,,0,48,23,3
2026-04-15T14:39:44.600,-11.334,0,,0,48,23,3
2026-04-15T14:39:45.600,-11.342,0,,0,48,23,3
2026-04-15T14:39:46.600,-11.352,0,,0,48,23,3
2026-04-15T14:39:47.600,-11.340,0,,0,48,23,3
2026-04-15T14:39:48.940,-11.347,0,,0,48,23,3
2026-04-15T14:39:49.600,-11.341,0,,0,48,23,3
2026-04-15T14:39:50.600,-11.341,0,,0,48,23,3
2026-04-15T14:39:51.600,-11.350,0,,0,48,23,3
2026-04-15T14:39:52.600,-11.343,0,,0,48,23,3
2026-04-15T14:39:53.600,-11.344,0,,0,48,23,3
2026-04-15T14:39:54.600,-11.341,0,,0,48,23,3
2026-04-15T14:39:55.600,-11.339,0,,0,48,24,3
2026-04-15T14:39:56.600,-11.339,0,,0,48,24,3
2026-04-15T14:39:57.600,-11.336,0,,0,48,24,3
2026-04-15T14:39:58.590,-11.348,0,,0,48,24,3
2026-04-15T14:39:59.600,-11.347,0,,0,48,24,3
2026-04-15T14:40:00.600,-11.356,0,,0,48,24,3
2026-04-15T14:40:01.600,-11.353,0,,0,48,24,3
2026-04-15T14:40:02.600,-11.339,0,,0,48,24,3
2026-04-15T14:40:03.600,-11.344,0,,0,48,24,3
2026-04-15T14:40:04.600,-11.344,0,,0,48,24,3
2026-04-15T14:40:05.600,-11.345,0,,0,48,24,3
2026-04-15T14:40:06.600,-11.352,0,,0,48,24,3
2026-04-15T14:40:07.600,-11.340,0,,0,48,24,3
2026-04-15T14:40:08.610,-11.364,0,,0,48,24,3
2026-04-15T14:40:09.600,-11.349,0,,0,48,24,3
2026-04-15T14:40:10.600,-11.358,0,,0,48,24,3
2026-04-15T14:40:11.590,-11.352,0,,0,48,24,3
2026-04-15T14:40:12.600,-11.346,0,,0,48,24,3
2026-04-15T14:40:13.590,-11.344,0,,0,48,24,3
2026-04-15T14:40:14.600,-11.324,0,,0,48,24,3
2026-04-15T14:40:15.600,-11.340,0,,0,48,24,3
2026-04-15T14:40:16.600,-11.328,0,,0,48,24,3
2026-04-15T14:40:17.600,-11.325,0,,0,48,24,3
2026-04-15T14:40:18.600,-11.324,0,,0,48,24,3
2026-04-15T14:40:19.600,-11.324,0,,0,48,24,3
2026-04-15T14:40:20.690,-11.330,0,,0,48,24,3
2026-04-15T14:40:21.600,-11.323,0,,0,48,24,3
2026-04-15T14:40:22.600,-11.336,0,,0,48,24,3
2026-04-15T14:40:23.590,-11.345,0,,0,48,24,3
2026-04-15T14:40:24.600,-11.349,0,,0,48,24,3
2026-04-15T14:40:25.600,-11.338,0,,0,48,24,3
2026-04-15T14:40:26.600,-11.345,0,,0,48,24,3
2026-04-15T14:40:27.600,-11.319,0,,0,48,24,3
2026-04-15T14:40:28.590,-11.303,0,,0,48,24,3
2026-04-15T14:40:29.600,-11.308,0,,0,48,24,3
2026-04-15T14:40:30.600,-11.310,0,,0,48,24,3
2026-04-15T14:40:31.600,-11.325,0,,0,48,24,3
2026-04-15T14:40:32.600,-11.310,0,,0,48,24,3
2026-04-15T14:40:33.600,-11.312,0,,0,48,24,3
2026-04-15T14:40:34.600,-11.317,0,,0,48,24,3
2026-04-15T14:40:35.600,-11.312,0,,0,48,24,3
2026-04-15T14:40:36.600,-11.301,0,,0,48,24,3
2026-04-15T14:40:37.600,-11.322,0,,0,48,24,3
2026-04-15T14:40:38.600,-11.307,0,,0,48,24,3
2026-04-15T14:40:39.600,-11.310,0,Image_98.png,0,48,24,3
2026-04-15T14:40:40.900,-11.333,0,,0,48,24,3
2026-04-15T14:40:41.600,-11.314,0,,0,48,24,3
2026-04-15T14:40:42.600,-11.323,0,,0,48,24,3
2026-04-15T14:40:43.600,-11.306,0,,0,48,24,3
2026-04-15T14:40:44.600,-11.300,0,,0,48,24,3
2026-04-15T14:40:45.600,-11.325,0,,0,48,24,3
2026-04-15T14:40:46.600,-11.319,0,,0,48,24,3
2026-04-15T14:40:47.600,-11.332,0,,0,48,24,3
2026-04-15T14:40:48.600,-11.312,0,,0,48,24,3
2026-04-15T14:40:49.600,-11.316,0,,0,48,24,3
2026-04-15T14:40:50.600,-11.313,0,,0,48,24,3
2026-04-15T14:40:51.600,-11.305,0,,0,48,24,3
2026-04-15T14:40:52.600,-11.319,0,,0,48,24,3
2026-04-15T14:40:53.600,-11.314,0,,0,48,24,3
2026-04-15T14:40:54.600,-11.314,0,,0,48,24,3
2026-04-15T14:40:55.600,-11.315,0,,0,48,24,3
2026-04-15T14:40:56.600,-11.309,0,,0,48,24,3
2026-04-15T14:40:57.600,-11.305,0,,0,48,24,3
2026-04-15T14:40:58.600,-11.294,0,,0,48,24,3
2026-04-15T14:40:59.600,-11.297,0,,0,48,24,3
2026-04-15T14:41:00.600,-11.305,0,,0,48,24,3
2026-04-15T14:41:01.600,-11.297,0,,0,48,24,3
2026-04-15T14:41:02.600,-11.294,0,,0,48,24,3
2026-04-15T14:41:03.600,-11.280,0,,0,48,24,3
2026-04-15T14:41:04.600,-11.279,0,,0,48,24,3
2026-04-15T14:41:05.600,-11.288,0,,0,48,24,3
2026-04-15T14:41:06.600,-11.300,0,,0,48,24,3
2026-04-15T14:41:07.590,-11.295,0,,0,48,24,3
2026-04-15T14:41:08.610,-11.299,0,,0,48,24,3
2026-04-15T14:41:09.600,-11.299,0,,0,48,24,3
2026-04-15T14:41:10.600,-11.285,0,,0,48,24,3
2026-04-15T14:41:11.600,-11.287,0,,0,48,24,3
2026-04-15T14:41:12.600,-11.301,0,,0,48,24,3
2026-04-15T14:41:13.600,-11.280,0,,0,48,24,3
2026-04-15T14:41:14.600,-11.285,0,,0,48,24,3
2026-04-15T14:41:15.600,-11.276,0,,0,48,24,3
2026-04-15T14:41:16.600,-11.286,0,,0,48,24,3
2026-04-15T14:41:17.600,-11.273,0,,0,48,24,3
2026-04-15T14:41:18.600,-11.293,0,,0,48,24,3
2026-04-15T14:41:19.600,-11.287,0,,0,48,24,3
2026-04-15T14:41:20.600,-11.283,0,,0,48,24,3
2026-04-15T14:41:21.600,-11.286,0,,0,48,24,3
2026-04-15T14:41:22.600,-11.276,0,,0,48,24,3
2026-04-15T14:41:23.600,-11.269,0,,0,48,24,3
2026-04-15T14:41:24.600,-11.267,0,,0,48,24,3
2026-04-15T14:41:25.590,-11.268,0,,0,48,24,3
2026-04-15T14:41:26.600,-11.279,0,,0,48,24,3
2026-04-15T14:41:27.600,-11.279,0,,0,48,24,3
2026-04-15T14:41:28.600,-11.269,0,,0,48,24,3
2026-04-15T14:41:29.600,-11.265,0,,0,48,24,3
2026-04-15T14:41:30.600,-11.238,0,,0,48,24,3
2026-04-15T14:41:31.600,-11.252,0,,0,48,24,3
2026-04-15T14:41:32.600,-11.258,0,,0,48,24,3
2026-04-15T14:41:33.600,-11.248,0,,0,48,24,3
2026-04-15T14:41:34.600,-11.249,0,,0,48,24,3
2026-04-15T14:41:35.590,-11.255,0,,0,48,24,3
2026-04-15T14:41:36.600,-11.239,0,,0,48,24,3
2026-04-15T14:41:37.590,-11.234,0,,0,48,24,3
2026-04-15T14:41:38.590,-11.241,0,,0,48,24,3
2026-04-15T14:41:39.600,-11.253,0,,0,48,24,3
2026-04-15T14:41:40.600,-11.258,0,Image_99.png,0,48,24,3
2026-04-15T14:41:41.900,-11.263,0,,0,48,24,3
2026-04-15T14:41:42.600,-11.254,0,,0,48,24,3
2026-04-15T14:41:43.600,-11.227,0,,0,48,24,3
2026-04-15T14:41:44.600,-11.237,0,,0,48,24,3
2026-04-15T14:41:45.600,-11.233,0,,0,48,24,3
2026-04-15T14:41:46.600,-11.227,0,,0,48,24,3
2026-04-15T14:41:47.600,-11.241,0,,0,48,24,3
2026-04-15T14:41:48.600,-11.231,0,,0,48,24,3
2026-04-15T14:41:49.600,-11.220,0,,0,48,24,3
2026-04-15T14:41:50.600,-11.216,0,,0,48,24,3
2026-04-15T14:41:51.600,-11.216,0,,0,48,24,3
2026-04-15T14:41:52.600,-11.227,0,,0,48,24,3
2026-04-15T14:41:53.600,-11.222,0,,0,48,24,3
2026-04-15T14:41:54.600,-11.233,0,,0,48,24,3
2026-04-15T14:41:55.600,-11.247,0,,0,48,24,3
2026-04-15T14:41:56.600,-11.243,0,,0,48,24,3
2026-04-15T14:41:57.600,-11.238,0,,0,48,24,3
2026-04-15T14:41:58.600,-11.251,0,,0,48,24,3
2026-04-15T14:41:59.600,-11.276,0,,0,48,24,3
2026-04-15T14:42:00.600,-11.271,0,,0,48,24,3
2026-04-15T14:42:01.600,-11.267,0,,0,48,24,3
2026-04-15T14:42:02.600,-11.271,0,,0,48,24,3
2026-04-15T14:42:03.600,-11.274,0,,0,48,24,3
2026-04-15T14:42:04.600,-11.269,0,,0,48,24,3
2026-04-15T14:42:05.600,-11.278,0,,0,48,24,3
2026-04-15T14:42:06.600,-11.262,0,,0,48,24,3
2026-04-15T14:42:07.600,-11.254,0,,0,48,24,3
2026-04-15T14:42:08.580,-11.244,0,,0,48,24,3
2026-04-15T14:42:09.600,-11.252,0,,0,48,24,3
2026-04-15T14:42:10.600,-11.245,0,,0,48,24,3
2026-04-15T14:42:11.600,-11.241,0,,0,48,24,3
2026-04-15T14:42:12.600,-11.242,0,,0,48,24,3
2026-04-15T14:42:13.600,-11.244,0,,0,48,24,3
2026-04-15T14:42:14.600,-11.232,0,,0,48,24,3
2026-04-15T14:42:15.600,-11.234,0,,0,48,24,3
2026-04-15T14:42:16.600,-11.229,0,,0,48,24,3
2026-04-15T14:42:17.600,-11.220,0,,0,48,24,3
2026-04-15T14:42:18.600,-11.240,0,,0,48,24,3
2026-04-15T14:42:19.600,-11.252,0,,0,48,24,3
2026-04-15T14:42:20.600,-11.260,0,,0,48,24,3
2026-04-15T14:42:21.600,-11.261,0,,0,48,24,3
2026-04-15T14:42:22.600,-11.254,0,,0,48,24,3
2026-04-15T14:42:23.610,-11.268,0,,0,48,24,3
2026-04-15T14:42:24.600,-11.266,0,,0,48,24,3
2026-04-15T14:42:25.600,-11.265,0,,0,48,24,3
2026-04-15T14:42:26.600,-11.256,0,,0,48,24,3
2026-04-15T14:42:27.600,-11.251,0,,0,48,24,3
2026-04-15T14:42:28.600,-11.263,0,,0,48,24,3
2026-04-15T14:42:29.600,-11.270,0,,0,48,24,3
2026-04-15T14:42:30.600,-11.256,0,,0,48,24,3
2026-04-15T14:42:31.600,-11.258,0,,0,48,24,3
2026-04-15T14:42:32.600,-11.242,0,,0,48,24,3
2026-04-15T14:42:33.600,-11.245,0,,0,48,24,3
2026-04-15T14:42:34.600,-11.256,0,,0,48,24,3
2026-04-15T14:42:35.600,-11.255,0,,0,48,24,3
2026-04-15T14:42:36.600,-11.248,0,,0,48,24,3
2026-04-15T14:42:37.600,-11.235,0,,0,48,24,3
2026-04-15T14:42:38.590,-11.242,0,,0,48,24,3
2026-04-15T14:42:39.600,-11.250,0,,0,48,24,3
2026-04-15T14:42:40.600,-11.245,0,Image_100.png,0,48,24,3
2026-04-15T14:42:41.910,-11.246,0,,0,48,24,3
2026-04-15T14:42:42.600,-11.243,0,,0,48,24,3
2026-04-15T14:42:43.600,-11.244,0,,0,48,24,3
2026-04-15T14:42:44.600,-11.248,0,,0,48,24,3
2026-04-15T14:42:45.600,-11.238,0,,0,48,24,3
2026-04-15T14:42:46.600,-11.253,0,,0,48,24,3
2026-04-15T14:42:47.600,-11.263,0,,0,48,24,3
2026-04-15T14:42:48.600,-11.252,0,,0,48,24,3
2026-04-15T14:42:49.600,-11.274,0,,0,48,24,3
2026-04-15T14:42:50.600,-11.251,0,,0,48,24,3
2026-04-15T14:42:51.600,-11.257,0,,0,48,24,3
2026-04-15T14:42:52.600,-11.259,0,,0,48,24,3
2026-04-15T14:42:53.590,-11.238,0,,0,48,24,3
2026-04-15T14:42:54.600,-11.239,0,,0,48,24,3
2026-04-15T14:42:55.600,-11.234,0,,0,48,24,3
2026-04-15T14:42:56.600,-11.248,0,,0,48,24,3
2026-04-15T14:42:57.600,-11.245,0,,0,48,24,3
2026-04-15T14:42:58.600,-11.241,0,,0,48,24,3
2026-04-15T14:42:59.610,-11.243,0,,0,48,24,3
2026-04-15T14:43:00.600,-11.235,0,,0,48,24,3
2026-04-15T14:43:01.600,-11.248,0,,0,48,24,3
2026-04-15T14:43:02.600,-11.245,0,,0,48,24,3
2026-04-15T14:43:03.600,-11.234,0,,0,48,24,3
2026-04-15T14:43:04.600,-11.229,0,,0,48,24,3
2026-04-15T14:43:05.600,-11.235,0,,0,48,24,3
2026-04-15T14:43:06.600,-11.236,0,,0,48,24,3
2026-04-15T14:43:07.590,-11.239,0,,0,48,24,3
2026-04-15T14:43:08.590,-11.226,0,,0,48,24,3
2026-04-15T14:43:09.600,-11.235,0,,0,48,24,3
2026-04-15T14:43:10.600,-11.243,0,,0,48,24,3
2026-04-15T14:43:11.600,-11.253,0,,0,48,24,3
2026-04-15T14:43:12.600,-11.262,0,,0,48,24,3
2026-04-15T14:43:13.600,-11.278,0,,0,48,24,3
2026-04-15T14:43:14.600,-11.289,0,,0,48,24,3
2026-04-15T14:43:15.600,-11.299,0,,0,48,24,3
2026-04-15T14:43:16.600,-11.291,0,,0,48,24,3
2026-04-15T14:43:17.610,-11.286,0,,0,48,24,3
2026-04-15T14:43:18.600,-11.278,0,,0,48,24,3
2026-04-15T14:43:19.600,-11.268,0,,0,48,24,3
2026-04-15T14:43:20.600,-11.257,0,,0,48,24,3
2026-04-15T14:43:21.600,-11.252,0,,0,48,24,3
2026-04-15T14:43:22.600,-11.256,0,,0,48,24,3
2026-04-15T14:43:23.600,-11.265,0,,0,48,24,3
2026-04-15T14:43:24.600,-11.256,0,,0,48,24,3
2026-04-15T14:43:25.590,-11.274,0,,0,48,24,3
2026-04-15T14:43:26.600,-11.274,0,,0,48,24,3
2026-04-15T14:43:27.600,-11.264,0,,0,48,24,3
2026-04-15T14:43:28.600,-11.281,0,,0,48,24,3
2026-04-15T14:43:29.600,-11.277,0,,0,48,24,3
2026-04-15T14:43:30.600,-11.286,0,,0,48,24,3
2026-04-15T14:43:31.600,-11.256,0,,0,48,24,3
2026-04-15T14:43:32.600,-11.275,0,,0,48,24,3
2026-04-15T14:43:33.600,-11.273,0,,0,48,24,3
2026-04-15T14:43:34.600,-11.249,0,,0,48,24,3
2026-04-15T14:43:35.600,-11.265,0,,0,48,24,3
2026-04-15T14:43:36.600,-11.258,0,,0,48,24,3
2026-04-15T14:43:37.600,-11.249,0,,0,48,24,3
2026-04-15T14:43:38.610,-11.275,0,,0,48,24,3
2026-04-15T14:43:39.600,-11.271,0,,0,48,24,3
2026-04-15T14:43:40.600,-11.279,0,,0,48,24,3
2026-04-15T14:43:41.600,-11.263,0,Image_101.png,0,48,24,3
2026-04-15T14:43:42.900,-11.269,0,,0,48,24,3
2026-04-15T14:43:43.600,-11.258,0,,0,48,24,3
2026-04-15T14:43:44.600,-11.264,0,,0,48,24,3
2026-04-15T14:43:45.600,-11.290,0,,0,48,24,3
2026-04-15T14:43:46.590,-11.273,0,,0,48,24,3
2026-04-15T14:43:47.590,-11.283,0,,0,48,24,3
2026-04-15T14:43:48.600,-11.257,0,,0,48,24,3
2026-04-15T14:43:49.600,-11.269,0,,0,48,24,3
2026-04-15T14:43:51.100,-11.286,0,,0,48,25,3
2026-04-15T14:43:51.600,-11.278,0,,0,48,25,3
2026-04-15T14:43:52.600,-11.276,0,,0,48,25,3
2026-04-15T14:43:53.610,-11.297,0,,0,48,25,3
2026-04-15T14:43:54.600,-11.290,0,,0,48,25,3
2026-04-15T14:43:55.600,-11.288,0,,0,48,25,3
2026-04-15T14:43:56.600,-11.284,0,,0,48,25,3
2026-04-15T14:43:57.600,-11.282,0,,0,48,25,3
2026-04-15T14:43:58.600,-11.276,0,,0,48,25,3
2026-04-15T14:43:59.600,-11.276,0,,0,48,25,3
2026-04-15T14:44:00.600,-11.280,0,,0,48,25,3
2026-04-15T14:44:01.600,-11.281,0,,0,48,25,3
2026-04-15T14:44:02.600,-11.286,0,,0,48,25,3
2026-04-15T14:44:03.600,-11.272,0,,0,48,25,3
2026-04-15T14:44:04.600,-11.278,0,,0,48,25,3
2026-04-15T14:44:05.600,-11.286,0,,0,48,25,3
2026-04-15T14:44:06.600,-11.276,0,,0,48,25,3
2026-04-15T14:44:07.600,-11.280,0,,0,48,25,3
2026-04-15T14:44:08.610,-11.271,0,,0,48,25,3
2026-04-15T14:44:09.600,-11.285,0,,0,48,25,3
2026-04-15T14:44:10.600,-11.283,0,,0,48,25,3
2026-04-15T14:44:11.600,-11.279,0,,0,48,25,3
2026-04-15T14:44:12.600,-11.276,0,,0,48,25,3
2026-04-15T14:44:13.600,-11.273,0,,0,48,25,3
2026-04-15T14:44:14.600,-11.270,0,,0,48,25,3
2026-04-15T14:44:15.600,-11.265,0,,0,48,25,3
2026-04-15T14:44:16.600,-11.280,0,,0,48,25,3
2026-04-15T14:44:17.600,-11.278,0,,0,48,25,3
2026-04-15T14:44:18.600,-11.309,0,,0,48,25,3
2026-04-15T14:44:19.600,-11.289,0,,0,48,25,3
2026-04-15T14:44:20.600,-11.304,0,,0,48,25,3
2026-04-15T14:44:21.600,-11.295,0,,0,48,25,3
2026-04-15T14:44:22.600,-11.286,0,,0,48,25,3
2026-04-15T14:44:23.600,-11.282,0,,0,48,25,3
2026-04-15T14:44:24.600,-11.286,0,,0,48,25,3
2026-04-15T14:44:25.600,-11.289,0,,0,48,25,3
2026-04-15T14:44:26.600,-11.285,0,,0,48,25,3
2026-04-15T14:44:27.580,-11.291,0,,0,48,25,3
2026-04-15T14:44:28.590,-11.292,0,,0,48,25,3
2026-04-15T14:44:29.600,-11.297,0,,0,48,25,3
2026-04-15T14:44:30.600,-11.284,0,,0,48,25,3
2026-04-15T14:44:31.600,-11.286,0,,0,48,25,3
2026-04-15T14:44:32.600,-11.292,0,,0,48,25,3
2026-04-15T14:44:33.600,-11.292,0,,0,48,25,3
2026-04-15T14:44:34.600,-11.299,0,,0,48,25,3
2026-04-15T14:44:35.600,-11.294,0,,0,48,25,3
2026-04-15T14:44:36.600,-11.292,0,,0,48,25,3
2026-04-15T14:44:37.600,-11.293,0,,0,48,25,3
2026-04-15T14:44:38.600,-11.289,0,,0,48,25,3
2026-04-15T14:44:39.600,-11.280,0,,0,48,25,3
2026-04-15T14:44:40.600,-11.296,0,,0,48,25,3
2026-04-15T14:44:41.600,-11.278,0,Image_102.png,0,48,25,3
2026-04-15T14:44:44.180,-11.284,0,,0,48,25,3
2026-04-15T14:44:44.600,-11.280,0,,0,48,25,3
2026-04-15T14:44:45.600,-11.281,0,,0,48,25,3
2026-04-15T14:44:46.600,-11.291,0,,0,48,25,3
2026-04-15T14:44:47.600,-11.290,0,,0,48,25,3
2026-04-15T14:44:48.600,-11.288,0,,0,48,25,3
2026-04-15T14:44:49.600,-11.297,0,,0,48,25,3
2026-04-15T14:44:50.610,-11.296,0,,0,48,25,3
2026-04-15T14:44:51.600,-11.290,0,,0,48,25,3
2026-04-15T14:44:52.600,-11.303,0,,0,48,25,3
2026-04-15T14:44:53.600,-11.302,0,,0,48,25,3
2026-04-15T14:44:55.490,-11.318,0,,0,48,25,3
2026-04-15T14:44:55.820,-11.310,0,,0,48,25,3
2026-04-15T14:44:56.600,-11.279,0,,0,48,25,3
2026-04-15T14:44:57.600,-11.288,0,,0,48,25,3
2026-04-15T14:44:58.600,-11.276,0,,0,48,25,3
2026-04-15T14:44:59.600,-11.291,0,,0,48,25,3
2026-04-15T14:45:00.600,-11.308,0,,0,48,25,3
2026-04-15T14:45:01.600,-11.305,0,,0,48,25,3
2026-04-15T14:45:02.600,-11.302,0,,0,48,25,3
2026-04-15T14:45:03.600,-11.305,0,,0,48,25,3
2026-04-15T14:45:04.600,-11.298,0,,0,48,25,3
2026-04-15T14:45:05.600,-11.306,0,,0,48,25,3
2026-04-15T14:45:06.600,-11.326,0,,0,48,25,3
2026-04-15T14:45:07.600,-11.318,0,,0,48,25,3
2026-04-15T14:45:08.610,-11.325,0,,0,48,25,3
2026-04-15T14:45:09.600,-11.309,0,,0,48,25,3
2026-04-15T14:45:10.600,-11.294,0,,0,48,25,3
2026-04-15T14:45:11.600,-11.281,0,,0,48,25,3
2026-04-15T14:45:12.600,-11.305,0,,0,48,25,3
2026-04-15T14:45:13.600,-11.307,0,,0,48,25,3
2026-04-15T14:45:14.600,-11.311,0,,0,48,25,3
2026-04-15T14:45:15.600,-11.293,0,,0,48,25,3
2026-04-15T14:45:16.600,-11.280,0,,0,48,25,3
2026-04-15T14:45:17.610,-11.273,0,,0,48,25,3
2026-04-15T14:45:18.600,-11.274,0,,0,48,25,3
2026-04-15T14:45:19.600,-11.267,0,,0,48,25,3
2026-04-15T14:45:20.600,-11.291,0,,0,48,25,3
2026-04-15T14:45:21.600,-11.283,0,,0,48,25,3
2026-04-15T14:45:22.600,-11.294,0,,0,48,25,3
2026-04-15T14:45:23.600,-11.296,0,,0,48,25,3
2026-04-15T14:45:24.600,-11.288,0,,0,48,25,3
2026-04-15T14:45:25.600,-11.311,0,,0,48,25,3
2026-04-15T14:45:26.600,-11.301,0,,0,48,25,3
2026-04-15T14:45:27.600,-11.304,0,,0,48,25,3
2026-04-15T14:45:28.600,-11.294,0,,0,48,25,3
2026-04-15T14:45:29.600,-11.284,0,,0,48,25,3
2026-04-15T14:45:30.600,-11.280,0,,0,48,25,3
2026-04-15T14:45:31.600,-11.284,0,,0,48,25,3
2026-04-15T14:45:32.610,-11.269,0,,0,48,25,3
2026-04-15T14:45:33.600,-11.261,0,,0,48,25,3
2026-04-15T14:45:34.600,-11.284,0,,0,48,25,3
2026-04-15T14:45:35.600,-11.293,0,,0,48,25,3
2026-04-15T14:45:36.600,-11.294,0,,0,48,25,3
2026-04-15T14:45:37.600,-11.295,0,,0,48,25,3
2026-04-15T14:45:38.590,-11.294,0,,0,48,25,3
2026-04-15T14:45:39.600,-11.296,0,,0,48,25,3
2026-04-15T14:45:40.600,-11.296,0,,0,48,25,3
2026-04-15T14:45:41.600,-11.326,0,Image_103.png,0,48,25,3
2026-04-15T14:45:42.890,-11.304,0,,0,48,25,3
2026-04-15T14:45:43.600,-11.314,0,,0,48,25,3
2026-04-15T14:45:44.590,-11.320,0,,0,48,25,3
2026-04-15T14:45:45.600,-11.307,0,,0,48,25,3
2026-04-15T14:45:46.600,-11.288,0,,0,48,25,3
2026-04-15T14:45:47.600,-11.296,0,,0,48,25,3
2026-04-15T14:45:48.600,-11.323,0,,0,48,25,3
2026-04-15T14:45:49.600,-11.311,0,,0,48,25,3
2026-04-15T14:45:50.600,-11.323,0,,0,48,25,3
2026-04-15T14:45:51.600,-11.324,0,,0,48,25,3
2026-04-15T14:45:52.600,-11.318,0,,0,48,25,3
2026-04-15T14:45:53.610,-11.335,0,,0,48,25,3
2026-04-15T14:45:54.600,-11.340,0,,0,48,25,3
2026-04-15T14:45:55.600,-11.313,0,,0,48,25,3
2026-04-15T14:45:56.610,-11.345,0,,0,48,25,3
2026-04-15T14:45:57.600,-11.331,0,,0,48,25,3
2026-04-15T14:45:58.600,-11.321,0,,0,48,25,3
2026-04-15T14:45:59.600,-11.342,0,,0,48,25,3
2026-04-15T14:46:00.600,-11.323,0,,0,48,25,3
2026-04-15T14:46:01.600,-11.341,0,,0,48,25,3
2026-04-15T14:46:02.590,-11.352,0,,0,48,25,3
2026-04-15T14:46:03.600,-11.371,0,,0,48,25,3
2026-04-15T14:46:04.600,-11.382,0,,0,48,25,3
2026-04-15T14:46:05.600,-11.368,0,,0,48,25,3
2026-04-15T14:46:06.590,-11.361,0,,0,48,25,3
2026-04-15T14:46:07.600,-11.347,0,,0,48,25,3
2026-04-15T14:46:08.600,-11.372,0,,0,48,25,3
2026-04-15T14:46:09.600,-11.370,0,,0,48,25,3
2026-04-15T14:46:10.600,-11.385,0,,0,48,25,3
2026-04-15T14:46:11.590,-11.390,0,,0,48,25,3
2026-04-15T14:46:12.600,-11.388,0,,0,48,25,3
2026-04-15T14:46:13.600,-11.377,0,,0,48,25,3
2026-04-15T14:46:14.600,-11.371,0,,0,48,25,3
2026-04-15T14:46:15.600,-11.360,0,,0,48,25,3
2026-04-15T14:46:16.600,-11.365,0,,0,48,25,3
2026-04-15T14:46:17.600,-11.352,0,,0,48,25,3
2026-04-15T14:46:18.600,-11.354,0,,0,48,25,3
2026-04-15T14:46:19.600,-11.369,0,,0,48,25,3
2026-04-15T14:46:20.600,-11.389,0,,0,48,25,3
2026-04-15T14:46:21.600,-11.386,0,,0,48,25,3
2026-04-15T14:46:22.600,-11.395,0,,0,48,25,3
2026-04-15T14:46:23.600,-11.371,0,,0,48,25,3
2026-04-15T14:46:24.600,-11.398,0,,0,48,25,3
2026-04-15T14:46:25.600,-11.399,0,,0,48,25,3
2026-04-15T14:46:26.590,-11.378,0,,0,48,25,3
2026-04-15T14:46:27.600,-11.398,0,,0,48,25,3
2026-04-15T14:46:28.600,-11.377,0,,0,48,25,3
2026-04-15T14:46:29.600,-11.389,0,,0,48,25,3
2026-04-15T14:46:30.600,-11.398,0,,0,48,25,3
2026-04-15T14:46:31.590,-11.415,0,,0,48,25,3
2026-04-15T14:46:32.600,-11.427,0,,0,48,25,3
2026-04-15T14:46:33.600,-11.409,0,,0,48,25,3
2026-04-15T14:46:34.600,-11.421,0,,0,48,25,3
2026-04-15T14:46:35.600,-11.417,0,,0,48,25,3
2026-04-15T14:46:36.590,-11.395,0,,0,48,25,3
2026-04-15T14:46:37.600,-11.414,0,,0,48,25,3
2026-04-15T14:46:38.610,-11.386,0,,0,48,25,3
2026-04-15T14:46:39.600,-11.392,0,,0,48,25,3
2026-04-15T14:46:40.600,-11.399,0,,0,48,25,3
2026-04-15T14:46:41.590,-11.420,0,,0,48,25,3
2026-04-15T14:46:42.600,-11.421,0,Image_104.png,0,48,25,3
2026-04-15T14:46:43.910,-11.415,0,,0,48,25,3
2026-04-15T14:46:44.600,-11.407,0,,0,48,25,3
2026-04-15T14:46:45.600,-11.396,0,,0,48,25,3
2026-04-15T14:46:46.600,-11.381,0,,0,48,25,3
2026-04-15T14:46:47.600,-11.391,0,,0,48,25,3
2026-04-15T14:46:48.600,-11.414,0,,0,48,25,3
2026-04-15T14:46:49.600,-11.414,0,,0,48,25,3
2026-04-15T14:46:50.600,-11.404,0,,0,48,25,3
2026-04-15T14:46:51.590,-11.405,0,,0,48,25,3
2026-04-15T14:46:52.600,-11.424,0,,0,48,25,3
2026-04-15T14:46:53.600,-11.439,0,,0,48,25,3
2026-04-15T14:46:54.600,-11.442,0,,0,48,25,3
2026-04-15T14:46:55.600,-11.435,0,,0,48,25,3
2026-04-15T14:46:56.590,-11.437,0,,0,48,25,3
2026-04-15T14:46:57.600,-11.433,0,,0,48,25,3
2026-04-15T14:46:58.600,-11.436,0,,0,48,25,3
2026-04-15T14:46:59.600,-11.424,0,,0,48,25,3
2026-04-15T14:47:00.600,-11.425,0,,0,48,25,3
2026-04-15T14:47:01.590,-11.417,0,,0,48,25,3
2026-04-15T14:47:02.600,-11.438,0,,0,48,25,3
2026-04-15T14:47:03.600,-11.419,0,,0,48,25,3
2026-04-15T14:47:04.600,-11.449,0,,0,48,25,3
2026-04-15T14:47:05.600,-11.444,0,,0,48,25,3
2026-04-15T14:47:06.590,-11.448,0,,0,48,25,3
2026-04-15T14:47:07.600,-11.450,0,,0,48,25,3
2026-04-15T14:47:08.600,-11.431,0,,0,48,25,3
2026-04-15T14:47:09.600,-11.418,0,,0,48,25,3
2026-04-15T14:47:10.600,-11.420,0,,0,48,25,3
2026-04-15T14:47:11.590,-11.439,0,,0,48,25,3
2026-04-15T14:47:12.600,-11.428,0,,0,48,25,3
2026-04-15T14:47:13.600,-11.432,0,,0,48,25,3
2026-04-15T14:47:14.600,-11.426,0,,0,48,25,3
2026-04-15T14:47:15.600,-11.420,0,,0,48,25,3
2026-04-15T14:47:16.590,-11.401,0,,0,48,25,3
2026-04-15T14:47:17.600,-11.407,0,,0,48,25,3
2026-04-15T14:47:18.600,-11.407,0,,0,48,25,3
2026-04-15T14:47:19.600,-11.408,0,,0,48,25,3
2026-04-15T14:47:20.600,-11.418,0,,0,48,25,3
2026-04-15T14:47:21.600,-11.418,0,,0,48,25,3
2026-04-15T14:47:22.600,-11.425,0,,0,48,25,3
2026-04-15T14:47:23.600,-11.434,0,,0,48,25,3
2026-04-15T14:47:24.600,-11.415,0,,0,48,25,3
2026-04-15T14:47:25.600,-11.425,0,,0,48,25,3
2026-04-15T14:47:26.590,-11.423,0,,0,48,25,3
2026-04-15T14:47:27.600,-11.396,0,,0,48,25,3
2026-04-15T14:47:28.600,-11.406,0,,0,48,25,3
2026-04-15T14:47:29.600,-11.397,0,,0,48,25,3
2026-04-15T14:47:30.600,-11.397,0,,0,48,25,3
2026-04-15T14:47:31.590,-11.416,0,,0,48,25,3
2026-04-15T14:47:32.600,-11.430,0,,0,48,25,3
2026-04-15T14:47:33.600,-11.438,0,,0,48,25,3
2026-04-15T14:47:34.600,-11.436,0,,0,48,25,3
2026-04-15T14:47:35.600,-11.404,0,,0,48,25,3
2026-04-15T14:47:36.600,-11.391,0,,0,48,25,3
2026-04-15T14:47:37.600,-11.403,0,,0,48,25,3
2026-04-15T14:47:38.610,-11.407,0,,0,48,25,3
2026-04-15T14:47:39.600,-11.399,0,,0,48,25,3
2026-04-15T14:47:40.600,-11.399,0,,0,48,25,3
2026-04-15T14:47:41.600,-11.412,0,,0,48,25,3
2026-04-15T14:47:42.600,-11.398,0,Image_105.png,0,48,25,3
2026-04-15T14:47:43.920,-11.399,0,,0,48,25,3
2026-04-15T14:47:44.600,-11.406,0,,0,48,25,3
2026-04-15T14:47:45.600,-11.419,0,,0,48,25,3
2026-04-15T14:47:46.600,-11.432,0,,0,48,25,3
2026-04-15T14:47:47.600,-11.445,0,,0,48,25,3
2026-04-15T14:47:48.600,-11.443,0,,0,48,25,3
2026-04-15T14:47:49.600,-11.425,0,,0,48,25,3
2026-04-15T14:47:50.610,-11.419,0,,0,48,25,3
2026-04-15T14:47:51.590,-11.420,0,,0,48,25,3
2026-04-15T14:47:52.870,-11.420,0,,0,48,25,3
2026-04-15T14:47:53.600,-11.445,0,,0,48,25,3
2026-04-15T14:47:54.600,-11.417,0,,0,48,25,3
2026-04-15T14:47:55.600,-11.423,0,,0,48,25,3
2026-04-15T14:47:56.600,-11.427,0,,0,48,25,3
2026-04-15T14:47:57.600,-11.421,0,,0,48,25,3
2026-04-15T14:47:58.600,-11.440,0,,0,48,25,3
2026-04-15T14:47:59.600,-11.428,0,,0,48,25,3
2026-04-15T14:48:00.600,-11.413,0,,0,48,25,3
2026-04-15T14:48:01.600,-11.432,0,,0,48,25,3
2026-04-15T14:48:02.600,-11.424,0,,0,48,25,3
2026-04-15T14:48:03.600,-11.398,0,,0,48,25,3
2026-04-15T14:48:04.600,-11.393,0,,0,48,25,3
2026-04-15T14:48:05.600,-11.388,0,,0,48,25,3
2026-04-15T14:48:06.600,-11.398,0,,0,48,25,3
2026-04-15T14:48:07.600,-11.400,0,,0,48,25,3
2026-04-15T14:48:08.600,-11.390,0,,0,48,25,3
2026-04-15T14:48:09.600,-11.366,0,,0,48,25,3
2026-04-15T14:48:10.600,-11.375,0,,0,48,25,3
2026-04-15T14:48:11.610,-11.358,0,,0,48,25,3
2026-04-15T14:48:12.600,-11.366,0,,0,48,25,3
2026-04-15T14:48:13.600,-11.365,0,,0,48,25,3
2026-04-15T14:48:14.600,-11.369,0,,0,48,25,3
2026-04-15T14:48:15.600,-11.367,0,,0,48,25,3
2026-04-15T14:48:16.600,-11.373,0,,0,48,25,3
2026-04-15T14:48:17.600,-11.375,0,,0,48,25,3
2026-04-15T14:48:18.600,-11.394,0,,0,48,25,3
2026-04-15T14:48:19.600,-11.382,0,,0,48,25,3
2026-04-15T14:48:20.600,-11.371,0,,0,48,25,3
2026-04-15T14:48:21.600,-11.361,0,,0,48,25,3
2026-04-15T14:48:22.600,-11.363,0,,0,48,25,3
2026-04-15T14:48:23.600,-11.361,0,,0,48,26,3
2026-04-15T14:48:24.600,-11.355,0,,0,48,26,3
2026-04-15T14:48:25.600,-11.355,0,,0,48,26,3
2026-04-15T14:48:26.600,-11.372,0,,0,48,26,3
2026-04-15T14:48:27.600,-11.400,0,,0,48,26,3
2026-04-15T14:48:28.600,-11.381,0,,0,48,26,3
2026-04-15T14:48:29.600,-11.398,0,,0,48,26,3
2026-04-15T14:48:30.600,-11.411,0,,0,48,26,3
2026-04-15T14:48:31.600,-11.392,0,,0,48,26,3
2026-04-15T14:48:32.600,-11.406,0,,0,48,26,3
2026-04-15T14:48:33.600,-11.398,0,,0,48,26,3
2026-04-15T14:48:34.600,-11.402,0,,0,48,26,3
2026-04-15T14:48:35.600,-11.403,0,,0,48,26,3
2026-04-15T14:48:36.600,-11.405,0,,0,48,26,3
2026-04-15T14:48:37.600,-11.384,0,,0,48,26,3
2026-04-15T14:48:38.600,-11.400,0,,0,48,26,3
2026-04-15T14:48:39.600,-11.396,0,,0,48,26,3
2026-04-15T14:48:40.600,-11.399,0,,0,48,26,3
2026-04-15T14:48:41.610,-11.407,0,,0,48,26,3
2026-04-15T14:48:42.600,-11.398,0,Image_106.png,0,48,26,3
2026-04-15T14:48:43.910,-11.420,0,,0,48,26,3
2026-04-15T14:48:44.600,-11.410,0,,0,48,26,3
2026-04-15T14:48:45.600,-11.401,0,,0,48,26,3
2026-04-15T14:48:46.600,-11.405,0,,0,48,26,3
2026-04-15T14:48:47.600,-11.414,0,,0,48,26,3
2026-04-15T14:48:48.600,-11.407,0,,0,48,26,3
2026-04-15T14:48:49.600,-11.398,0,,0,48,26,3
2026-04-15T14:48:50.610,-11.395,0,,0,48,26,3
2026-04-15T14:48:51.600,-11.398,0,,0,48,26,3
2026-04-15T14:48:52.600,-11.397,0,,0,48,26,3
2026-04-15T14:48:53.610,-11.423,0,,0,48,26,3
2026-04-15T14:48:54.600,-11.415,0,,0,48,26,3
2026-04-15T14:48:55.600,-11.403,0,,0,48,26,3
2026-04-15T14:48:56.600,-11.380,0,,0,48,26,3
2026-04-15T14:48:57.600,-11.362,0,,0,48,26,3
2026-04-15T14:48:58.600,-11.371,0,,0,48,26,3
2026-04-15T14:48:59.600,-11.381,0,,0,48,26,3
2026-04-15T14:49:00.600,-11.394,0,,0,48,26,3
2026-04-15T14:49:01.600,-11.418,0,,0,48,26,3
2026-04-15T14:49:02.610,-11.417,0,,0,48,26,3
2026-04-15T14:49:03.600,-11.402,0,,0,48,26,3
2026-04-15T14:49:04.600,-11.409,0,,0,48,26,3
2026-04-15T14:49:05.600,-11.401,0,,0,48,26,3
2026-04-15T14:49:06.600,-11.405,0,,0,48,26,3
2026-04-15T14:49:07.600,-11.416,0,,0,48,26,3
2026-04-15T14:49:08.600,-11.419,0,,0,48,26,3
2026-04-15T14:49:09.600,-11.415,0,,0,48,26,3
2026-04-15T14:49:10.600,-11.391,0,,0,48,26,3
2026-04-15T14:49:11.610,-11.372,0,,0,48,26,3
2026-04-15T14:49:12.600,-11.378,0,,0,48,26,3
2026-04-15T14:49:13.600,-11.370,0,,0,48,26,3
2026-04-15T14:49:14.590,-11.382,0,,0,48,26,3
2026-04-15T14:49:15.600,-11.406,0,,0,48,26,3
2026-04-15T14:49:16.600,-11.413,0,,0,48,26,3
2026-04-15T14:49:17.600,-11.423,0,,0,48,26,3
2026-04-15T14:49:18.600,-11.425,0,,0,48,26,3
2026-04-15T14:49:19.600,-11.419,0,,0,48,26,3
2026-04-15T14:49:20.600,-11.395,0,,0,48,26,3
2026-04-15T14:49:21.600,-11.394,0,,0,48,26,3
2026-04-15T14:49:22.640,-11.408,0,,0,48,26,3
2026-04-15T14:49:23.600,-11.376,0,,0,48,26,3
2026-04-15T14:49:24.600,-11.382,0,,0,48,26,3
2026-04-15T14:49:25.600,-11.382,0,,0,48,26,3
2026-04-15T14:49:26.590,-11.375,0,,0,48,26,3
2026-04-15T14:49:27.600,-11.395,0,,0,48,26,3
2026-04-15T14:49:28.600,-11.409,0,,0,48,26,3
2026-04-15T14:49:29.600,-11.414,0,,0,48,26,3
2026-04-15T14:49:30.600,-11.411,0,,0,48,26,3
2026-04-15T14:49:31.590,-11.421,0,,0,48,26,3
2026-04-15T14:49:32.590,-11.414,0,,0,48,26,3
2026-04-15T14:49:33.600,-11.405,0,,0,48,26,3
2026-04-15T14:49:34.780,-11.396,0,,0,48,26,3
2026-04-15T14:49:35.600,-11.399,0,,0,48,26,3
2026-04-15T14:49:36.580,-11.407,0,,0,48,26,3
2026-04-15T14:49:37.600,-11.384,0,,0,48,26,3
2026-04-15T14:49:38.600,-11.394,0,,0,48,26,3
2026-04-15T14:49:39.600,-11.384,0,,0,48,26,3
2026-04-15T14:49:40.600,-11.389,0,,0,48,26,3
2026-04-15T14:49:41.590,-11.403,0,,0,48,26,3
2026-04-15T14:49:42.640,-11.409,0,,0,48,26,3
2026-04-15T14:49:43.600,-11.409,0,Image_107.png,0,48,26,3
2026-04-15T14:49:44.900,-11.420,0,,0,48,26,3
2026-04-15T14:49:45.600,-11.415,0,,0,48,26,3
2026-04-15T14:49:46.590,-11.413,0,,0,48,26,3
2026-04-15T14:49:47.600,-11.407,0,,0,48,26,3
2026-04-15T14:49:48.600,-11.416,0,,0,48,26,3
2026-04-15T14:49:49.600,-11.410,0,,0,48,26,3
2026-04-15T14:49:50.600,-11.410,0,,0,48,26,3
2026-04-15T14:49:51.600,-11.416,0,,0,48,26,3
2026-04-15T14:49:52.600,-11.413,0,,0,48,26,3
2026-04-15T14:49:53.600,-11.416,0,,0,48,26,3
2026-04-15T14:49:54.600,-11.425,0,,0,48,26,3
2026-04-15T14:49:55.600,-11.408,0,,0,48,26,3
2026-04-15T14:49:56.610,-11.408,0,,0,48,26,3
2026-04-15T14:49:57.600,-11.418,0,,0,48,26,3
2026-04-15T14:49:58.600,-11.408,0,,0,48,26,3
2026-04-15T14:49:59.600,-11.403,0,,0,48,26,3
2026-04-15T14:50:00.600,-11.416,0,,0,48,26,3
2026-04-15T14:50:01.600,-11.410,0,,0,48,26,3
2026-04-15T14:50:02.610,-11.413,0,,0,48,26,3
2026-04-15T14:50:03.600,-11.412,0,,0,48,26,3
2026-04-15T14:50:04.600,-11.412,0,,0,48,26,3
2026-04-15T14:50:05.600,-11.402,0,,0,48,26,3
2026-04-15T14:50:06.600,-11.406,0,,0,48,26,3
2026-04-15T14:50:07.600,-11.410,0,,0,48,26,3
2026-04-15T14:50:08.600,-11.404,0,,0,48,26,3
2026-04-15T14:50:09.600,-11.406,0,,0,48,26,3
2026-04-15T14:50:10.600,-11.393,0,,0,48,26,3
2026-04-15T14:50:11.610,-11.401,0,,0,48,26,3
2026-04-15T14:50:12.600,-11.394,0,,0,48,26,3
2026-04-15T14:50:13.600,-11.404,0,,0,48,26,3
2026-04-15T14:50:14.600,-11.421,0,,0,48,26,3
2026-04-15T14:50:15.600,-11.412,0,,0,48,26,3
2026-04-15T14:50:16.600,-11.406,0,,0,48,26,3
2026-04-15T14:50:17.610,-11.411,0,,0,48,26,3
2026-04-15T14:50:18.600,-11.391,0,,0,48,26,3
2026-04-15T14:50:19.600,-11.404,0,,0,48,26,3
2026-04-15T14:50:20.610,-11.407,0,,0,48,26,3
2026-04-15T14:50:21.600,-11.406,0,,0,48,26,3
2026-04-15T14:50:22.600,-11.397,0,,0,48,26,3
2026-04-15T14:50:23.600,-11.408,0,,0,48,26,3
2026-04-15T14:50:24.600,-11.413,0,,0,48,26,3
2026-04-15T14:50:25.600,-11.414,0,,0,48,26,3
2026-04-15T14:50:26.590,-11.415,0,,0,48,26,3
2026-04-15T14:50:27.600,-11.407,0,,0,48,26,3
2026-04-15T14:50:28.600,-11.411,0,,0,48,26,3
2026-04-15T14:50:29.600,-11.422,0,,0,48,26,3
2026-04-15T14:50:30.600,-11.397,0,,0,48,26,3
2026-04-15T14:50:31.590,-11.406,0,,0,48,26,3
2026-04-15T14:50:32.600,-11.394,0,,0,48,26,3
2026-04-15T14:50:33.600,-11.403,0,,0,48,26,3
2026-04-15T14:50:34.600,-11.422,0,,0,48,26,3
2026-04-15T14:50:35.600,-11.426,0,,0,48,26,3
2026-04-15T14:50:36.590,-11.421,0,,0,48,26,3
2026-04-15T14:50:37.600,-11.411,0,,0,48,26,3
2026-04-15T14:50:38.600,-11.407,0,,0,48,26,3
2026-04-15T14:50:39.600,-11.420,0,,0,48,26,3
2026-04-15T14:50:40.600,-11.424,0,,0,48,26,3
2026-04-15T14:50:41.610,-11.422,0,,0,48,26,3
2026-04-15T14:50:42.600,-11.414,0,,0,48,26,3
2026-04-15T14:50:43.600,-11.422,0,,0,48,26,3
2026-04-15T14:50:44.600,-11.423,0,Image_108.png,0,48,26,3
2026-04-15T14:50:45.900,-11.434,0,,0,48,26,3
2026-04-15T14:50:46.600,-11.425,0,,0,48,26,3
2026-04-15T14:50:47.600,-11.424,0,,0,48,26,3
2026-04-15T14:50:48.600,-11.429,0,,0,48,26,3
2026-04-15T14:50:49.600,-11.429,0,,0,48,26,3
2026-04-15T14:50:50.600,-11.420,0,,0,48,26,3
2026-04-15T14:50:51.600,-11.434,0,,0,48,26,3
2026-04-15T14:50:52.600,-11.438,0,,0,48,26,3
2026-04-15T14:50:53.600,-11.435,0,,0,48,26,3
2026-04-15T14:50:54.600,-11.429,0,,0,48,26,3
2026-04-15T14:50:55.600,-11.431,0,,0,48,26,3
2026-04-15T14:50:56.610,-11.430,0,,0,48,26,3
2026-04-15T14:50:57.600,-11.429,0,,0,48,26,3
2026-04-15T14:50:58.600,-11.430,0,,0,48,26,3
2026-04-15T14:50:59.600,-11.433,0,,0,48,26,3
2026-04-15T14:51:00.600,-11.434,0,,0,48,26,3
2026-04-15T14:51:01.600,-11.434,0,,0,48,26,3
2026-04-15T14:51:02.600,-11.431,0,,0,48,26,3
2026-04-15T14:51:03.600,-11.435,0,,0,48,26,3
2026-04-15T14:51:04.600,-11.434,0,,0,48,26,3
2026-04-15T14:51:05.600,-11.431,0,,0,48,26,3
2026-04-15T14:51:06.600,-11.440,0,,0,48,26,3
2026-04-15T14:51:07.600,-11.427,0,,0,48,26,3
2026-04-15T14:51:08.600,-11.429,0,,0,48,26,3
2026-04-15T14:51:09.600,-11.439,0,,0,48,26,3
2026-04-15T14:51:10.600,-11.425,0,,0,48,26,3
2026-04-15T14:51:11.610,-11.450,0,,0,48,26,3
2026-04-15T14:51:12.600,-11.433,0,,0,48,26,3
2026-04-15T14:51:13.600,-11.402,0,,0,48,26,3
2026-04-15T14:51:14.600,-11.414,0,,0,48,26,3
2026-04-15T14:51:15.600,-11.401,0,,0,48,26,3
2026-04-15T14:51:16.600,-11.398,0,,0,48,26,3
2026-04-15T14:51:17.600,-11.422,0,,0,48,26,3
2026-04-15T14:51:18.600,-11.405,0,,0,48,26,3
2026-04-15T14:51:19.600,-11.426,0,,0,48,26,3
2026-04-15T14:51:20.600,-11.432,0,,0,48,26,3
2026-04-15T14:51:21.600,-11.400,0,,0,48,26,3
2026-04-15T14:51:22.600,-11.412,0,,0,48,26,3
2026-04-15T14:51:23.600,-11.414,0,,0,48,26,3
2026-04-15T14:51:24.600,-11.407,0,,0,48,26,3
2026-04-15T14:51:25.600,-11.415,0,,0,48,26,3
2026-04-15T14:51:26.610,-11.416,0,,0,48,26,3
2026-04-15T14:51:27.600,-11.424,0,,0,48,26,3
2026-04-15T14:51:28.600,-11.419,0,,0,48,26,3
2026-04-15T14:51:29.600,-11.432,0,,0,48,26,3
2026-04-15T14:51:30.600,-11.419,0,,0,48,26,3
2026-04-15T14:51:31.600,-11.420,0,,0,48,26,3
2026-04-15T14:51:32.600,-11.413,0,,0,48,26,3
2026-04-15T14:51:33.600,-11.425,0,,0,48,26,3
2026-04-15T14:51:34.600,-11.429,0,,0,48,26,3
2026-04-15T14:51:35.610,-11.444,0,,0,48,26,3
2026-04-15T14:51:36.600,-11.427,0,,0,48,26,3
2026-04-15T14:51:37.600,-11.429,0,,0,48,26,3
2026-04-15T14:51:38.600,-11.437,0,,0,48,26,3
2026-04-15T14:51:39.600,-11.425,0,,0,48,26,3
2026-04-15T14:51:40.600,-11.432,0,,0,48,26,3
2026-04-15T14:51:41.590,-11.434,0,,0,48,26,3
2026-04-15T14:51:42.600,-11.429,0,,0,48,26,3
2026-04-15T14:51:43.600,-11.430,0,,0,48,26,3
2026-04-15T14:51:44.600,-11.435,0,Image_109.png,0,48,26,3
2026-04-15T14:51:45.910,-11.434,0,,0,48,26,3
2026-04-15T14:51:46.600,-11.435,0,,0,48,26,3
2026-04-15T14:51:47.600,-11.441,0,,0,48,26,3
2026-04-15T14:51:48.600,-11.444,0,,0,48,26,3
2026-04-15T14:51:49.600,-11.437,0,,0,48,26,3
2026-04-15T14:51:50.600,-11.433,0,,0,48,26,3
2026-04-15T14:51:51.600,-11.438,0,,0,48,26,3
2026-04-15T14:51:52.590,-11.437,0,,0,48,26,3
2026-04-15T14:51:53.580,-11.438,0,,0,48,26,3
2026-04-15T14:51:54.600,-11.436,0,,0,48,26,3
2026-04-15T14:51:55.600,-11.423,0,,0,48,26,3
2026-04-15T14:51:56.610,-11.416,0,,0,48,26,3
2026-04-15T14:51:57.600,-11.422,0,,0,48,26,3
2026-04-15T14:51:58.600,-11.414,0,,0,48,26,3
2026-04-15T14:51:59.600,-11.446,0,,0,48,26,3
2026-04-15T14:52:00.600,-11.427,0,,0,48,26,3
2026-04-15T14:52:01.590,-11.428,0,,0,48,26,3
2026-04-15T14:52:02.600,-11.433,0,,0,48,26,3
2026-04-15T14:52:03.600,-11.445,0,,0,48,26,3
2026-04-15T14:52:04.600,-11.435,0,,0,48,26,3
2026-04-15T14:52:05.600,-11.431,0,,0,48,26,3
2026-04-15T14:52:06.600,-11.430,0,,0,48,26,3
2026-04-15T14:52:07.600,-11.448,0,,0,48,26,3
2026-04-15T14:52:08.600,-11.441,0,,0,48,26,3
2026-04-15T14:52:09.600,-11.444,0,,0,48,26,3
2026-04-15T14:52:10.600,-11.456,0,,0,48,26,3
2026-04-15T14:52:11.590,-11.433,0,,0,48,26,3
2026-04-15T14:52:12.600,-11.445,0,,0,48,26,3
2026-04-15T14:52:13.600,-11.445,0,,0,48,26,3
2026-04-15T14:52:14.600,-11.428,0,,0,48,26,3
2026-04-15T14:52:15.600,-11.435,0,,0,48,26,3
2026-04-15T14:52:16.600,-11.417,0,,0,48,26,3
2026-04-15T14:52:17.600,-11.409,0,,0,48,26,3
2026-04-15T14:52:18.600,-11.438,0,,0,48,26,3
2026-04-15T14:52:19.600,-11.468,0,,0,48,26,3
2026-04-15T14:52:20.600,-11.454,0,,0,48,26,3
2026-04-15T14:52:21.600,-11.465,0,,0,48,26,3
2026-04-15T14:52:22.600,-11.490,0,,0,48,26,3
2026-04-15T14:52:23.600,-11.470,0,,0,48,26,3
2026-04-15T14:52:24.600,-11.481,0,,0,48,26,3
2026-04-15T14:52:25.600,-11.478,0,,0,48,26,3
2026-04-15T14:52:26.590,-11.492,0,,0,48,26,3
2026-04-15T14:52:27.600,-11.504,0,,0,48,26,3
2026-04-15T14:52:28.600,-11.504,0,,0,48,26,3
2026-04-15T14:52:29.600,-11.514,0,,0,48,26,3
2026-04-15T14:52:30.600,-11.506,0,,0,48,26,3
2026-04-15T14:52:31.600,-11.493,0,,0,48,26,3
2026-04-15T14:52:32.600,-11.484,0,,0,48,26,3
2026-04-15T14:52:33.600,-11.472,0,,0,48,26,3
2026-04-15T14:52:34.600,-11.497,0,,0,48,26,3
2026-04-15T14:52:35.600,-11.512,0,,0,48,26,3
2026-04-15T14:52:36.590,-11.500,0,,0,48,26,3
2026-04-15T14:52:37.600,-11.522,0,,0,48,26,3
2026-04-15T14:52:38.600,-11.509,0,,0,48,26,3
2026-04-15T14:52:39.600,-11.514,0,,0,48,26,3
2026-04-15T14:52:40.600,-11.525,0,,0,48,26,3
2026-04-15T14:52:41.610,-11.528,0,,0,48,26,3
2026-04-15T14:52:42.600,-11.511,0,,0,48,26,3
2026-04-15T14:52:43.600,-11.509,0,,0,48,26,3
2026-04-15T14:52:44.610,-11.511,0,,0,48,26,3
2026-04-15T14:52:45.600,-11.491,0,Image_110.png,0,48,26,3
2026-04-15T14:52:46.910,-11.497,0,,0,48,26,3
2026-04-15T14:52:47.600,-11.504,0,,0,48,26,3
2026-04-15T14:52:48.600,-11.495,0,,0,48,26,3
2026-04-15T14:52:49.600,-11.518,0,,0,48,26,3
2026-04-15T14:52:50.600,-11.525,0,,0,48,26,3
2026-04-15T14:52:51.600,-11.545,0,,0,48,26,3
2026-04-15T14:52:52.600,-11.541,0,,0,48,26,3
2026-04-15T14:52:53.610,-11.518,0,,0,48,26,3
2026-04-15T14:52:54.600,-11.494,0,,0,48,26,3
2026-04-15T14:52:55.600,-11.502,0,,0,48,26,3
2026-04-15T14:52:56.610,-11.505,0,,0,48,26,3
2026-04-15T14:52:57.600,-11.496,0,,0,48,26,3
2026-04-15T14:52:58.600,-11.492,0,,0,48,26,3
2026-04-15T14:52:59.600,-11.511,0,,0,48,26,3
2026-04-15T14:53:00.600,-11.516,0,,0,48,26,3
2026-04-15T14:53:01.600,-11.519,0,,0,48,26,3
2026-04-15T14:53:02.600,-11.536,0,,0,48,26,3
2026-04-15T14:53:03.600,-11.510,0,,0,48,26,3
2026-04-15T14:53:04.600,-11.505,0,,0,48,26,3
2026-04-15T14:53:05.600,-11.498,0,,0,48,26,3
2026-04-15T14:53:06.600,-11.498,0,,0,48,26,3
2026-04-15T14:53:07.600,-11.493,0,,0,48,26,3
2026-04-15T14:53:08.600,-11.475,0,,0,48,26,3
2026-04-15T14:53:09.600,-11.495,0,,0,48,26,3
2026-04-15T14:53:10.600,-11.490,0,,0,48,26,3
2026-04-15T14:53:11.600,-11.489,0,,0,48,26,3
2026-04-15T14:53:12.600,-11.489,0,,0,48,26,3
2026-04-15T14:53:13.600,-11.490,0,,0,48,26,3
2026-04-15T14:53:14.600,-11.493,0,,0,48,26,3
2026-04-15T14:53:15.600,-11.495,0,,0,48,26,3
2026-04-15T14:53:16.600,-11.495,0,,0,48,26,3
2026-04-15T14:53:17.600,-11.493,0,,0,48,26,3
2026-04-15T14:53:18.600,-11.488,0,,0,48,26,3
2026-04-15T14:53:19.600,-11.495,0,,0,48,26,3
2026-04-15T14:53:20.600,-11.489,0,,0,48,26,3
2026-04-15T14:53:21.600,-11.502,0,,0,48,26,3
2026-04-15T14:53:22.600,-11.490,0,,0,48,26,3
2026-04-15T14:53:23.600,-11.489,0,,0,48,26,3
2026-04-15T14:53:24.600,-11.497,0,,0,48,26,3
2026-04-15T14:53:25.600,-11.499,0,,0,48,26,3
2026-04-15T14:53:26.610,-11.489,0,,0,48,26,3
2026-04-15T14:53:27.600,-11.504,0,,0,48,26,3
2026-04-15T14:53:28.600,-11.486,0,,0,48,26,3
2026-04-15T14:53:29.600,-11.478,0,,0,48,26,3
2026-04-15T14:53:30.600,-11.495,0,,0,48,26,3
2026-04-15T14:53:31.580,-11.493,0,,0,48,26,3
2026-04-15T14:53:32.610,-11.491,0,,0,48,26,3
2026-04-15T14:53:33.600,-11.474,0,,0,48,26,3
2026-04-15T14:53:34.600,-11.490,0,,0,48,26,3
2026-04-15T14:53:35.600,-11.480,0,,0,48,26,3
2026-04-15T14:53:36.600,-11.484,0,,0,48,26,3
2026-04-15T14:53:37.600,-11.491,0,,0,48,26,3
2026-04-15T14:53:38.600,-11.509,0,,0,48,26,3
2026-04-15T14:53:39.600,-11.489,0,,0,48,26,3
2026-04-15T14:53:40.600,-11.505,0,,0,48,26,3
2026-04-15T14:53:41.590,-11.486,0,,0,48,26,3
2026-04-15T14:53:42.600,-11.483,0,,0,48,26,3
2026-04-15T14:53:43.600,-11.485,0,,0,48,26,3
2026-04-15T14:53:44.600,-11.486,0,,0,48,26,3
2026-04-15T14:53:45.600,-11.485,0,Image_111.png,0,48,26,3
2026-04-15T14:53:46.910,-11.486,0,,0,48,26,3
2026-04-15T14:53:47.600,-11.473,0,,0,48,26,3
2026-04-15T14:53:48.600,-11.491,0,,0,48,26,3
2026-04-15T14:53:49.600,-11.477,0,,0,48,26,3
2026-04-15T14:53:50.600,-11.476,0,,0,48,26,3
2026-04-15T14:53:51.600,-11.487,0,,0,48,26,3
2026-04-15T14:53:52.600,-11.497,0,,0,48,26,3
2026-04-15T14:53:53.610,-11.523,0,,0,48,26,3
2026-04-15T14:53:54.600,-11.528,0,,0,48,26,3
2026-04-15T14:53:55.600,-11.536,0,,0,48,26,3
2026-04-15T14:53:56.590,-11.530,0,,0,48,26,3
2026-04-15T14:53:57.600,-11.528,0,,0,48,26,3
2026-04-15T14:53:58.630,-11.521,0,,0,48,26,3
2026-04-15T14:53:59.600,-11.530,0,,0,48,26,3
2026-04-15T14:54:00.600,-11.535,0,,0,48,26,3
2026-04-15T14:54:01.600,-11.522,0,,0,48,26,3
2026-04-15T14:54:03.270,-11.539,0,,0,48,26,3
2026-04-15T14:54:03.600,-11.531,0,,0,48,26,3
2026-04-15T14:54:04.600,-11.536,0,,0,48,26,3
2026-04-15T14:54:05.600,-11.548,0,,0,48,26,3
2026-04-15T14:54:06.600,-11.546,0,,0,48,26,3
2026-04-15T14:54:07.600,-11.533,0,,0,48,26,3
2026-04-15T14:54:08.610,-11.548,0,,0,48,26,3
2026-04-15T14:54:09.600,-11.551,0,,0,48,26,3
2026-04-15T14:54:10.600,-11.530,0,,0,48,26,3
2026-04-15T14:54:11.610,-11.547,0,,0,48,26,3
2026-04-15T14:54:12.600,-11.542,0,,0,48,26,3
2026-04-15T14:54:13.600,-11.555,0,,0,48,26,3
2026-04-15T14:54:14.600,-11.550,0,,0,48,26,3
2026-04-15T14:54:15.600,-11.565,0,,0,48,26,3
2026-04-15T14:54:16.600,-11.561,0,,0,48,26,3
2026-04-15T14:54:17.600,-11.569,0,,0,48,26,3
2026-04-15T14:54:18.600,-11.572,0,,0,48,26,3
2026-04-15T14:54:19.600,-11.567,0,,0,48,26,3
2026-04-15T14:54:20.610,-11.585,0,,0,48,26,3
2026-04-15T14:54:21.600,-11.586,0,,0,48,26,3
2026-04-15T14:54:22.600,-11.585,0,,0,48,26,3
2026-04-15T14:54:23.600,-11.603,0,,0,48,26,3
2026-04-15T14:54:24.600,-11.604,0,,0,48,26,3
2026-04-15T14:54:25.600,-11.618,0,,0,48,26,3
2026-04-15T14:54:26.600,-11.618,0,,0,48,26,3
2026-04-15T14:54:27.600,-11.617,0,,0,48,26,3
2026-04-15T14:54:28.600,-11.619,0,,0,48,26,3
2026-04-15T14:54:29.600,-11.624,0,,0,48,26,3
2026-04-15T14:54:30.600,-11.618,0,,0,48,26,3
2026-04-15T14:54:31.600,-11.627,0,,0,48,26,3
2026-04-15T14:54:32.600,-11.632,0,,0,48,26,3
2026-04-15T14:54:33.600,-11.636,0,,0,48,26,3
2026-04-15T14:54:34.600,-11.631,0,,0,48,26,3
2026-04-15T14:54:35.590,-11.646,0,,0,48,26,3
2026-04-15T14:54:36.600,-11.654,0,,0,48,26,3
2026-04-15T14:54:37.600,-11.640,0,,0,48,26,3
2026-04-15T14:54:38.610,-11.642,0,,0,48,26,3
2026-04-15T14:54:39.600,-11.635,0,,0,48,26,3
2026-04-15T14:54:40.600,-11.647,0,,0,48,26,3
2026-04-15T14:54:41.610,-11.635,0,,0,48,26,3
2026-04-15T14:54:42.600,-11.643,0,,0,48,26,3
2026-04-15T14:54:43.600,-11.646,0,,0,48,26,3
2026-04-15T14:54:44.580,-11.647,0,,0,48,26,3
2026-04-15T14:54:45.600,-11.638,0,,0,48,26,3
2026-04-15T14:54:46.600,-11.655,0,Image_112.png,0,48,26,3
2026-04-15T14:54:47.900,-11.635,0,,0,48,26,3
2026-04-15T14:54:48.600,-11.625,0,,0,48,26,3
2026-04-15T14:54:49.600,-11.636,0,,0,48,26,3
2026-04-15T14:54:50.590,-11.639,0,,0,48,26,3
2026-04-15T14:54:51.600,-11.611,0,,0,48,26,3
2026-04-15T14:54:52.600,-11.636,0,,0,48,26,3
2026-04-15T14:54:53.600,-11.613,0,,0,48,26,3
2026-04-15T14:54:54.600,-11.608,0,,0,48,26,3
2026-04-15T14:54:55.600,-11.601,0,,0,48,26,3
2026-04-15T14:54:56.610,-11.593,0,,0,48,26,3
2026-04-15T14:54:57.600,-11.598,0,,0,48,26,3
2026-04-15T14:54:58.600,-11.606,0,,0,48,26,3
2026-04-15T14:54:59.590,-11.607,0,,0,48,26,3
2026-04-15T14:55:00.600,-11.616,0,,0,48,26,3
2026-04-15T14:55:01.600,-11.605,0,,0,48,26,3
2026-04-15T14:55:02.620,-11.604,0,,0,48,26,3
2026-04-15T14:55:03.600,-11.606,0,,0,48,26,3
2026-04-15T14:55:04.600,-11.614,0,,0,48,26,3
2026-04-15T14:55:05.600,-11.596,0,,0,48,26,3
2026-04-15T14:55:06.600,-11.613,0,,0,48,26,3
2026-04-15T14:55:07.600,-11.613,0,,0,48,26,3
2026-04-15T14:55:08.600,-11.605,0,,0,48,26,3
2026-04-15T14:55:09.600,-11.620,0,,0,48,26,3
2026-04-15T14:55:10.600,-11.624,0,,0,48,26,3
2026-04-15T14:55:11.600,-11.653,0,,0,48,26,3
2026-04-15T14:55:12.600,-11.619,0,,0,48,26,3
2026-04-15T14:55:13.600,-11.603,0,,0,48,26,3
2026-04-15T14:55:14.590,-11.609,0,,0,48,26,3
2026-04-15T14:55:15.600,-11.591,0,,0,48,26,3
2026-04-15T14:55:16.600,-11.590,0,,0,48,26,3
2026-04-15T14:55:17.600,-11.581,0,,0,48,26,3
2026-04-15T14:55:18.600,-11.587,0,,0,48,26,3
2026-04-15T14:55:19.600,-11.578,0,,0,48,26,3
2026-04-15T14:55:20.600,-11.580,0,,0,48,26,3
2026-04-15T14:55:21.600,-11.594,0,,0,48,26,3
2026-04-15T14:55:22.600,-11.602,0,,0,48,26,3
2026-04-15T14:55:23.600,-11.631,0,,0,48,26,3
2026-04-15T14:55:24.600,-11.634,0,,0,48,26,3
2026-04-15T14:55:25.600,-11.617,0,,0,48,26,3
2026-04-15T14:55:26.610,-11.599,0,,0,48,26,3
2026-04-15T14:55:27.600,-11.599,0,,0,48,26,3
2026-04-15T14:55:28.600,-11.582,0,,0,48,26,3
2026-04-15T14:55:29.590,-11.564,0,,0,48,26,3
2026-04-15T14:55:30.600,-11.578,0,,0,48,26,3
2026-04-15T14:55:31.600,-11.593,0,,0,48,26,3
2026-04-15T14:55:32.600,-11.601,0,,0,48,26,3
2026-04-15T14:55:33.600,-11.595,0,,0,48,26,3
2026-04-15T14:55:34.600,-11.607,0,,0,48,26,3
2026-04-15T14:55:35.600,-11.582,0,,0,48,26,3
2026-04-15T14:55:36.600,-11.581,0,,0,48,26,3
2026-04-15T14:55:37.600,-11.584,0,,0,48,26,3
2026-04-15T14:55:38.600,-11.582,0,,0,48,26,3
2026-04-15T14:55:39.600,-11.581,0,,0,48,26,3
2026-04-15T14:55:40.600,-11.578,0,,0,48,26,3
2026-04-15T14:55:41.600,-11.578,0,,0,48,26,3
2026-04-15T14:55:42.600,-11.586,0,,0,48,26,3
2026-04-15T14:55:43.600,-11.587,0,,0,48,26,3
2026-04-15T14:55:44.590,-11.583,0,,0,48,26,3
2026-04-15T14:55:45.600,-11.597,0,,0,48,26,3
2026-04-15T14:55:46.600,-11.591,0,Image_113.png,0,48,26,3
2026-04-15T14:55:47.910,-11.571,0,,0,48,26,3
2026-04-15T14:55:48.600,-11.575,0,,0,48,26,3
2026-04-15T14:55:49.600,-11.574,0,,0,48,26,3
2026-04-15T14:55:50.610,-11.572,0,,0,48,26,3
2026-04-15T14:55:51.600,-11.565,0,,0,48,26,3
2026-04-15T14:55:52.600,-11.576,0,,0,48,26,3
2026-04-15T14:55:53.600,-11.576,0,,0,48,26,3
2026-04-15T14:55:54.600,-11.568,0,,0,48,26,3
2026-04-15T14:55:55.600,-11.576,0,,0,48,26,3
2026-04-15T14:55:56.600,-11.576,0,,0,48,26,3
2026-04-15T14:55:57.600,-11.577,0,,0,48,26,3
2026-04-15T14:55:58.600,-11.573,0,,0,48,26,3
2026-04-15T14:55:59.600,-11.581,0,,0,48,26,3
2026-04-15T14:56:00.600,-11.586,0,,0,48,26,3
2026-04-15T14:56:01.600,-11.586,0,,0,48,26,3
2026-04-15T14:56:02.600,-11.559,0,,0,48,26,3
2026-04-15T14:56:03.600,-11.561,0,,0,48,26,3
2026-04-15T14:56:04.600,-11.563,0,,0,48,26,3
2026-04-15T14:56:05.610,-11.578,0,,0,48,26,3
2026-04-15T14:56:06.600,-11.581,0,,0,48,26,3
2026-04-15T14:56:07.600,-11.580,0,,0,48,26,3
2026-04-15T14:56:08.600,-11.575,0,,0,48,26,3
2026-04-15T14:56:09.600,-11.587,0,,0,48,26,3
2026-04-15T14:56:10.600,-11.588,0,,0,48,26,3
2026-04-15T14:56:11.600,-11.569,0,,0,48,26,3
2026-04-15T14:56:12.600,-11.580,0,,0,48,26,3
2026-04-15T14:56:13.600,-11.578,0,,0,48,26,3
2026-04-15T14:56:14.590,-11.582,0,,0,48,26,3
2026-04-15T14:56:15.600,-11.579,0,,0,48,26,3
2026-04-15T14:56:16.600,-11.571,0,,0,48,26,3
2026-04-15T14:56:17.600,-11.581,0,,0,48,26,3
2026-04-15T14:56:18.600,-11.564,0,,0,48,26,3
2026-04-15T14:56:19.600,-11.568,0,,0,48,26,3
2026-04-15T14:56:20.600,-11.576,0,,0,48,26,3
2026-04-15T14:56:21.600,-11.576,0,,0,48,26,3
2026-04-15T14:56:22.600,-11.568,0,,0,48,26,3
2026-04-15T14:56:23.600,-11.559,0,,0,48,26,3
2026-04-15T14:56:24.600,-11.571,0,,0,48,26,3
2026-04-15T14:56:25.600,-11.581,0,,0,48,26,3
2026-04-15T14:56:26.600,-11.567,0,,0,48,26,3
2026-04-15T14:56:27.600,-11.561,0,,0,48,26,3
2026-04-15T14:56:28.600,-11.564,0,,0,48,26,3
2026-04-15T14:56:29.600,-11.570,0,,0,48,26,3
2026-04-15T14:56:30.600,-11.564,0,,0,48,26,3
2026-04-15T14:56:31.600,-11.571,0,,0,48,26,3
2026-04-15T14:56:32.600,-11.573,0,,0,48,26,3
2026-04-15T14:56:33.600,-11.569,0,,0,48,26,3
2026-04-15T14:56:34.590,-11.568,0,,0,48,26,3
2026-04-15T14:56:35.600,-11.568,0,,0,48,26,3
2026-04-15T14:56:36.600,-11.569,0,,0,48,26,3
2026-04-15T14:56:37.600,-11.561,0,,0,48,26,3
2026-04-15T14:56:38.610,-11.563,0,,0,48,26,3
2026-04-15T14:56:39.600,-11.566,0,,0,48,26,3
2026-04-15T14:56:40.600,-11.565,0,,0,48,26,3
2026-04-15T14:56:41.600,-11.568,0,,0,48,26,3
2026-04-15T14:56:42.600,-11.551,0,,0,48,26,3
2026-04-15T14:56:43.600,-11.561,0,,0,48,26,3
2026-04-15T14:56:44.610,-11.551,0,,0,48,26,3
2026-04-15T14:56:45.600,-11.554,0,,0,48,26,3
2026-04-15T14:56:46.600,-11.543,0,,0,48,26,3
2026-04-15T14:56:47.600,-11.548,0,Image_114.png,0,48,26,3
2026-04-15T14:56:48.910,-11.552,0,,0,48,26,3
2026-04-15T14:56:49.590,-11.542,0,,0,48,26,3
2026-04-15T14:56:50.600,-11.546,0,,0,48,26,3
2026-04-15T14:56:51.600,-11.552,0,,0,48,26,3
2026-04-15T14:56:52.600,-11.548,0,,0,48,26,3
2026-04-15T14:56:53.600,-11.535,0,,0,48,26,3
2026-04-15T14:56:54.600,-11.530,0,,0,48,26,3
2026-04-15T14:56:55.600,-11.531,0,,0,48,26,3
2026-04-15T14:56:56.600,-11.522,0,,0,48,26,3
2026-04-15T14:56:57.600,-11.515,0,,0,48,26,3
2026-04-15T14:56:58.600,-11.533,0,,0,48,26,3
2026-04-15T14:56:59.610,-11.539,0,,0,48,26,3
2026-04-15T14:57:00.600,-11.522,0,,0,48,26,3
2026-04-15T14:57:01.600,-11.524,0,,0,48,26,3
2026-04-15T14:57:02.600,-11.536,0,,0,48,26,3
2026-04-15T14:57:03.600,-11.531,0,,0,48,26,3
2026-04-15T14:57:04.610,-11.529,0,,0,48,26,3
2026-04-15T14:57:05.600,-11.520,0,,0,48,26,3
2026-04-15T14:57:06.600,-11.527,0,,0,48,26,3
2026-04-15T14:57:07.600,-11.519,0,,0,48,26,3
2026-04-15T14:57:08.600,-11.529,0,,0,48,26,3
2026-04-15T14:57:09.600,-11.530,0,,0,48,26,3
2026-04-15T14:57:10.600,-11.514,0,,0,48,26,3
2026-04-15T14:57:11.600,-11.518,0,,0,48,26,3
2026-04-15T14:57:12.600,-11.514,0,,0,48,26,3
2026-04-15T14:57:13.600,-11.513,0,,0,48,26,3
2026-04-15T14:57:14.600,-11.508,0,,0,48,26,3
2026-04-15T14:57:15.600,-11.509,0,,0,48,26,3
2026-04-15T14:57:16.600,-11.506,0,,0,48,26,3
2026-04-15T14:57:17.610,-11.511,0,,0,48,26,3
2026-04-15T14:57:18.810,-11.509,0,,0,48,26,3
2026-04-15T14:57:19.600,-11.514,0,,0,48,26,3
2026-04-15T14:57:20.610,-11.519,0,,0,48,26,3
2026-04-15T14:57:21.600,-11.512,0,,0,48,26,3
2026-04-15T14:57:22.650,-11.509,0,,0,48,26,3
2026-04-15T14:57:23.600,-11.510,0,,0,48,26,3
2026-04-15T14:57:24.600,-11.501,0,,0,48,26,3
2026-04-15T14:57:25.600,-11.507,0,,0,48,26,3
2026-04-15T14:57:26.600,-11.491,0,,0,48,26,3
2026-04-15T14:57:27.600,-11.498,0,,0,48,26,4
2026-04-15T14:57:28.800,-11.490,0,,0,48,26,4
2026-04-15T14:57:29.600,-11.500,0,,0,48,26,4
2026-04-15T14:57:30.780,-11.499,0,,0,48,26,4
2026-04-15T14:57:31.600,-11.488,0,,0,48,26,4
2026-04-15T14:57:32.600,-11.478,0,,0,48,26,4
2026-04-15T14:57:33.600,-11.488,0,,0,48,26,4
2026-04-15T14:57:34.600,-11.485,0,,0,48,26,4
2026-04-15T14:57:35.600,-11.485,0,,0,48,26,4
2026-04-15T14:57:36.860,-11.481,0,,0,48,26,4
2026-04-15T14:57:37.600,-11.498,0,,0,48,26,4
2026-04-15T14:57:38.600,-11.506,0,,0,48,26,4
2026-04-15T14:57:39.600,-11.491,0,,0,48,26,4
2026-04-15T14:57:40.600,-11.484,0,,0,48,26,4
2026-04-15T14:57:41.600,-11.479,0,,0,48,26,4
2026-04-15T14:57:42.600,-11.480,0,,0,48,26,4
2026-04-15T14:57:43.600,-11.470,0,,0,48,26,4
2026-04-15T14:57:44.590,-11.483,0,,0,48,26,4
2026-04-15T14:57:45.600,-11.485,0,,0,48,26,4
2026-04-15T14:57:46.600,-11.466,0,,0,48,26,4
2026-04-15T14:57:47.610,-11.476,0,,0,48,26,4
2026-04-15T14:57:48.600,-11.466,0,Image_115.png,0,48,26,4
2026-04-15T14:57:49.920,-11.463,0,,0,48,26,4
2026-04-15T14:57:50.600,-11.477,0,,0,48,26,4
2026-04-15T14:57:51.600,-11.466,0,,0,48,26,4
2026-04-15T14:57:52.600,-11.473,0,,0,48,26,4
2026-04-15T14:57:53.600,-11.463,0,,0,48,26,4
2026-04-15T14:57:54.600,-11.480,0,,0,48,26,4
2026-04-15T14:57:55.600,-11.476,0,,0,48,26,4
2026-04-15T14:57:56.600,-11.476,0,,0,48,26,4
2026-04-15T14:57:57.600,-11.490,0,,0,48,26,4
2026-04-15T14:57:58.600,-11.477,0,,0,48,26,4
2026-04-15T14:57:59.610,-11.470,0,,0,48,26,4
2026-04-15T14:58:00.600,-11.483,0,,0,48,26,4
2026-04-15T14:58:01.600,-11.474,0,,0,48,26,4
2026-04-15T14:58:02.600,-11.482,0,,0,48,26,4
2026-04-15T14:58:03.600,-11.499,0,,0,48,26,4
2026-04-15T14:58:04.600,-11.515,0,,0,48,26,4
2026-04-15T14:58:05.610,-11.509,0,,0,48,26,4
2026-04-15T14:58:06.800,-11.530,0,,0,48,26,4
2026-04-15T14:58:07.600,-11.525,0,,0,48,26,4
2026-04-15T14:58:08.610,-11.504,0,,0,48,26,4
2026-04-15T14:58:09.600,-11.507,0,,0,48,26,4
2026-04-15T14:58:10.600,-11.500,0,,0,48,26,4
2026-04-15T14:58:11.610,-11.506,0,,0,48,26,4
2026-04-15T14:58:12.600,-11.522,0,,0,48,26,4
2026-04-15T14:58:13.600,-11.532,0,,0,48,26,4
2026-04-15T14:58:14.610,-11.517,0,,0,48,26,4
2026-04-15T14:58:15.600,-11.525,0,,0,48,26,4
2026-04-15T14:58:16.600,-11.508,0,,0,48,26,4
2026-04-15T14:58:17.600,-11.488,0,,0,48,26,4
2026-04-15T14:58:18.600,-11.496,0,,0,48,26,4
2026-04-15T14:58:19.600,-11.481,0,,0,48,26,4
2026-04-15T14:58:20.750,-11.499,0,,0,48,26,4
2026-04-15T14:58:21.600,-11.511,0,,0,48,26,4
2026-04-15T14:58:22.600,-11.520,0,,0,48,26,4
2026-04-15T14:58:23.600,-11.519,0,,0,48,26,4
2026-04-15T14:58:24.600,-11.510,0,,0,48,26,4
2026-04-15T14:58:25.600,-11.511,0,,0,48,26,4
2026-04-15T14:58:26.610,-11.519,0,,0,48,26,4
2026-04-15T14:58:27.600,-11.517,0,,0,48,26,4
2026-04-15T14:58:28.600,-11.512,0,,0,48,26,4
2026-04-15T14:58:29.600,-11.491,0,,0,48,26,4
2026-04-15T14:58:30.600,-11.475,0,,0,48,26,4
2026-04-15T14:58:31.600,-11.479,0,,0,48,26,4
2026-04-15T14:58:32.600,-11.469,0,,0,48,26,4
2026-04-15T14:58:33.600,-11.498,0,,0,48,26,4
2026-04-15T14:58:34.810,-11.506,0,,0,48,26,4
2026-04-15T14:58:35.600,-11.496,0,,0,48,26,4
2026-04-15T14:58:36.600,-11.487,0,,0,48,26,4
2026-04-15T14:58:37.590,-11.491,0,,0,48,26,4
2026-04-15T14:58:38.610,-11.482,0,,0,48,26,4
2026-04-15T14:58:39.600,-11.484,0,,0,48,26,4
2026-04-15T14:58:40.600,-11.482,0,,0,48,26,4
2026-04-15T14:58:41.600,-11.464,0,,0,48,26,4
2026-04-15T14:58:42.790,-11.473,0,,0,48,26,4
2026-04-15T14:58:43.600,-11.485,0,,0,48,26,4
2026-04-15T14:58:45.020,-11.455,0,,0,48,26,4
2026-04-15T14:58:45.600,-11.478,0,,0,48,26,4
2026-04-15T14:58:46.600,-11.469,0,,0,48,26,4
2026-04-15T14:58:47.590,-11.484,0,,0,48,26,4
2026-04-15T14:58:48.600,-11.458,0,,0,48,26,4
2026-04-15T14:58:49.600,-11.482,0,Image_116.png,0,48,26,4
2026-04-15T14:58:50.930,-11.463,0,,0,48,26,4
2026-04-15T14:58:51.600,-11.464,0,,0,48,26,4
2026-04-15T14:58:52.590,-11.483,0,,0,48,26,4
2026-04-15T14:58:53.600,-11.489,0,,0,48,26,4
2026-04-15T14:58:54.600,-11.479,0,,0,48,26,4
2026-04-15T14:58:55.600,-11.479,0,,0,48,26,4
2026-04-15T14:58:56.600,-11.496,0,,0,48,26,4
2026-04-15T14:58:57.600,-11.480,0,,0,48,26,4
2026-04-15T14:58:58.600,-11.457,0,,0,48,26,4
2026-04-15T14:58:59.600,-11.462,0,,0,48,26,4
2026-04-15T14:59:00.600,-11.447,0,,0,48,26,4
2026-04-15T14:59:01.600,-11.446,0,,0,48,26,4
2026-04-15T14:59:02.600,-11.458,0,,0,48,26,4
2026-04-15T14:59:03.600,-11.457,0,,0,48,26,4
2026-04-15T14:59:04.600,-11.482,0,,0,48,26,4
2026-04-15T14:59:05.600,-11.481,0,,0,48,26,4
2026-04-15T14:59:06.600,-11.478,0,,0,48,26,4
2026-04-15T14:59:07.590,-11.472,0,,0,48,26,4
2026-04-15T14:59:08.600,-11.465,0,,0,48,26,4
2026-04-15T14:59:09.600,-11.478,0,,0,48,26,4
2026-04-15T14:59:10.840,-11.483,0,,0,48,26,4
2026-04-15T14:59:11.600,-11.481,0,,0,48,26,4
2026-04-15T14:59:12.590,-11.474,0,,0,48,26,4
2026-04-15T14:59:13.600,-11.467,0,,0,48,26,4
2026-04-15T14:59:14.600,-11.476,0,,0,48,26,4
2026-04-15T14:59:15.600,-11.472,0,,0,48,26,4
2026-04-15T14:59:16.600,-11.461,0,,0,48,26,4
2026-04-15T14:59:17.600,-11.474,0,,0,48,26,4
2026-04-15T14:59:18.600,-11.460,0,,0,48,26,4
2026-04-15T14:59:19.600,-11.467,0,,0,48,26,4
2026-04-15T14:59:20.640,-11.463,0,,0,48,26,4
2026-04-15T14:59:21.600,-11.459,0,,0,48,26,4
2026-04-15T14:59:22.600,-11.465,0,,0,48,26,4
2026-04-15T14:59:23.600,-11.453,0,,0,48,26,4
2026-04-15T14:59:24.600,-11.464,0,,0,48,26,4
2026-04-15T14:59:25.600,-11.460,0,,0,48,26,4
2026-04-15T14:59:26.600,-11.462,0,,0,48,26,4
2026-04-15T14:59:27.600,-11.456,0,,0,48,26,4
2026-04-15T14:59:28.600,-11.459,0,,0,48,26,4
2026-04-15T14:59:29.600,-11.471,0,,0,48,26,4
2026-04-15T14:59:30.600,-11.456,0,,0,48,26,4
2026-04-15T14:59:31.600,-11.450,0,,0,48,26,4
2026-04-15T14:59:32.600,-11.458,0,,0,48,26,4
2026-04-15T14:59:33.600,-11.448,0,,0,48,26,4
2026-04-15T14:59:34.990,-11.453,0,,0,48,26,4
2026-04-15T14:59:35.600,-11.453,0,,0,48,26,4
2026-04-15T14:59:36.600,-11.449,0,,0,48,26,4
2026-04-15T14:59:37.600,-11.449,0,,0,48,26,4
2026-04-15T14:59:38.590,-11.454,0,,0,48,26,4
2026-04-15T14:59:39.600,-11.457,0,,0,48,26,4
2026-04-15T14:59:40.600,-11.448,0,,0,48,26,4
2026-04-15T14:59:41.600,-11.463,0,,0,48,26,4
2026-04-15T14:59:42.600,-11.431,0,,0,48,26,4
2026-04-15T14:59:43.600,-11.433,0,,0,48,26,4
2026-04-15T14:59:44.600,-11.436,0,,0,48,26,4
2026-04-15T14:59:45.600,-11.433,0,,0,48,26,4
2026-04-15T14:59:47.010,-11.446,0,,0,48,26,4
2026-04-15T14:59:47.580,-11.460,0,,0,48,26,4
2026-04-15T14:59:49.430,-11.479,0,,0,48,26,4
2026-04-15T14:59:49.760,-11.467,0,,0,48,26,4
2026-04-15T14:59:50.600,-11.466,0,Image_117.png,0,48,26,4
2026-04-15T14:59:51.890,-11.461,0,,0,48,26,4
2026-04-15T14:59:52.600,-11.468,0,,0,48,26,4
2026-04-15T14:59:53.600,-11.449,0,,0,48,26,4
2026-04-15T14:59:54.600,-11.442,0,,0,48,26,4
2026-04-15T14:59:55.600,-11.458,0,,0,48,26,4
2026-04-15T14:59:56.600,-11.469,0,,0,48,26,4
2026-04-15T14:59:57.590,-11.454,0,,0,48,26,4
2026-04-15T14:59:58.840,-11.458,0,,0,48,26,4
2026-04-15T14:59:59.600,-11.463,0,,0,48,26,4
2026-04-15T15:00:00.600,-11.451,0,,0,48,26,4
2026-04-15T15:00:01.600,-11.444,0,,0,48,26,4
2026-04-15T15:00:02.650,-11.437,0,,0,48,26,4
2026-04-15T15:00:03.600,-11.457,0,,0,48,26,4
2026-04-15T15:00:04.940,-11.434,0,,0,48,26,4
2026-04-15T15:00:05.590,-11.437,0,,0,48,26,4
2026-04-15T15:00:06.600,-11.443,0,,0,48,26,4
2026-04-15T15:00:07.600,-11.435,0,,0,48,26,4
2026-04-15T15:00:08.600,-11.443,0,,0,48,26,4
2026-04-15T15:00:09.600,-11.462,0,,0,48,26,4
2026-04-15T15:00:10.600,-11.459,0,,0,48,26,4
2026-04-15T15:00:11.610,-11.460,0,,0,48,26,4
2026-04-15T15:00:12.600,-11.452,0,,0,48,26,4
2026-04-15T15:00:13.600,-11.447,0,,0,48,26,4
2026-04-15T15:00:14.610,-11.464,0,,0,48,26,4
2026-04-15T15:00:15.600,-11.465,0,,0,48,26,4
2026-04-15T15:00:16.600,-11.487,0,,0,48,26,4
2026-04-15T15:00:17.610,-11.483,0,,0,48,26,4
2026-04-15T15:00:18.600,-11.475,0,,0,48,26,4
2026-04-15T15:00:19.600,-11.491,0,,0,48,26,4
2026-04-15T15:00:20.600,-11.498,0,,0,48,26,4
2026-04-15T15:00:21.600,-11.497,0,,0,48,26,4
2026-04-15T15:00:22.600,-11.496,0,,0,48,26,4
2026-04-15T15:00:23.600,-11.493,0,,0,48,26,4
2026-04-15T15:00:24.600,-11.491,0,,0,48,26,4
2026-04-15T15:00:25.600,-11.501,0,,0,48,26,4
2026-04-15T15:00:26.600,-11.494,0,,0,48,26,4
2026-04-15T15:00:27.600,-11.495,0,,0,48,26,4
2026-04-15T15:00:28.600,-11.480,0,,0,48,26,4
2026-04-15T15:00:29.610,-11.462,0,,0,48,26,4
2026-04-15T15:00:30.600,-11.463,0,,0,48,26,4
2026-04-15T15:00:31.600,-11.458,0,,0,48,26,4
2026-04-15T15:00:32.590,-11.466,0,,0,48,26,4
2026-04-15T15:00:33.600,-11.469,0,,0,48,26,4
2026-04-15T15:00:34.600,-11.449,0,,0,48,26,4
2026-04-15T15:00:35.600,-11.451,0,,0,48,26,4
2026-04-15T15:00:36.600,-11.480,0,,0,48,26,4
2026-04-15T15:00:37.590,-11.487,0,,0,48,26,4
2026-04-15T15:00:38.600,-11.482,0,,0,48,26,4
2026-04-15T15:00:39.600,-11.472,0,,0,48,26,4
2026-04-15T15:00:41.010,-11.445,0,,0,48,26,4
2026-04-15T15:00:41.610,-11.450,0,,0,48,26,4
2026-04-15T15:00:42.600,-11.437,0,,0,48,26,4
2026-04-15T15:00:43.600,-11.442,0,,0,48,26,4
2026-04-15T15:00:44.810,-11.444,0,,0,48,26,4
2026-04-15T15:00:45.600,-11.443,0,,0,48,26,4
2026-04-15T15:00:46.600,-11.457,0,,0,48,26,4
2026-04-15T15:00:47.590,-11.460,0,,0,48,26,4
2026-04-15T15:00:48.600,-11.472,0,,0,48,26,4
2026-04-15T15:00:49.600,-11.481,0,,0,48,26,4
2026-04-15T15:00:50.600,-11.470,0,Image_118.png,0,48,26,4
2026-04-15T15:00:51.910,-11.469,0,,0,48,26,4
2026-04-15T15:00:52.590,-11.473,0,,0,48,26,4
2026-04-15T15:00:53.600,-11.475,0,,0,48,26,4
2026-04-15T15:00:54.600,-11.465,0,,0,48,26,4
2026-04-15T15:00:55.600,-11.449,0,,0,48,26,4
2026-04-15T15:00:56.600,-11.465,0,,0,48,26,4
2026-04-15T15:00:57.590,-11.469,0,,0,48,26,4
2026-04-15T15:00:58.600,-11.478,0,,0,48,26,4
2026-04-15T15:00:59.600,-11.471,0,,0,48,26,4
2026-04-15T15:01:00.600,-11.466,0,,0,48,26,4
2026-04-15T15:01:01.600,-11.463,0,,0,48,26,4
2026-04-15T15:01:02.590,-11.470,0,,0,48,26,4
2026-04-15T15:01:03.600,-11.480,0,,0,48,26,4
2026-04-15T15:01:04.600,-11.467,0,,0,48,26,4
2026-04-15T15:01:05.600,-11.468,0,,0,48,26,4
2026-04-15T15:01:06.600,-11.469,0,,0,48,26,4
2026-04-15T15:01:07.600,-11.465,0,,0,48,26,4
2026-04-15T15:01:08.690,-11.468,0,,0,48,26,4
2026-04-15T15:01:09.600,-11.464,0,,0,48,26,4
2026-04-15T15:01:10.600,-11.466,0,,0,48,26,4
2026-04-15T15:01:11.600,-11.467,0,,0,48,26,4
2026-04-15T15:01:13.090,-11.477,0,,0,48,26,4
2026-04-15T15:01:13.600,-11.469,0,,0,48,26,4
2026-04-15T15:01:14.600,-11.458,0,,0,48,26,4
2026-04-15T15:01:15.600,-11.471,0,,0,48,26,4
2026-04-15T15:01:16.600,-11.466,0,,0,48,26,4
2026-04-15T15:01:17.600,-11.467,0,,0,48,26,4
2026-04-15T15:01:18.690,-11.461,0,,0,48,26,4
2026-04-15T15:01:19.600,-11.467,0,,0,48,26,4
2026-04-15T15:01:20.600,-11.469,0,,0,48,26,4
2026-04-15T15:01:21.600,-11.466,0,,0,48,26,4
2026-04-15T15:01:22.600,-11.460,0,,0,48,26,4
2026-04-15T15:01:23.600,-11.468,0,,0,48,26,4
2026-04-15T15:01:24.900,-11.469,0,,0,48,26,4
2026-04-15T15:01:25.600,-11.464,0,,0,48,26,4
2026-04-15T15:01:26.600,-11.460,0,,0,48,26,4
2026-04-15T15:01:27.600,-11.455,0,,0,48,26,4
2026-04-15T15:01:28.600,-11.454,0,,0,48,26,4
2026-04-15T15:01:29.610,-11.463,0,,0,48,26,4
2026-04-15T15:01:30.680,-11.457,0,,0,48,26,4
2026-04-15T15:01:31.600,-11.455,0,,0,48,26,4
2026-04-15T15:01:32.590,-11.452,0,,0,48,26,4
2026-04-15T15:01:33.600,-11.466,0,,0,48,26,4
2026-04-15T15:01:34.600,-11.454,0,,0,48,26,4
2026-04-15T15:01:35.600,-11.461,0,,0,48,26,4
2026-04-15T15:01:36.600,-11.453,0,,0,48,26,4
2026-04-15T15:01:37.600,-11.446,0,,0,48,26,4
2026-04-15T15:01:38.610,-11.449,0,,0,48,26,4
2026-04-15T15:01:39.600,-11.458,0,,0,48,26,4
2026-04-15T15:01:40.600,-11.435,0,,0,48,26,4
2026-04-15T15:01:41.610,-11.442,0,,0,48,26,4
2026-04-15T15:01:42.600,-11.436,0,,0,48,26,4
2026-04-15T15:01:43.600,-11.441,0,,0,48,26,4
2026-04-15T15:01:44.600,-11.454,0,,0,48,26,4
2026-04-15T15:01:45.600,-11.453,0,,0,48,26,4
2026-04-15T15:01:46.600,-11.436,0,,0,48,26,4
2026-04-15T15:01:47.590,-11.434,0,,0,48,26,4
2026-04-15T15:01:48.870,-11.447,0,,0,48,26,4
2026-04-15T15:01:49.600,-11.444,0,,0,48,26,4
2026-04-15T15:01:50.600,-11.437,0,Image_119.png,0,48,26,4
2026-04-15T15:01:51.910,-11.453,0,,0,48,26,4
2026-04-15T15:01:52.590,-11.445,0,,0,48,26,4
2026-04-15T15:01:53.590,-11.442,0,,0,48,26,4
2026-04-15T15:01:54.580,-11.445,0,,0,48,26,4
2026-04-15T15:01:55.600,-11.442,0,,0,48,26,4
2026-04-15T15:01:56.600,-11.451,0,,0,48,26,4
2026-04-15T15:01:57.600,-11.451,0,,0,48,26,4
2026-04-15T15:01:58.600,-11.471,0,,0,48,26,4
2026-04-15T15:01:59.600,-11.460,0,,0,48,26,4
2026-04-15T15:02:00.600,-11.461,0,,0,48,26,4
2026-04-15T15:02:01.600,-11.461,0,,0,48,26,4
2026-04-15T15:02:02.650,-11.436,0,,0,48,26,4
2026-04-15T15:02:03.600,-11.443,0,,0,48,26,4
2026-04-15T15:02:04.600,-11.473,0,,0,48,26,4
2026-04-15T15:02:05.600,-11.453,0,,0,48,26,4
2026-04-15T15:02:06.600,-11.468,0,,0,48,26,4
2026-04-15T15:02:07.590,-11.473,0,,0,48,26,4
2026-04-15T15:02:08.600,-11.473,0,,0,48,26,4
2026-04-15T15:02:09.600,-11.468,0,,0,48,26,4
2026-04-15T15:02:10.600,-11.468,0,,0,48,26,4
2026-04-15T15:02:11.600,-11.475,0,,0,48,26,4
2026-04-15T15:02:12.590,-11.448,0,,0,48,26,4
2026-04-15T15:02:13.600,-11.451,0,,0,48,26,4
2026-04-15T15:02:14.610,-11.436,0,,0,48,26,4
2026-04-15T15:02:15.600,-11.429,0,,0,48,26,4
2026-04-15T15:02:16.600,-11.440,0,,0,48,26,4
2026-04-15T15:02:17.590,-11.454,0,,0,48,26,4
2026-04-15T15:02:18.640,-11.439,0,,0,48,26,4
2026-04-15T15:02:19.600,-11.438,0,,0,48,26,4
2026-04-15T15:02:20.600,-11.462,0,,0,48,26,4
2026-04-15T15:02:21.600,-11.428,0,,0,48,26,4
2026-04-15T15:02:22.590,-11.426,0,,0,48,26,4
2026-04-15T15:02:23.600,-11.442,0,,0,48,26,4
2026-04-15T15:02:24.600,-11.467,0,,0,48,26,4
2026-04-15T15:02:25.600,-11.465,0,,0,48,26,4
2026-04-15T15:02:26.600,-11.471,0,,0,48,26,4
2026-04-15T15:02:27.600,-11.468,0,,0,48,26,4
2026-04-15T15:02:28.950,-11.452,0,,0,48,26,4
2026-04-15T15:02:29.600,-11.446,0,,0,48,26,4
2026-04-15T15:02:30.630,-11.473,0,,0,48,26,4
2026-04-15T15:02:31.600,-11.466,0,,0,48,26,4
2026-04-15T15:02:32.590,-11.471,0,,0,48,26,4
2026-04-15T15:02:33.600,-11.493,0,,0,48,26,4
2026-04-15T15:02:34.960,-11.508,0,,0,48,26,4
2026-04-15T15:02:35.610,-11.497,0,,0,48,26,4
2026-04-15T15:02:36.600,-11.489,0,,0,48,26,4
2026-04-15T15:02:37.590,-11.486,0,,0,48,26,4
2026-04-15T15:02:38.610,-11.490,0,,0,48,26,4
2026-04-15T15:02:39.600,-11.463,0,,0,48,26,4
2026-04-15T15:02:40.600,-11.477,0,,0,48,26,4
2026-04-15T15:02:41.600,-11.487,0,,0,48,26,4
2026-04-15T15:02:42.600,-11.456,0,,0,48,26,4
2026-04-15T15:02:43.600,-11.493,0,,0,48,26,4
2026-04-15T15:02:44.600,-11.462,0,,0,48,26,4
2026-04-15T15:02:45.600,-11.456,0,,0,48,26,4
2026-04-15T15:02:46.600,-11.449,0,,0,48,26,4
2026-04-15T15:02:47.590,-11.451,0,,0,48,26,4
2026-04-15T15:02:48.600,-11.474,0,,0,48,26,4
2026-04-15T15:02:49.600,-11.472,0,,0,48,26,4
2026-04-15T15:02:50.610,-11.485,0,Image_120.png,0,48,26,4
2026-04-15T15:02:51.910,-11.472,0,,0,48,26,4
2026-04-15T15:02:52.590,-11.478,0,,0,48,26,4
2026-04-15T15:02:53.600,-11.480,0,,0,48,26,4
2026-04-15T15:02:54.600,-11.481,0,,0,48,26,4
2026-04-15T15:02:55.600,-11.490,0,,0,48,26,4
2026-04-15T15:02:56.600,-11.497,0,,0,48,26,4
2026-04-15T15:02:57.600,-11.488,0,,0,48,26,4
2026-04-15T15:02:58.600,-11.492,0,,0,48,26,4
2026-04-15T15:02:59.600,-11.495,0,,0,48,26,4
2026-04-15T15:03:00.600,-11.493,0,,0,48,26,4
2026-04-15T15:03:01.600,-11.500,0,,0,48,26,4
2026-04-15T15:03:02.590,-11.503,0,,0,48,26,4
2026-04-15T15:03:03.600,-11.480,0,,0,48,26,4
2026-04-15T15:03:04.610,-11.484,0,,0,48,26,4
2026-04-15T15:03:05.600,-11.490,0,,0,48,26,4
2026-04-15T15:03:06.600,-11.492,0,,0,48,26,4
2026-04-15T15:03:07.600,-11.498,0,,0,48,26,4
2026-04-15T15:03:08.610,-11.479,0,,0,48,26,4
2026-04-15T15:03:09.600,-11.475,0,,0,48,26,4
2026-04-15T15:03:10.600,-11.498,0,,0,48,26,4
2026-04-15T15:03:11.600,-11.490,0,,0,48,26,4
2026-04-15T15:03:12.710,-11.476,0,,0,48,26,4
2026-04-15T15:03:13.600,-11.488,0,,0,48,26,4
2026-04-15T15:03:14.600,-11.494,0,,0,48,26,4
2026-04-15T15:03:15.600,-11.475,0,,0,48,26,4
2026-04-15T15:03:16.600,-11.482,0,,0,48,26,4
2026-04-15T15:03:17.600,-11.456,0,,0,48,26,4
2026-04-15T15:03:18.600,-11.459,0,,0,48,26,4
2026-04-15T15:03:19.600,-11.467,0,,0,48,26,4
2026-04-15T15:03:20.600,-11.479,0,,0,48,26,4
2026-04-15T15:03:21.600,-11.479,0,,0,48,26,4
2026-04-15T15:03:22.590,-11.463,0,,0,48,26,4
2026-04-15T15:03:23.610,-11.483,0,,0,48,26,4
2026-04-15T15:03:24.600,-11.476,0,,0,48,26,4
2026-04-15T15:03:25.600,-11.500,0,,0,48,26,4
2026-04-15T15:03:26.910,-11.497,0,,0,48,26,4
2026-04-15T15:03:27.590,-11.499,0,,0,48,26,4
2026-04-15T15:03:28.600,-11.496,0,,0,48,26,4
2026-04-15T15:03:29.600,-11.480,0,,0,48,26,4
2026-04-15T15:03:30.630,-11.476,0,,0,48,26,4
2026-04-15T15:03:31.600,-11.477,0,,0,48,26,4
2026-04-15T15:03:32.590,-11.476,0,,0,48,26,4
2026-04-15T15:03:33.600,-11.506,0,,0,48,26,4
2026-04-15T15:03:34.600,-11.501,0,,0,48,26,4
2026-04-15T15:03:35.600,-11.488,0,,0,48,26,4
2026-04-15T15:03:36.660,-11.494,0,,0,48,26,4
2026-04-15T15:03:37.590,-11.495,0,,0,48,26,4
2026-04-15T15:03:38.740,-11.494,0,,0,48,26,4
2026-04-15T15:03:39.600,-11.495,0,,0,48,26,4
2026-04-15T15:03:40.670,-11.496,0,,0,48,26,4
2026-04-15T15:03:41.600,-11.497,0,,0,48,26,4
2026-04-15T15:03:42.780,-11.489,0,,0,48,26,4
2026-04-15T15:03:43.600,-11.494,0,,0,48,26,4
2026-04-15T15:03:44.610,-11.498,0,,0,48,26,4
2026-04-15T15:03:45.600,-11.497,0,,0,48,26,4
2026-04-15T15:03:46.600,-11.503,0,,0,48,26,4
2026-04-15T15:03:47.590,-11.491,0,,0,48,26,4
2026-04-15T15:03:48.830,-11.496,0,,0,48,26,4
2026-04-15T15:03:49.600,-11.493,0,,0,48,26,4
2026-04-15T15:03:50.600,-11.485,0,,0,48,26,4
2026-04-15T15:03:51.600,-11.491,0,Image_121.png,0,48,26,4
2026-04-15T15:03:52.910,-11.492,0,,0,48,26,4
2026-04-15T15:03:53.590,-11.484,0,,0,48,26,4
2026-04-15T15:03:54.600,-11.496,0,,0,48,26,4
2026-04-15T15:03:55.600,-11.482,0,,0,48,26,4
2026-04-15T15:03:56.600,-11.487,0,,0,48,26,4
2026-04-15T15:03:57.600,-11.484,0,,0,48,26,4
2026-04-15T15:03:58.600,-11.491,0,,0,48,26,4
2026-04-15T15:03:59.600,-11.484,0,,0,48,26,4
2026-04-15T15:04:00.600,-11.489,0,,0,48,26,4
2026-04-15T15:04:01.600,-11.488,0,,0,48,26,4
2026-04-15T15:04:02.600,-11.485,0,,0,48,26,4
2026-04-15T15:04:03.600,-11.485,0,,0,48,26,4
2026-04-15T15:04:04.740,-11.495,0,,0,48,26,4
2026-04-15T15:04:05.600,-11.496,0,,0,48,26,4
2026-04-15T15:04:06.600,-11.481,0,,0,48,26,4
2026-04-15T15:04:07.600,-11.488,0,,0,48,26,4
2026-04-15T15:04:08.830,-11.491,0,,0,48,26,4
2026-04-15T15:04:09.600,-11.487,0,,0,48,26,4
2026-04-15T15:04:10.850,-11.479,0,,0,48,26,4
2026-04-15T15:04:11.600,-11.482,0,,0,48,26,4
2026-04-15T15:04:12.600,-11.482,0,,0,48,26,4
2026-04-15T15:04:13.600,-11.490,0,,0,48,26,4
2026-04-15T15:04:14.600,-11.485,0,,0,48,26,4
2026-04-15T15:04:15.600,-11.476,0,,0,48,26,4
2026-04-15T15:04:16.600,-11.484,0,,0,48,26,4
2026-04-15T15:04:17.600,-11.475,0,,0,48,26,4
2026-04-15T15:04:18.600,-11.479,0,,0,48,26,4
2026-04-15T15:04:19.600,-11.476,0,,0,48,26,4
2026-04-15T15:04:20.600,-11.479,0,,0,48,26,4
2026-04-15T15:04:21.600,-11.480,0,,0,48,26,4
2026-04-15T15:04:22.600,-11.487,0,,0,48,26,4
2026-04-15T15:04:23.600,-11.477,0,,0,48,26,4
2026-04-15T15:04:24.600,-11.481,0,,0,48,26,4
2026-04-15T15:04:25.600,-11.448,0,,0,48,26,4
2026-04-15T15:04:26.600,-11.449,0,,0,48,26,4
2026-04-15T15:04:27.600,-11.466,0,,0,48,26,4
2026-04-15T15:04:29.040,-11.451,0,,0,48,26,4
2026-04-15T15:04:29.610,-11.466,0,,0,48,26,4
2026-04-15T15:04:30.810,-11.473,0,,0,48,26,4
2026-04-15T15:04:31.600,-11.469,0,,0,48,26,4
2026-04-15T15:04:32.610,-11.471,0,,0,48,26,4
2026-04-15T15:04:33.600,-11.465,0,,0,48,26,4
2026-04-15T15:04:34.610,-11.477,0,,0,48,26,4
2026-04-15T15:04:35.610,-11.467,0,,0,48,26,4
2026-04-15T15:04:36.600,-11.477,0,,0,48,26,4
2026-04-15T15:04:37.600,-11.474,0,,0,48,26,4
2026-04-15T15:04:38.750,-11.472,0,,0,48,26,4
2026-04-15T15:04:39.600,-11.459,0,,0,48,26,4
2026-04-15T15:04:40.600,-11.471,0,,0,48,26,4
2026-04-15T15:04:41.590,-11.472,0,,0,48,26,4
2026-04-15T15:04:43.070,-11.472,0,,0,48,26,4
2026-04-15T15:04:43.600,-11.475,0,,0,48,26,4
2026-04-15T15:04:44.590,-11.471,0,,0,48,26,4
2026-04-15T15:04:45.590,-11.484,0,,0,48,26,4
2026-04-15T15:04:47.210,-11.480,0,,0,48,26,4
2026-04-15T15:04:47.580,-11.482,0,,0,48,26,4
2026-04-15T15:04:48.580,-11.478,0,,0,48,26,4
2026-04-15T15:04:49.580,-11.466,0,,0,48,26,4
2026-04-15T15:04:50.580,-11.476,0,,0,48,26,4
2026-04-15T15:04:51.580,-11.450,0,,0,48,26,4
2026-04-15T15:04:52.580,-11.460,0,Image_122.png,0,48,26,4
2026-04-15T15:04:53.920,-11.462,0,,0,48,26,4
2026-04-15T15:04:54.580,-11.457,0,,0,48,26,4
2026-04-15T15:04:55.580,-11.466,0,,0,48,26,4
2026-04-15T15:04:56.580,-11.476,0,,0,48,26,4
2026-04-15T15:04:57.580,-11.479,0,,0,48,26,4
2026-04-15T15:04:58.580,-11.475,0,,0,48,26,4
2026-04-15T15:04:59.580,-11.464,0,,0,48,26,4
2026-04-15T15:05:00.580,-11.459,0,,0,48,26,4
2026-04-15T15:05:01.580,-11.454,0,,0,48,26,4
2026-04-15T15:05:02.760,-11.458,0,,0,48,26,4
2026-04-15T15:05:03.580,-11.463,0,,0,48,26,4
2026-04-15T15:05:04.580,-11.448,0,,0,48,26,4
2026-04-15T15:05:05.580,-11.460,0,,0,48,26,4
2026-04-15T15:05:06.580,-11.449,0,,0,48,26,4
2026-04-15T15:05:07.580,-11.449,0,,0,48,26,4
2026-04-15T15:05:08.580,-11.452,0,,0,48,26,4
2026-04-15T15:05:09.600,-11.469,0,,0,48,26,4
2026-04-15T15:05:10.580,-11.471,0,,0,48,26,4
2026-04-15T15:05:11.580,-11.488,0,,0,48,26,4
2026-04-15T15:05:12.580,-11.497,0,,0,48,26,4
2026-04-15T15:05:13.580,-11.483,0,,0,48,26,4
2026-04-15T15:05:14.920,-11.462,0,,0,48,26,4
2026-04-15T15:05:15.580,-11.464,0,,0,48,26,4
2026-04-15T15:05:16.580,-11.445,0,,0,48,26,4
2026-04-15T15:05:17.580,-11.452,0,,0,48,26,4
2026-04-15T15:05:18.580,-11.463,0,,0,48,26,4
2026-04-15T15:05:19.580,-11.479,0,,0,48,26,4
2026-04-15T15:05:20.580,-11.502,0,,0,48,26,4
2026-04-15T15:05:21.580,-11.513,0,,0,48,26,4
2026-04-15T15:05:22.580,-11.493,0,,0,48,26,4
2026-04-15T15:05:23.580,-11.488,0,,0,48,26,4
2026-04-15T15:05:24.830,-11.443,0,,0,48,26,4
2026-04-15T15:05:25.580,-11.452,0,,0,48,26,4
2026-04-15T15:05:26.580,-11.447,0,,0,48,26,4
2026-04-15T15:05:27.580,-11.440,0,,0,48,26,4
2026-04-15T15:05:28.580,-11.455,0,,0,48,26,4
2026-04-15T15:05:29.580,-11.474,0,,0,48,26,4
2026-04-15T15:05:30.580,-11.483,0,,0,48,26,4
2026-04-15T15:05:31.580,-11.514,0,,0,48,26,4
2026-04-15T15:05:32.580,-11.484,0,,0,48,26,4
2026-04-15T15:05:33.580,-11.491,0,,0,48,26,4
2026-04-15T15:05:34.580,-11.481,0,,0,48,26,4
2026-04-15T15:05:35.580,-11.481,0,,0,48,26,4
2026-04-15T15:05:36.600,-11.493,0,,0,48,26,4
2026-04-15T15:05:37.580,-11.495,0,,0,48,26,4
2026-04-15T15:05:38.580,-11.484,0,,0,48,26,4
2026-04-15T15:05:39.580,-11.490,0,,0,48,26,4
2026-04-15T15:05:40.580,-11.508,0,,0,48,26,4
2026-04-15T15:05:41.580,-11.509,0,,0,48,26,4
2026-04-15T15:05:42.580,-11.511,0,,0,48,26,4
2026-04-15T15:05:43.580,-11.504,0,,0,48,26,4
2026-04-15T15:05:44.580,-11.499,0,,0,48,26,4
2026-04-15T15:05:45.580,-11.501,0,,0,48,26,4
2026-04-15T15:05:46.580,-11.491,0,,0,48,26,4
2026-04-15T15:05:47.580,-11.495,0,,0,48,26,4
2026-04-15T15:05:48.620,-11.469,0,,0,48,26,4
2026-04-15T15:05:49.580,-11.475,0,,0,48,26,4
2026-04-15T15:05:50.700,-11.495,0,,0,48,26,4
2026-04-15T15:05:51.580,-11.478,0,,0,48,26,4
2026-04-15T15:05:52.820,-11.496,0,Image_123.png,0,48,26,4
2026-04-15T15:05:53.910,-11.504,0,,0,48,26,4
2026-04-15T15:05:54.580,-11.495,0,,0,48,26,4
2026-04-15T15:05:55.580,-11.489,0,,0,48,26,4
2026-04-15T15:05:56.580,-11.497,0,,0,48,26,4
2026-04-15T15:05:57.590,-11.463,0,,0,48,26,4
2026-04-15T15:05:58.580,-11.471,0,,0,48,26,4
2026-04-15T15:05:59.580,-11.469,0,,0,48,26,4
2026-04-15T15:06:00.580,-11.463,0,,0,48,26,4
2026-04-15T15:06:01.580,-11.474,0,,0,48,26,4
2026-04-15T15:06:02.580,-11.465,0,,0,48,26,4
2026-04-15T15:06:03.580,-11.465,0,,0,48,26,4
2026-04-15T15:06:04.810,-11.473,0,,0,48,26,4
2026-04-15T15:06:05.580,-11.462,0,,0,48,26,4
2026-04-15T15:06:06.580,-11.469,0,,0,48,26,4
2026-04-15T15:06:07.580,-11.468,0,,0,48,26,4
2026-04-15T15:06:08.580,-11.486,0,,0,48,26,4
2026-04-15T15:06:09.580,-11.477,0,,0,48,26,4
2026-04-15T15:06:10.590,-11.473,0,,0,48,26,4
2026-04-15T15:06:11.580,-11.482,0,,0,48,26,4
2026-04-15T15:06:12.590,-11.474,0,,0,48,26,4
2026-04-15T15:06:13.580,-11.482,0,,0,48,26,4
2026-04-15T15:06:14.580,-11.481,0,,0,48,26,4
2026-04-15T15:06:15.580,-11.481,0,,0,48,26,4
2026-04-15T15:06:16.580,-11.477,0,,0,48,26,4
2026-04-15T15:06:17.580,-11.479,0,,0,48,26,4
2026-04-15T15:06:18.580,-11.481,0,,0,48,26,4
2026-04-15T15:06:19.580,-11.471,0,,0,48,26,4
2026-04-15T15:06:20.580,-11.485,0,,0,48,26,4
2026-04-15T15:06:21.580,-11.480,0,,0,48,26,4
2026-04-15T15:06:22.580,-11.473,0,,0,48,26,4
2026-04-15T15:06:23.580,-11.472,0,,0,48,26,4
2026-04-15T15:06:24.580,-11.470,0,,0,48,26,4
2026-04-15T15:06:25.580,-11.468,0,,0,48,26,4
2026-04-15T15:06:26.580,-11.470,0,,0,48,26,4
2026-04-15T15:06:27.580,-11.474,0,,0,48,26,4
2026-04-15T15:06:28.580,-11.473,0,,0,48,26,4
2026-04-15T15:06:29.580,-11.462,0,,0,48,26,4
2026-04-15T15:06:30.580,-11.459,0,,0,48,26,4
2026-04-15T15:06:31.580,-11.463,0,,0,48,26,4
2026-04-15T15:06:32.580,-11.455,0,,0,48,26,4
2026-04-15T15:06:33.580,-11.467,0,,0,48,26,4
2026-04-15T15:06:34.600,-11.462,0,,0,48,26,4
2026-04-15T15:06:35.580,-11.460,0,,0,48,26,4
2026-04-15T15:06:36.600,-11.454,0,,0,48,26,4
2026-04-15T15:06:37.580,-11.469,0,,0,48,26,4
2026-04-15T15:06:38.580,-11.468,0,,0,48,26,4
2026-04-15T15:06:39.580,-11.453,0,,0,48,26,4
2026-04-15T15:06:40.650,-11.460,0,,0,48,26,4
2026-04-15T15:06:41.580,-11.458,0,,0,48,26,4
2026-04-15T15:06:42.580,-11.464,0,,0,48,26,4
2026-04-15T15:06:43.580,-11.454,0,,0,48,26,4
2026-04-15T15:06:44.850,-11.463,0,,0,48,26,4
2026-04-15T15:06:45.580,-11.460,0,,0,48,26,4
2026-04-15T15:06:46.580,-11.459,0,,0,48,26,4
2026-04-15T15:06:47.580,-11.461,0,,0,48,26,4
2026-04-15T15:06:48.580,-11.452,0,,0,48,26,4
2026-04-15T15:06:49.580,-11.455,0,,0,48,26,4
2026-04-15T15:06:51.150,-11.449,0,,0,48,26,4
2026-04-15T15:06:51.580,-11.454,0,,0,48,26,4
2026-04-15T15:06:52.580,-11.460,0,,0,48,26,4
2026-04-15T15:06:53.580,-11.462,0,Image_124.png,0,48,26,4
2026-04-15T15:06:55.020,-11.453,0,,0,48,26,4
2026-04-15T15:06:55.580,-11.458,0,,0,48,26,4
2026-04-15T15:06:56.580,-11.452,0,,0,48,26,4
2026-04-15T15:06:57.580,-11.443,0,,0,48,26,4
2026-04-15T15:06:58.590,-11.446,0,,0,48,26,4
2026-04-15T15:06:59.580,-11.453,0,,0,48,26,4
2026-04-15T15:07:00.580,-11.449,0,,0,48,26,4
2026-04-15T15:07:01.580,-11.452,0,,0,48,26,4
2026-04-15T15:07:02.580,-11.459,0,,0,48,26,4
2026-04-15T15:07:03.580,-11.458,0,,0,48,26,4
2026-04-15T15:07:04.830,-11.445,0,,0,48,26,4
2026-04-15T15:07:05.580,-11.450,0,,0,48,26,4
2026-04-15T15:07:06.580,-11.444,0,,0,48,26,4
2026-04-15T15:07:07.590,-11.448,0,,0,48,26,4
2026-04-15T15:07:08.580,-11.454,0,,0,48,26,4
2026-04-15T15:07:09.580,-11.445,0,,0,48,26,4
2026-04-15T15:07:10.580,-11.445,0,,0,48,26,4
2026-04-15T15:07:11.580,-11.438,0,,0,48,26,4
2026-04-15T15:07:12.580,-11.441,0,,0,48,26,4
2026-04-15T15:07:13.580,-11.442,0,,0,48,26,4
2026-04-15T15:07:14.580,-11.445,0,,0,48,26,4
2026-04-15T15:07:15.580,-11.452,0,,0,48,26,4
2026-04-15T15:07:16.610,-11.460,0,,0,48,26,4
2026-04-15T15:07:17.580,-11.466,0,,0,48,26,4
2026-04-15T15:07:18.580,-11.455,0,,0,48,26,4
2026-04-15T15:07:19.580,-11.463,0,,0,48,26,4
2026-04-15T15:07:20.580,-11.458,0,,0,48,26,4
2026-04-15T15:07:21.580,-11.456,0,,0,48,26,4
2026-04-15T15:07:23.130,-11.456,0,,0,48,26,4
2026-04-15T15:07:23.580,-11.455,0,,0,48,26,4
2026-04-15T15:07:24.580,-11.465,0,,0,48,26,4
2026-04-15T15:07:25.580,-11.483,0,,0,48,26,4
2026-04-15T15:07:26.580,-11.470,0,,0,48,26,4
2026-04-15T15:07:27.580,-11.483,0,,0,48,26,4
2026-04-15T15:07:28.580,-11.461,0,,0,48,26,4
2026-04-15T15:07:29.580,-11.474,0,,0,48,26,4
2026-04-15T15:07:30.590,-11.452,0,,0,48,26,4
2026-04-15T15:07:31.580,-11.458,0,,0,48,26,4
2026-04-15T15:07:32.580,-11.478,0,,0,48,26,4
2026-04-15T15:07:33.580,-11.476,0,,0,48,26,4
2026-04-15T15:07:34.580,-11.480,0,,0,48,26,4
2026-04-15T15:07:35.580,-11.464,0,,0,48,26,4
2026-04-15T15:07:36.580,-11.442,0,,0,48,26,4
2026-04-15T15:07:37.580,-11.427,0,,0,48,26,4
2026-04-15T15:07:39.020,-11.458,0,,0,48,26,4
2026-04-15T15:07:39.580,-11.447,0,,0,48,26,4
2026-04-15T15:07:40.580,-11.477,0,,0,48,26,4
2026-04-15T15:07:41.580,-11.486,0,,0,48,26,4
2026-04-15T15:07:42.580,-11.497,0,,0,48,26,4
2026-04-15T15:07:43.580,-11.459,0,,0,48,26,4
2026-04-15T15:07:44.580,-11.470,0,,0,48,26,4
2026-04-15T15:07:45.580,-11.458,0,,0,48,26,4
2026-04-15T15:07:46.580,-11.469,0,,0,48,26,4
2026-04-15T15:07:47.580,-11.482,0,,0,48,26,4
2026-04-15T15:07:48.580,-11.479,0,,0,48,26,4
2026-04-15T15:07:49.580,-11.475,0,,0,48,26,4
2026-04-15T15:07:50.580,-11.486,0,,0,48,26,4
2026-04-15T15:07:51.580,-11.479,0,,0,48,26,4
2026-04-15T15:07:52.580,-11.469,0,,0,48,26,4
2026-04-15T15:07:53.580,-11.458,0,,0,48,26,4
2026-04-15T15:07:54.710,-11.467,0,Image_125.png,0,48,26,4
2026-04-15T15:07:55.920,-11.466,0,,0,48,26,4
2026-04-15T15:07:56.580,-11.483,0,,0,48,26,4
2026-04-15T15:07:57.580,-11.480,0,,0,48,26,4
2026-04-15T15:07:58.580,-11.471,0,,0,48,26,4
2026-04-15T15:07:59.580,-11.483,0,,0,48,26,4
2026-04-15T15:08:00.580,-11.478,0,,0,48,26,4
2026-04-15T15:08:01.580,-11.466,0,,0,48,26,4
2026-04-15T15:08:02.580,-11.465,0,,0,48,26,4
2026-04-15T15:08:03.580,-11.474,0,,0,48,26,4
2026-04-15T15:08:04.760,-11.466,0,,0,48,26,4
2026-04-15T15:08:05.580,-11.457,0,,0,48,26,4
2026-04-15T15:08:06.580,-11.456,0,,0,48,26,4
2026-04-15T15:08:07.580,-11.452,0,,0,48,26,4
2026-04-15T15:08:08.580,-11.448,0,,0,48,26,4
2026-04-15T15:08:09.580,-11.462,0,,0,48,26,4
2026-04-15T15:08:10.580,-11.471,0,,0,48,26,4
2026-04-15T15:08:11.580,-11.467,0,,0,48,26,4
2026-04-15T15:08:12.580,-11.459,0,,0,48,26,4
2026-04-15T15:08:13.580,-11.464,0,,0,48,26,4
2026-04-15T15:08:14.580,-11.464,0,,0,48,26,4
2026-04-15T15:08:15.580,-11.467,0,,0,48,26,4
2026-04-15T15:08:16.580,-11.471,0,,0,48,26,4
2026-04-15T15:08:17.580,-11.455,0,,0,48,26,4
2026-04-15T15:08:18.580,-11.465,0,,0,48,26,4
2026-04-15T15:08:19.580,-11.454,0,,0,48,26,4
2026-04-15T15:08:20.580,-11.461,0,,0,48,26,4
2026-04-15T15:08:21.580,-11.459,0,,0,48,26,4
2026-04-15T15:08:22.580,-11.440,0,,0,48,26,4
2026-04-15T15:08:23.580,-11.459,0,,0,48,26,4
2026-04-15T15:08:24.580,-11.452,0,,0,48,26,4
2026-04-15T15:08:25.580,-11.451,0,,0,48,26,4
2026-04-15T15:08:26.580,-11.453,0,,0,48,26,4
2026-04-15T15:08:27.580,-11.464,0,,0,48,26,4
2026-04-15T15:08:28.580,-11.462,0,,0,48,26,4
2026-04-15T15:08:29.580,-11.453,0,,0,48,26,4
2026-04-15T15:08:30.580,-11.459,0,,0,48,26,4
2026-04-15T15:08:31.580,-11.458,0,,0,48,26,4
2026-04-15T15:08:33.120,-11.450,0,,0,48,26,4
2026-04-15T15:08:33.580,-11.458,0,,0,48,26,4
2026-04-15T15:08:34.580,-11.455,0,,0,48,26,4
2026-04-15T15:08:35.580,-11.451,0,,0,48,26,4
2026-04-15T15:08:36.660,-11.459,0,,0,48,26,4
2026-04-15T15:08:37.580,-11.442,0,,0,48,26,4
2026-04-15T15:08:38.580,-11.455,0,,0,48,26,4
2026-04-15T15:08:39.580,-11.452,0,,0,48,26,4
2026-04-15T15:08:40.580,-11.444,0,,0,48,26,4
2026-04-15T15:08:41.580,-11.444,0,,0,48,26,4
2026-04-15T15:08:42.580,-11.468,0,,0,48,26,4
2026-04-15T15:08:43.580,-11.471,0,,0,48,26,4
2026-04-15T15:08:44.580,-11.459,0,,0,48,26,4
2026-04-15T15:08:45.580,-11.459,0,,0,48,26,4
2026-04-15T15:08:46.580,-11.447,0,,0,48,26,4
2026-04-15T15:08:47.580,-11.438,0,,0,48,26,4
2026-04-15T15:08:48.580,-11.466,0,,0,48,26,4
2026-04-15T15:08:49.580,-11.456,0,,0,48,26,4
2026-04-15T15:08:50.580,-11.486,0,,0,48,26,4
2026-04-15T15:08:51.580,-11.470,0,,0,48,26,4
2026-04-15T15:08:52.580,-11.473,0,,0,48,26,4
2026-04-15T15:08:53.580,-11.471,0,,0,48,26,4
2026-04-15T15:08:54.580,-11.469,0,Image_126.png,0,48,26,4
2026-04-15T15:08:58.500,-11.470,0,,0,48,26,4
2026-04-15T15:08:59.110,-11.469,0,,0,48,26,4
2026-04-15T15:08:59.790,-11.487,0,,0,48,26,4
2026-04-15T15:09:00.640,-11.474,0,,0,48,26,4
2026-04-15T15:09:02.280,-11.483,0,,0,48,26,4
2026-04-15T15:09:03.390,-11.476,0,,0,48,26,4
2026-04-15T15:09:04.420,-11.482,0,,0,48,26,4
2026-04-15T15:09:05.410,-11.483,0,,0,48,26,4
2026-04-15T15:09:06.510,-11.484,0,,0,48,26,4
2026-04-15T15:09:07.430,-11.477,0,,0,48,26,4
2026-04-15T15:09:09.430,-11.475,0,,0,48,26,4
2026-04-15T15:09:10.750,-11.453,0,,0,48,26,4
2026-04-15T15:09:12.060,-11.485,0,,0,48,26,4
2026-04-15T15:09:12.980,-11.479,0,,0,48,26,4
2026-04-15T15:09:13.860,-11.459,0,,0,48,26,4
2026-04-15T15:09:14.960,-11.483,0,,0,48,26,4
2026-04-15T15:09:15.630,-11.472,0,,0,48,26,4
2026-04-15T15:09:17.240,-11.451,0,,0,48,26,4
2026-04-15T15:09:18.470,-11.487,0,,0,48,26,4
2026-04-15T15:09:19.110,-11.467,0,,0,48,26,4
2026-04-15T15:09:20.240,-11.481,0,,0,48,26,4
2026-04-15T15:09:21.590,-11.477,0,,0,48,26,4
2026-04-15T15:09:22.680,-11.478,0,,0,48,26,4
2026-04-15T15:09:24.410,-11.482,0,,0,48,26,4
2026-04-15T15:09:25.220,-11.486,0,,0,48,26,4
2026-04-15T15:09:26.500,-11.471,0,,0,48,26,4
2026-04-15T15:09:27.320,-11.481,0,,0,48,26,4
2026-04-15T15:09:28.120,-11.495,0,,0,48,26,4
2026-04-15T15:09:28.790,-11.484,0,,0,48,26,4
2026-04-15T15:09:29.950,-11.493,0,,0,48,26,4
2026-04-15T15:09:31.360,-11.474,0,,0,48,26,4
2026-04-15T15:09:32.430,-11.484,0,,0,48,26,4
2026-04-15T15:09:33.820,-11.471,0,,0,48,26,4
2026-04-15T15:09:34.650,-11.468,0,,0,48,26,4
2026-04-15T15:09:35.650,-11.468,0,,0,48,26,4
2026-04-15T15:09:36.630,-11.486,0,,0,48,26,4
2026-04-15T15:09:37.690,-11.476,0,,0,48,26,4
2026-04-15T15:09:42.230,-11.514,0,,0,48,26,4
2026-04-15T15:09:43.240,-11.503,0,,0,48,26,4
2026-04-15T15:09:44.200,-11.494,0,,0,48,26,4
2026-04-15T15:09:44.960,-11.501,0,,0,48,26,4
2026-04-15T15:09:45.680,-11.504,0,,0,48,26,4
2026-04-15T15:09:46.690,-11.506,0,,0,48,26,4
2026-04-15T15:09:48.810,-11.493,0,,0,48,26,4
2026-04-15T15:09:49.980,-11.501,0,,0,48,26,4
2026-04-15T15:09:51.290,-11.492,0,,0,48,26,4
2026-04-15T15:09:52.080,-11.491,0,,0,48,26,4
2026-04-15T15:09:52.840,-11.508,0,,0,48,26,4
2026-04-15T15:09:54.210,-11.502,0,,0,48,26,4
2026-04-15T15:09:55.730,-11.494,0,Image_127.png,0,48,26,4
2026-04-15T15:10:00.760,-11.490,0,,0,48,26,4
2026-04-15T15:10:01.740,-11.496,0,,0,48,26,4
2026-04-15T15:10:03.290,-11.492,0,,0,48,26,4
2026-04-15T15:10:03.720,-11.493,0,,0,48,26,4
2026-04-15T15:10:04.600,-11.483,0,,0,48,26,4
2026-04-15T15:10:05.660,-11.485,0,,0,48,26,4
2026-04-15T15:10:06.920,-11.480,0,,0,48,26,4
2026-04-15T15:10:08.040,-11.484,0,,0,48,26,4
2026-04-15T15:10:08.990,-11.499,0,,0,48,26,4
2026-04-15T15:10:09.980,-11.480,0,,0,48,26,4
2026-04-15T15:10:10.650,-11.477,0,,0,48,26,4
2026-04-15T15:10:11.790,-11.477,0,,0,48,26,4
2026-04-15T15:10:13.190,-11.498,0,,0,48,26,4
2026-04-15T15:10:14.800,-11.494,0,,0,48,26,4
2026-04-15T15:10:16.340,-11.501,0,,0,48,26,4
2026-04-15T15:10:18.010,-11.491,0,,0,48,26,4
2026-04-15T15:10:19.130,-11.500,0,,0,48,26,4
2026-04-15T15:10:19.740,-11.496,0,,0,48,26,4
2026-04-15T15:10:21.500,-11.476,0,,0,48,26,4
2026-04-15T15:10:21.920,-11.476,0,,0,48,26,4
2026-04-15T15:10:23.470,-11.503,0,,0,48,26,4
2026-04-15T15:10:24.150,-11.514,0,,0,48,26,4
2026-04-15T15:10:25.720,-11.531,0,,0,48,26,4
2026-04-15T15:10:26.650,-11.518,0,,0,48,26,4
2026-04-15T15:10:27.620,-11.537,0,,0,48,26,4
2026-04-15T15:10:28.690,-11.520,0,,0,48,26,4
2026-04-15T15:10:29.790,-11.529,0,,0,48,26,4
2026-04-15T15:10:30.810,-11.548,0,,0,48,26,4
2026-04-15T15:10:31.600,-11.544,0,,0,48,26,4
2026-04-15T15:10:33.030,-11.533,0,,0,48,26,4
2026-04-15T15:10:34.080,-11.531,0,,0,48,26,4
2026-04-15T15:10:35.360,-11.489,0,,0,48,26,4
2026-04-15T15:10:36.470,-11.507,0,,0,48,26,4
2026-04-15T15:10:37.530,-11.514,0,,0,48,26,4
2026-04-15T15:10:38.060,-11.513,0,,0,48,26,4
2026-04-15T15:10:39.360,-11.544,0,,0,48,26,4
2026-04-15T15:10:39.770,-11.538,0,,0,48,26,4
2026-04-15T15:10:41.190,-11.540,0,,0,48,26,4
2026-04-15T15:10:42.180,-11.539,0,,0,48,26,4
2026-04-15T15:10:42.790,-11.553,0,,0,48,26,4
2026-04-15T15:10:44.030,-11.537,0,,0,48,26,4
2026-04-15T15:10:45.750,-11.532,0,,0,48,26,4
2026-04-15T15:10:46.600,-11.545,0,,0,48,26,4
2026-04-15T15:10:48.050,-11.510,0,,0,48,26,4
2026-04-15T15:10:48.620,-11.485,0,,0,48,26,4
2026-04-15T15:10:49.760,-11.513,0,,0,48,26,4
2026-04-15T15:10:51.200,-11.496,0,,0,48,26,4
2026-04-15T15:10:52.200,-11.516,0,,0,48,26,4
2026-04-15T15:10:52.750,-11.527,0,,0,48,26,4
2026-04-15T15:10:53.720,-11.539,0,,0,48,26,4
2026-04-15T15:10:55.210,-11.540,0,,0,48,26,4
2026-04-15T15:10:55.610,-11.528,0,,0,48,26,4
2026-04-15T15:10:56.730,-11.535,0,Image_128.png,0,48,26,4
2026-04-15T15:11:02.450,-11.541,0,,0,48,26,4
2026-04-15T15:11:02.800,-11.535,0,,0,48,26,4
2026-04-15T15:11:03.600,-11.542,0,,0,48,26,4
2026-04-15T15:11:04.600,-11.533,0,,0,48,26,4
2026-04-15T15:11:05.600,-11.530,0,,0,48,26,4
2026-04-15T15:11:06.600,-11.523,0,,0,48,26,4
2026-04-15T15:11:07.600,-11.524,0,,0,48,26,4
2026-04-15T15:11:08.640,-11.516,0,,0,48,26,4
2026-04-15T15:11:09.600,-11.527,0,,0,48,26,4
2026-04-15T15:11:10.640,-11.528,0,,0,48,26,4
2026-04-15T15:11:11.610,-11.512,0,,0,48,26,4
2026-04-15T15:11:12.640,-11.507,0,,0,48,26,4
2026-04-15T15:11:13.600,-11.511,0,,0,48,26,4
2026-04-15T15:11:14.640,-11.516,0,,0,48,26,4
2026-04-15T15:11:15.600,-11.534,0,,0,48,26,4
2026-04-15T15:11:16.640,-11.540,0,,0,48,26,4
2026-04-15T15:11:17.610,-11.513,0,,0,48,26,4
2026-04-15T15:11:18.640,-11.520,0,,0,48,26,4
2026-04-15T15:11:19.610,-11.503,0,,0,48,26,4
2026-04-15T15:11:20.640,-11.502,0,,0,48,26,4
2026-04-15T15:11:21.600,-11.530,0,,0,48,26,4
2026-04-15T15:11:22.640,-11.527,0,,0,48,26,4
2026-04-15T15:11:23.590,-11.535,0,,0,48,26,4
2026-04-15T15:11:24.640,-11.533,0,,0,48,26,4
2026-04-15T15:11:25.600,-11.544,0,,0,48,26,4
2026-04-15T15:11:26.640,-11.539,0,,0,48,26,4
2026-04-15T15:11:27.600,-11.541,0,,0,48,26,4
2026-04-15T15:11:28.640,-11.547,0,,0,48,26,4
2026-04-15T15:11:29.610,-11.545,0,,0,48,26,4
2026-04-15T15:11:30.640,-11.548,0,,0,48,26,4
2026-04-15T15:11:31.600,-11.546,0,,0,48,26,4
2026-04-15T15:11:32.640,-11.538,0,,0,48,26,4
2026-04-15T15:11:33.600,-11.523,0,,0,48,26,4
2026-04-15T15:11:34.640,-11.528,0,,0,48,26,4
2026-04-15T15:11:35.610,-11.533,0,,0,48,26,4
2026-04-15T15:11:36.640,-11.531,0,,0,48,26,4
2026-04-15T15:11:37.600,-11.549,0,,0,48,26,4
2026-04-15T15:11:38.640,-11.551,0,,0,48,26,4
2026-04-15T15:11:39.600,-11.560,0,,0,48,26,4
2026-04-15T15:11:40.600,-11.548,0,,0,48,26,4
2026-04-15T15:11:41.600,-11.540,0,,0,48,26,4
2026-04-15T15:11:42.640,-11.548,0,,0,48,26,4
2026-04-15T15:11:43.600,-11.562,0,,0,48,26,4
2026-04-15T15:11:44.640,-11.561,0,,0,48,26,4
2026-04-15T15:11:45.600,-11.547,0,,0,48,26,4
2026-04-15T15:11:46.640,-11.562,0,,0,48,26,4
2026-04-15T15:11:47.610,-11.557,0,,0,48,26,4
2026-04-15T15:11:48.640,-11.555,0,,0,48,26,4
2026-04-15T15:11:49.600,-11.560,0,,0,48,26,4
2026-04-15T15:11:50.640,-11.568,0,,0,48,26,4
2026-04-15T15:11:51.590,-11.566,0,,0,48,26,4
2026-04-15T15:11:52.640,-11.575,0,,0,48,26,4
2026-04-15T15:11:53.610,-11.556,0,,0,48,26,4
2026-04-15T15:11:54.640,-11.557,0,,0,48,26,4
2026-04-15T15:11:55.580,-11.575,0,,0,48,26,4
2026-04-15T15:11:56.640,-11.557,0,Image_129.png,0,48,26,4
2026-04-15T15:11:58.060,-11.561,0,,0,48,26,4
2026-04-15T15:11:58.640,-11.565,0,,0,48,26,4
2026-04-15T15:11:59.600,-11.556,0,,0,48,26,4
2026-04-15T15:12:00.600,-11.564,0,,0,48,26,4
2026-04-15T15:12:01.580,-11.565,0,,0,48,26,4
2026-04-15T15:12:02.590,-11.548,0,,0,48,26,4
2026-04-15T15:12:03.580,-11.559,0,,0,48,26,4
2026-04-15T15:12:04.600,-11.563,0,,0,48,26,4
2026-04-15T15:12:05.580,-11.562,0,,0,48,26,4
2026-04-15T15:12:07.430,-11.565,0,,0,48,26,4
2026-04-15T15:12:07.730,-11.559,0,,0,48,26,4
2026-04-15T15:12:08.590,-11.560,0,,0,48,26,4
2026-04-15T15:12:09.580,-11.560,0,,0,48,26,4
2026-04-15T15:12:10.580,-11.553,0,,0,48,26,4
2026-04-15T15:12:11.760,-11.559,0,,0,48,26,4
2026-04-15T15:12:12.800,-11.547,0,,0,48,26,4
2026-04-15T15:12:13.690,-11.565,0,,0,48,26,4
2026-04-15T15:12:14.600,-11.542,0,,0,48,26,4
2026-04-15T15:12:15.600,-11.550,0,,0,48,26,4
2026-04-15T15:12:16.600,-11.543,0,,0,48,26,4
2026-04-15T15:12:17.610,-11.547,0,,0,48,26,4
2026-04-15T15:12:18.600,-11.561,0,,0,48,26,4
2026-04-15T15:12:19.600,-11.563,0,,0,48,26,4
2026-04-15T15:12:20.610,-11.559,0,,0,48,26,4
2026-04-15T15:12:21.600,-11.548,0,,0,48,26,4
2026-04-15T15:12:22.600,-11.557,0,,0,48,26,4
2026-04-15T15:12:23.610,-11.549,0,,0,48,26,4
2026-04-15T15:12:24.710,-11.560,0,,0,48,26,4
2026-04-15T15:12:25.600,-11.566,0,,0,48,26,4
2026-04-15T15:12:26.590,-11.561,0,,0,48,26,4
2026-04-15T15:12:27.600,-11.556,0,,0,48,26,4
2026-04-15T15:12:28.590,-11.546,0,,0,48,26,4
2026-04-15T15:12:29.600,-11.554,0,,0,48,26,4
2026-04-15T15:12:30.600,-11.551,0,,0,48,26,4
2026-04-15T15:12:31.580,-11.551,0,,0,48,26,4
2026-04-15T15:12:32.600,-11.553,0,,0,48,26,4
2026-04-15T15:12:33.590,-11.538,0,,0,48,26,4
2026-04-15T15:12:34.600,-11.548,0,,0,48,26,4
2026-04-15T15:12:35.600,-11.532,0,,0,48,26,4
2026-04-15T15:12:36.600,-11.537,0,,0,48,26,4
2026-04-15T15:12:37.590,-11.539,0,,0,48,26,4
2026-04-15T15:12:38.600,-11.534,0,,0,48,26,4
2026-04-15T15:12:39.600,-11.540,0,,0,48,26,4
2026-04-15T15:12:40.600,-11.531,0,,0,48,26,4
2026-04-15T15:12:41.610,-11.536,0,,0,48,26,4
2026-04-15T15:12:42.580,-11.547,0,,0,48,26,4
2026-04-15T15:12:43.590,-11.559,0,,0,48,26,4
2026-04-15T15:12:44.590,-11.560,0,,0,48,26,4
2026-04-15T15:12:45.580,-11.556,0,,0,48,26,4
2026-04-15T15:12:46.580,-11.537,0,,0,48,26,4
2026-04-15T15:12:47.580,-11.517,0,,0,48,26,4
2026-04-15T15:12:48.590,-11.506,0,,0,48,26,4
2026-04-15T15:12:49.580,-11.515,0,,0,48,26,4
2026-04-15T15:12:50.580,-11.549,0,,0,48,26,4
2026-04-15T15:12:51.580,-11.553,0,,0,48,26,4
2026-04-15T15:12:52.600,-11.560,0,,0,48,26,4
2026-04-15T15:12:53.580,-11.584,0,,0,48,26,4
2026-04-15T15:12:54.580,-11.561,0,,0,48,26,4
2026-04-15T15:12:55.580,-11.551,0,,0,48,26,4
2026-04-15T15:12:56.580,-11.531,0,,0,48,26,4
2026-04-15T15:12:57.580,-11.504,0,Image_130.png,0,48,26,4
2026-04-15T15:12:58.990,-11.497,0,,0,48,26,4
2026-04-15T15:12:59.580,-11.513,0,,0,48,26,4
2026-04-15T15:13:00.580,-11.523,0,,0,48,26,4
2026-04-15T15:13:01.600,-11.513,0,,0,48,26,4
2026-04-15T15:13:02.600,-11.530,0,,0,48,26,4
2026-04-15T15:13:03.600,-11.520,0,,0,48,26,4
2026-04-15T15:13:04.600,-11.507,0,,0,48,26,4
2026-04-15T15:13:05.610,-11.529,0,,0,48,26,4
2026-04-15T15:13:06.600,-11.534,0,,0,48,26,4
2026-04-15T15:13:07.600,-11.543,0,,0,48,26,4
2026-04-15T15:13:08.600,-11.552,0,,0,48,26,4
2026-04-15T15:13:09.600,-11.524,0,,0,48,26,4
2026-04-15T15:13:10.580,-11.537,0,,0,48,26,4
2026-04-15T15:13:11.590,-11.521,0,,0,48,26,4
2026-04-15T15:13:12.640,-11.525,0,,0,48,26,4
2026-04-15T15:13:13.590,-11.514,0,,0,48,26,4
2026-04-15T15:13:14.580,-11.502,0,,0,48,26,4
2026-04-15T15:13:15.600,-11.530,0,,0,48,26,4
2026-04-15T15:13:16.580,-11.535,0,,0,48,26,4
2026-04-15T15:13:17.600,-11.529,0,,0,48,26,4
2026-04-15T15:13:18.640,-11.522,0,,0,48,26,4
2026-04-15T15:13:19.580,-11.516,0,,0,48,26,4
2026-04-15T15:13:20.580,-11.535,0,,0,48,26,4
2026-04-15T15:13:21.580,-11.554,0,,0,48,26,4
2026-04-15T15:13:22.590,-11.560,0,,0,48,26,4
2026-04-15T15:13:23.580,-11.547,0,,0,48,26,4
2026-04-15T15:13:24.580,-11.556,0,,0,48,26,4
2026-04-15T15:13:25.580,-11.567,0,,0,48,26,4
2026-04-15T15:13:26.580,-11.563,0,,0,48,26,4
2026-04-15T15:13:27.580,-11.553,0,,0,48,26,4
2026-04-15T15:13:28.580,-11.558,0,,0,48,26,4
2026-04-15T15:13:29.580,-11.559,0,,0,48,26,4
2026-04-15T15:13:30.580,-11.560,0,,0,48,26,4
2026-04-15T15:13:31.580,-11.550,0,,0,48,26,4
2026-04-15T15:13:32.580,-11.540,0,,0,48,26,4
2026-04-15T15:13:33.580,-11.554,0,,0,48,26,4
2026-04-15T15:13:34.580,-11.548,0,,0,48,26,4
2026-04-15T15:13:35.580,-11.552,0,,0,48,26,4
2026-04-15T15:13:36.580,-11.541,0,,0,48,26,4
2026-04-15T15:13:37.580,-11.526,0,,0,48,26,4
2026-04-15T15:13:38.580,-11.534,0,,0,48,26,4
2026-04-15T15:13:39.580,-11.535,0,,0,48,26,4
2026-04-15T15:13:40.580,-11.547,0,,0,48,26,4
2026-04-15T15:13:41.580,-11.561,0,,0,48,26,4
2026-04-15T15:13:42.580,-11.555,0,,0,48,26,4
2026-04-15T15:13:43.580,-11.540,0,,0,48,26,4
2026-04-15T15:13:44.580,-11.535,0,,0,48,26,4
2026-04-15T15:13:45.580,-11.539,0,,0,48,26,4
2026-04-15T15:13:46.580,-11.535,0,,0,48,26,4
2026-04-15T15:13:47.580,-11.547,0,,0,48,26,4
2026-04-15T15:13:48.580,-11.552,0,,0,48,26,4
2026-04-15T15:13:49.580,-11.551,0,,0,48,26,4
2026-04-15T15:13:50.700,-11.552,0,,0,48,26,4
2026-04-15T15:13:51.580,-11.556,0,,0,48,26,4
2026-04-15T15:13:52.580,-11.559,0,,0,48,26,4
2026-04-15T15:13:53.590,-11.566,0,,0,48,26,4
2026-04-15T15:13:54.580,-11.545,0,,0,48,26,4
2026-04-15T15:13:55.580,-11.561,0,,0,48,26,4
2026-04-15T15:13:56.580,-11.558,0,,0,48,26,4
2026-04-15T15:13:57.580,-11.561,0,,0,48,26,4
2026-04-15T15:13:58.580,-11.579,0,Image_131.png,0,48,26,4
2026-04-15T15:13:59.990,-11.580,0,,0,48,26,4
2026-04-15T15:14:00.580,-11.566,0,,0,48,26,4
2026-04-15T15:14:01.580,-11.581,0,,0,48,26,4
2026-04-15T15:14:02.580,-11.579,0,,0,48,26,4
2026-04-15T15:14:03.580,-11.605,0,,0,48,26,4
2026-04-15T15:14:04.580,-11.617,0,,0,48,26,4
2026-04-15T15:14:05.580,-11.611,0,,0,48,26,4
2026-04-15T15:14:06.580,-11.596,0,,0,48,26,4
2026-04-15T15:14:07.580,-11.603,0,,0,48,26,4
2026-04-15T15:14:08.590,-11.610,0,,0,48,26,4
2026-04-15T15:14:09.580,-11.604,0,,0,48,26,4
2026-04-15T15:14:10.580,-11.610,0,,0,48,26,4
2026-04-15T15:14:11.580,-11.591,0,,0,48,26,4
2026-04-15T15:14:12.580,-11.590,0,,0,48,26,4
2026-04-15T15:14:13.580,-11.595,0,,0,48,26,4
2026-04-15T15:14:14.580,-11.611,0,,0,48,26,4
2026-04-15T15:14:15.580,-11.631,0,,0,48,26,4
2026-04-15T15:14:16.580,-11.632,0,,0,48,26,4
2026-04-15T15:14:17.590,-11.635,0,,0,48,26,4
2026-04-15T15:14:18.580,-11.638,0,,0,48,26,4
2026-04-15T15:14:19.580,-11.631,0,,0,48,26,4
2026-04-15T15:14:20.590,-11.608,0,,0,48,26,4
2026-04-15T15:14:21.580,-11.626,0,,0,48,26,4
2026-04-15T15:14:22.580,-11.615,0,,0,48,26,4
2026-04-15T15:14:23.580,-11.624,0,,0,48,26,4
2026-04-15T15:14:24.600,-11.627,0,,0,48,26,4
2026-04-15T15:14:25.600,-11.622,0,,0,48,26,4
2026-04-15T15:14:26.580,-11.602,0,,0,48,26,4
2026-04-15T15:14:27.580,-11.614,0,,0,48,26,4
2026-04-15T15:14:28.580,-11.602,0,,0,48,26,4
2026-04-15T15:14:29.580,-11.621,0,,0,48,26,4
2026-04-15T15:14:30.580,-11.621,0,,0,48,26,4
2026-04-15T15:14:31.580,-11.621,0,,0,48,26,4
2026-04-15T15:14:32.580,-11.625,0,,0,48,26,4
2026-04-15T15:14:33.580,-11.613,0,,0,48,26,4
2026-04-15T15:14:34.580,-11.613,0,,0,48,26,4
2026-04-15T15:14:35.590,-11.604,0,,0,48,26,4
2026-04-15T15:14:36.590,-11.591,0,,0,48,26,4
2026-04-15T15:14:37.580,-11.620,0,,0,48,26,4
2026-04-15T15:14:38.580,-11.630,0,,0,48,26,4
2026-04-15T15:14:39.580,-11.651,0,,0,48,26,4
2026-04-15T15:14:41.540,-11.633,0,,0,48,26,4
2026-04-15T15:14:42.580,-11.642,0,,0,48,26,4
2026-04-15T15:14:43.580,-11.641,0,,0,48,26,4
2026-04-15T15:14:44.590,-11.645,0,,0,48,26,4
2026-04-15T15:14:45.580,-11.635,0,,0,48,26,4
2026-04-15T15:14:46.580,-11.610,0,,0,48,26,4
2026-04-15T15:14:47.580,-11.622,0,,0,48,26,4
2026-04-15T15:14:48.580,-11.621,0,,0,48,26,4
2026-04-15T15:14:49.580,-11.646,0,,0,48,26,4
2026-04-15T15:14:50.580,-11.648,0,,0,48,26,4
2026-04-15T15:14:51.580,-11.629,0,,0,48,26,4
2026-04-15T15:14:52.880,-11.601,0,,0,48,26,4
2026-04-15T15:14:53.590,-11.594,0,,0,48,26,4
2026-04-15T15:14:54.640,-11.614,0,,0,48,26,4
2026-04-15T15:14:55.590,-11.631,0,,0,48,26,4
2026-04-15T15:14:56.580,-11.631,0,,0,48,26,4
2026-04-15T15:14:57.580,-11.663,0,,0,48,26,4
2026-04-15T15:14:59.520,-11.627,0,Image_132.png,0,48,26,4
2026-04-15T15:15:00.260,-11.626,0,,0,48,26,4
2026-04-15T15:15:00.580,-11.646,0,,0,48,26,4
2026-04-15T15:15:01.580,-11.630,0,,0,48,26,4
2026-04-15T15:15:02.580,-11.650,0,,0,48,26,4
2026-04-15T15:15:03.590,-11.623,0,,0,48,26,4
2026-04-15T15:15:04.580,-11.607,0,,0,48,26,4
2026-04-15T15:15:05.580,-11.636,0,,0,48,26,4
2026-04-15T15:15:06.580,-11.629,0,,0,48,26,4
2026-04-15T15:15:07.580,-11.652,0,,0,48,26,4
2026-04-15T15:15:08.580,-11.655,0,,0,48,26,4
2026-04-15T15:15:09.580,-11.636,0,,0,48,26,4
2026-04-15T15:15:10.580,-11.646,0,,0,48,26,4
2026-04-15T15:15:11.590,-11.627,0,,0,48,26,4
2026-04-15T15:15:12.580,-11.608,0,,0,48,26,4
2026-04-15T15:15:13.580,-11.608,0,,0,48,26,4
2026-04-15T15:15:14.580,-11.610,0,,0,48,26,4
2026-04-15T15:15:15.580,-11.631,0,,0,48,26,4
2026-04-15T15:15:16.580,-11.658,0,,0,48,26,4
2026-04-15T15:15:17.580,-11.651,0,,0,48,26,4
2026-04-15T15:15:18.580,-11.634,0,,0,48,26,4
2026-04-15T15:15:19.580,-11.637,0,,0,48,26,4
2026-04-15T15:15:20.580,-11.636,0,,0,48,26,4
2026-04-15T15:15:21.580,-11.657,0,,0,48,26,4
2026-04-15T15:15:22.580,-11.664,0,,0,48,26,4
2026-04-15T15:15:23.580,-11.650,0,,0,48,26,4
2026-04-15T15:15:24.580,-11.626,0,,0,48,26,4
2026-04-15T15:15:25.580,-11.648,0,,0,48,26,4
2026-04-15T15:15:26.580,-11.656,0,,0,48,26,4
2026-04-15T15:15:27.580,-11.664,0,,0,48,26,4
2026-04-15T15:15:28.580,-11.685,0,,0,48,26,4
2026-04-15T15:15:29.580,-11.687,0,,0,48,26,4
2026-04-15T15:15:30.600,-11.686,0,,0,48,26,4
2026-04-15T15:15:31.580,-11.676,0,,0,48,26,4
2026-04-15T15:15:32.580,-11.683,0,,0,48,26,4
2026-04-15T15:15:33.600,-11.660,0,,0,48,26,4
2026-04-15T15:15:34.580,-11.665,0,,0,48,26,4
2026-04-15T15:15:35.580,-11.656,0,,0,48,26,4
2026-04-15T15:15:36.580,-11.661,0,,0,48,26,4
2026-04-15T15:15:37.580,-11.665,0,,0,48,26,4
2026-04-15T15:15:38.590,-11.675,0,,0,48,26,4
2026-04-15T15:15:39.580,-11.680,0,,0,48,26,4
2026-04-15T15:15:40.590,-11.677,0,,0,48,26,4
2026-04-15T15:15:41.590,-11.692,0,,0,48,26,4
2026-04-15T15:15:42.590,-11.691,0,,0,48,26,4
2026-04-15T15:15:43.580,-11.685,0,,0,48,26,4
2026-04-15T15:15:44.580,-11.685,0,,0,48,26,4
2026-04-15T15:15:45.580,-11.687,0,,0,48,26,4
2026-04-15T15:15:46.580,-11.689,0,,0,48,26,4
2026-04-15T15:15:47.590,-11.697,0,,0,48,26,4
2026-04-15T15:15:48.580,-11.682,0,,0,48,26,4
2026-04-15T15:15:49.580,-11.696,0,,0,48,26,4
2026-04-15T15:15:50.590,-11.693,0,,0,48,26,4
2026-04-15T15:15:51.580,-11.697,0,,0,48,26,4
2026-04-15T15:15:52.580,-11.688,0,,0,48,26,4
2026-04-15T15:15:53.580,-11.699,0,,0,48,26,4
2026-04-15T15:15:54.580,-11.691,0,,0,48,26,4
2026-04-15T15:15:55.580,-11.693,0,,0,48,26,4
2026-04-15T15:15:56.590,-11.690,0,,0,48,26,4
2026-04-15T15:15:57.580,-11.688,0,,0,48,26,4
2026-04-15T15:15:58.580,-11.704,0,,0,48,26,4
2026-04-15T15:15:59.580,-11.695,0,Image_133.png,0,48,26,4
2026-04-15T15:16:00.990,-11.689,0,,0,48,26,4
2026-04-15T15:16:01.580,-11.694,0,,0,48,26,4
2026-04-15T15:16:02.580,-11.702,0,,0,48,26,4
2026-04-15T15:16:03.580,-11.696,0,,0,48,26,4
2026-04-15T15:16:04.580,-11.692,0,,0,48,26,4
2026-04-15T15:16:05.590,-11.703,0,,0,48,26,4
2026-04-15T15:16:06.580,-11.698,0,,0,48,26,4
2026-04-15T15:16:07.600,-11.686,0,,0,48,26,4
2026-04-15T15:16:08.580,-11.693,0,,0,48,26,4
2026-04-15T15:16:09.580,-11.709,0,,0,48,26,4
2026-04-15T15:16:10.590,-11.704,0,,0,48,26,4
2026-04-15T15:16:11.580,-11.699,0,,0,48,26,4
2026-04-15T15:16:12.580,-11.703,0,,0,48,26,4
2026-04-15T15:16:13.580,-11.693,0,,0,48,26,4
2026-04-15T15:16:14.590,-11.681,0,,0,48,26,4
2026-04-15T15:16:15.580,-11.674,0,,0,48,26,4
2026-04-15T15:16:16.580,-11.682,0,,0,48,26,4
2026-04-15T15:16:17.580,-11.679,0,,0,48,26,4
2026-04-15T15:16:18.580,-11.679,0,,0,48,26,4
2026-04-15T15:16:19.580,-11.676,0,,0,48,26,4
2026-04-15T15:16:20.580,-11.683,0,,0,48,26,4
2026-04-15T15:16:21.580,-11.668,0,,0,48,26,4
2026-04-15T15:16:22.580,-11.681,0,,0,48,26,4
2026-04-15T15:16:23.580,-11.678,0,,0,48,26,4
2026-04-15T15:16:24.580,-11.677,0,,0,48,26,4
2026-04-15T15:16:25.580,-11.679,0,,0,48,26,4
2026-04-15T15:16:26.580,-11.681,0,,0,48,26,4
2026-04-15T15:16:27.580,-11.680,0,,0,48,26,4
2026-04-15T15:16:28.580,-11.664,0,,0,48,26,4
2026-04-15T15:16:29.580,-11.677,0,,0,48,26,4
2026-04-15T15:16:30.580,-11.674,0,,0,48,26,4
2026-04-15T15:16:31.580,-11.651,0,,0,48,26,4
2026-04-15T15:16:32.580,-11.650,0,,0,48,26,4
2026-04-15T15:16:33.580,-11.647,0,,0,48,26,4
2026-04-15T15:16:34.580,-11.658,0,,0,48,26,4
2026-04-15T15:16:35.580,-11.666,0,,0,48,26,4
2026-04-15T15:16:36.820,-11.671,0,,0,48,26,4
2026-04-15T15:16:37.580,-11.671,0,,0,48,26,4
2026-04-15T15:16:38.580,-11.674,0,,0,48,26,4
2026-04-15T15:16:39.580,-11.667,0,,0,48,26,4
2026-04-15T15:16:40.580,-11.674,0,,0,48,26,4
2026-04-15T15:16:41.580,-11.675,0,,0,48,26,4
2026-04-15T15:16:42.580,-11.674,0,,0,48,26,4
2026-04-15T15:16:43.580,-11.674,0,,0,48,26,4
2026-04-15T15:16:44.580,-11.659,0,,0,48,26,4
2026-04-15T15:16:45.580,-11.651,0,,0,48,26,4
2026-04-15T15:16:46.580,-11.654,0,,0,48,26,4
2026-04-15T15:16:47.610,-11.652,0,,0,48,26,4
2026-04-15T15:16:48.580,-11.668,0,,0,48,26,4
2026-04-15T15:16:49.580,-11.666,0,,0,48,26,4
2026-04-15T15:16:50.640,-11.679,0,,0,48,26,4
2026-04-15T15:16:51.580,-11.672,0,,0,48,26,4
2026-04-15T15:16:52.580,-11.681,0,,0,48,26,4
2026-04-15T15:16:53.580,-11.671,0,,0,48,26,4
2026-04-15T15:16:54.580,-11.670,0,,0,48,26,4
2026-04-15T15:16:55.580,-11.678,0,,0,48,26,4
2026-04-15T15:16:56.590,-11.682,0,,0,48,26,4
2026-04-15T15:16:57.580,-11.679,0,,0,48,26,4
2026-04-15T15:16:58.580,-11.648,0,,0,48,26,4
2026-04-15T15:16:59.580,-11.658,0,Image_134.png,0,48,26,4
2026-04-15T15:17:01.020,-11.660,0,,0,48,26,4
2026-04-15T15:17:01.580,-11.667,0,,0,48,26,4
2026-04-15T15:17:02.580,-11.668,0,,0,48,26,4
2026-04-15T15:17:03.580,-11.681,0,,0,48,26,4
2026-04-15T15:17:04.580,-11.673,0,,0,48,26,4
2026-04-15T15:17:05.580,-11.667,0,,0,48,26,4
2026-04-15T15:17:06.580,-11.677,0,,0,48,26,4
2026-04-15T15:17:07.580,-11.676,0,,0,48,26,4
2026-04-15T15:17:08.620,-11.667,0,,0,48,26,4
2026-04-15T15:17:09.600,-11.678,0,,0,48,26,4
2026-04-15T15:17:10.580,-11.673,0,,0,48,26,4
2026-04-15T15:17:11.580,-11.672,0,,0,48,26,4
2026-04-15T15:17:12.590,-11.681,0,,0,48,26,4
2026-04-15T15:17:13.580,-11.668,0,,0,48,26,4
2026-04-15T15:17:14.600,-11.678,0,,0,48,26,4
2026-04-15T15:17:15.580,-11.676,0,,0,48,26,4
2026-04-15T15:17:16.620,-11.668,0,,0,48,26,4
2026-04-15T15:17:17.580,-11.675,0,,0,48,26,4
2026-04-15T15:17:18.600,-11.668,0,,0,48,26,4
2026-04-15T15:17:19.580,-11.680,0,,0,48,26,4
2026-04-15T15:17:20.580,-11.660,0,,0,48,26,4
2026-04-15T15:17:21.580,-11.669,0,,0,48,26,4
2026-04-15T15:17:22.580,-11.662,0,,0,48,26,4
2026-04-15T15:17:23.580,-11.680,0,,0,48,26,4
2026-04-15T15:17:24.580,-11.668,0,,0,48,26,4
2026-04-15T15:17:25.580,-11.670,0,,0,48,26,4
2026-04-15T15:17:26.580,-11.674,0,,0,48,26,4
2026-04-15T15:17:27.580,-11.661,0,,0,48,26,4
2026-04-15T15:17:28.580,-11.667,0,,0,48,26,4
2026-04-15T15:17:29.580,-11.651,0,,0,48,26,4
2026-04-15T15:17:30.580,-11.656,0,,0,48,26,4
2026-04-15T15:17:31.590,-11.632,0,,0,48,26,4
2026-04-15T15:17:32.590,-11.634,0,,0,48,26,4
2026-04-15T15:17:33.580,-11.662,0,,0,48,26,4
2026-04-15T15:17:34.580,-11.659,0,,0,48,26,4
2026-04-15T15:17:35.580,-11.673,0,,0,48,26,4
2026-04-15T15:17:36.580,-11.676,0,,0,48,26,4
2026-04-15T15:17:37.580,-11.676,0,,0,48,26,4
2026-04-15T15:17:38.580,-11.666,0,,0,48,26,4
2026-04-15T15:17:39.580,-11.673,0,,0,48,26,4
2026-04-15T15:17:40.580,-11.677,0,,0,48,26,4
2026-04-15T15:17:41.580,-11.677,0,,0,48,26,4
2026-04-15T15:17:42.600,-11.671,0,,0,48,26,4
2026-04-15T15:17:43.590,-11.658,0,,0,48,26,4
2026-04-15T15:17:44.790,-11.639,0,,0,48,26,4
2026-04-15T15:17:45.580,-11.639,0,,0,48,26,4
2026-04-15T15:17:46.580,-11.636,0,,0,48,26,4
2026-04-15T15:17:47.580,-11.658,0,,0,48,26,4
2026-04-15T15:17:48.580,-11.652,0,,0,48,26,4
2026-04-15T15:17:49.580,-11.672,0,,0,48,26,4
2026-04-15T15:17:50.580,-11.676,0,,0,48,26,4
2026-04-15T15:17:51.580,-11.659,0,,0,48,26,4
2026-04-15T15:17:52.580,-11.648,0,,0,48,26,4
2026-04-15T15:17:53.580,-11.649,0,,0,48,26,4
2026-04-15T15:17:54.590,-11.652,0,,0,48,26,4
2026-04-15T15:17:55.580,-11.664,0,,0,48,26,4
2026-04-15T15:17:56.850,-11.677,0,,0,48,26,4
2026-04-15T15:17:57.590,-11.688,0,,0,48,26,4
2026-04-15T15:17:58.580,-11.690,0,,0,48,26,4
2026-04-15T15:17:59.590,-11.678,0,,0,48,26,4
2026-04-15T15:18:00.580,-11.677,0,Image_135.png,0,48,26,4
2026-04-15T15:18:02.020,-11.675,0,,0,48,26,4
2026-04-15T15:18:02.580,-11.680,0,,0,48,26,4
2026-04-15T15:18:03.580,-11.677,0,,0,48,26,4
2026-04-15T15:18:04.590,-11.679,0,,0,48,26,4
2026-04-15T15:18:05.580,-11.686,0,,0,48,26,4
2026-04-15T15:18:06.590,-11.679,0,,0,48,26,4
2026-04-15T15:18:07.580,-11.689,0,,0,48,26,4
2026-04-15T15:18:08.580,-11.676,0,,0,48,26,4
2026-04-15T15:18:09.580,-11.682,0,,0,48,26,4
2026-04-15T15:18:10.580,-11.683,0,,0,48,26,4
2026-04-15T15:18:11.580,-11.683,0,,0,48,26,4
2026-04-15T15:18:12.580,-11.687,0,,0,48,26,4
2026-04-15T15:18:13.580,-11.680,0,,0,48,26,4
2026-04-15T15:18:14.580,-11.683,0,,0,48,26,4
2026-04-15T15:18:15.580,-11.681,0,,0,48,26,4
2026-04-15T15:18:16.590,-11.690,0,,0,48,26,4
2026-04-15T15:18:17.580,-11.691,0,,0,48,26,4
2026-04-15T15:18:18.580,-11.690,0,,0,48,26,4
2026-04-15T15:18:19.590,-11.691,0,,0,48,26,4
2026-04-15T15:18:20.590,-11.699,0,,0,48,26,4
2026-04-15T15:18:21.580,-11.701,0,,0,48,26,4
2026-04-15T15:18:22.580,-11.695,0,,0,48,26,4
2026-04-15T15:18:23.580,-11.690,0,,0,48,26,4
2026-04-15T15:18:24.580,-11.676,0,,0,48,26,4
2026-04-15T15:18:25.580,-11.691,0,,0,48,26,4
2026-04-15T15:18:26.580,-11.689,0,,0,48,26,4
2026-04-15T15:18:27.580,-11.690,0,,0,48,26,4
2026-04-15T15:18:28.580,-11.709,0,,0,48,26,4
2026-04-15T15:18:29.590,-11.711,0,,0,48,26,4
2026-04-15T15:18:30.580,-11.724,0,,0,48,26,4
2026-04-15T15:18:31.580,-11.703,0,,0,48,26,4
2026-04-15T15:18:32.580,-11.691,0,,0,48,26,4
2026-04-15T15:18:33.580,-11.677,0,,0,48,26,4
2026-04-15T15:18:34.700,-11.675,0,,0,48,26,4
2026-04-15T15:18:35.590,-11.703,0,,0,48,26,4
2026-04-15T15:18:36.600,-11.716,0,,0,48,26,4
2026-04-15T15:18:37.580,-11.719,0,,0,48,26,4
2026-04-15T15:18:39.000,-11.712,0,,0,48,26,4
2026-04-15T15:18:39.580,-11.690,0,,0,48,26,4
2026-04-15T15:18:40.580,-11.676,0,,0,48,26,4
2026-04-15T15:18:41.580,-11.690,0,,0,48,26,4
2026-04-15T15:18:42.830,-11.717,0,,0,48,26,4
2026-04-15T15:18:43.580,-11.725,0,,0,48,26,4
2026-04-15T15:18:44.580,-11.745,0,,0,48,26,4
2026-04-15T15:18:45.580,-11.736,0,,0,48,26,4
2026-04-15T15:18:46.580,-11.724,0,,0,48,26,4
2026-04-15T15:18:47.580,-11.717,0,,0,48,26,4
2026-04-15T15:18:49.120,-11.729,0,,0,48,26,4
2026-04-15T15:18:49.580,-11.731,0,,0,48,26,4
2026-04-15T15:18:50.580,-11.732,0,,0,48,26,4
2026-04-15T15:18:51.600,-11.711,0,,0,48,26,4
2026-04-15T15:18:52.590,-11.703,0,,0,48,26,4
2026-04-15T15:18:53.590,-11.717,0,,0,48,26,4
2026-04-15T15:18:54.580,-11.731,0,,0,48,26,4
2026-04-15T15:18:55.580,-11.748,0,,0,48,26,4
2026-04-15T15:18:56.580,-11.754,0,,0,48,26,4
2026-04-15T15:18:57.580,-11.759,0,,0,48,26,4
2026-04-15T15:18:58.580,-11.731,0,,0,48,26,4
2026-04-15T15:18:59.580,-11.719,0,,0,48,26,4
2026-04-15T15:19:00.580,-11.733,0,,0,48,26,4
2026-04-15T15:19:01.580,-11.719,0,Image_136.png,0,48,26,4
2026-04-15T15:19:02.990,-11.725,0,,0,48,26,4
2026-04-15T15:19:03.580,-11.736,0,,0,48,26,4
2026-04-15T15:19:04.580,-11.727,0,,0,48,26,4
2026-04-15T15:19:05.580,-11.742,0,,0,48,26,4
2026-04-15T15:19:06.580,-11.745,0,,0,48,26,4
2026-04-15T15:19:07.580,-11.720,0,,0,48,26,4
2026-04-15T15:19:08.590,-11.736,0,,0,48,26,4
2026-04-15T15:19:09.580,-11.734,0,,0,48,26,4
2026-04-15T15:19:10.610,-11.726,0,,0,48,26,4
2026-04-15T15:19:11.580,-11.735,0,,0,48,26,4
2026-04-15T15:19:12.620,-11.740,0,,0,48,26,4
2026-04-15T15:19:13.580,-11.718,0,,0,48,26,4
2026-04-15T15:19:14.580,-11.740,0,,0,48,26,4
2026-04-15T15:19:15.580,-11.736,0,,0,48,26,4
2026-04-15T15:19:16.690,-11.739,0,,0,48,26,4
2026-04-15T15:19:17.580,-11.749,0,,0,48,26,4
2026-04-15T15:19:18.580,-11.728,0,,0,48,26,4
2026-04-15T15:19:19.580,-11.737,0,,0,48,26,4
2026-04-15T15:19:20.580,-11.730,0,,0,48,26,4
2026-04-15T15:19:21.580,-11.745,0,,0,48,26,4
2026-04-15T15:19:22.580,-11.758,0,,0,48,26,4
2026-04-15T15:19:23.580,-11.756,0,,0,48,26,4
2026-04-15T15:19:24.780,-11.741,0,,0,48,26,4
2026-04-15T15:19:25.580,-11.755,0,,0,48,26,4
2026-04-15T15:19:26.580,-11.737,0,,0,48,26,4
2026-04-15T15:19:27.580,-11.746,0,,0,48,26,4
2026-04-15T15:19:28.580,-11.743,0,,0,48,26,4
2026-04-15T15:19:29.580,-11.753,0,,0,48,26,4
2026-04-15T15:19:30.670,-11.775,0,,0,48,26,4
2026-04-15T15:19:31.580,-11.759,0,,0,48,26,4
2026-04-15T15:19:32.580,-11.757,0,,0,48,26,4
2026-04-15T15:19:33.580,-11.767,0,,0,48,26,4
2026-04-15T15:19:34.580,-11.756,0,,0,48,26,4
2026-04-15T15:19:35.580,-11.768,0,,0,48,26,4
2026-04-15T15:19:37.160,-11.787,0,,0,48,26,4
2026-04-15T15:19:37.600,-11.787,0,,0,48,26,4
2026-04-15T15:19:38.580,-11.779,0,,0,48,26,4
2026-04-15T15:19:39.580,-11.788,0,,0,48,26,4
2026-04-15T15:19:40.580,-11.800,0,,0,48,26,4
2026-04-15T15:19:41.590,-11.793,0,,0,48,26,4
2026-04-15T15:19:43.460,-11.799,0,,0,48,26,4
2026-04-15T15:19:43.770,-11.795,0,,0,48,26,4
2026-04-15T15:19:44.860,-11.777,0,,0,48,26,4
2026-04-15T15:19:45.590,-11.787,0,,0,48,26,4
2026-04-15T15:19:46.580,-11.796,0,,0,48,26,4
2026-04-15T15:19:47.580,-11.795,0,,0,48,26,4
2026-04-15T15:19:48.590,-11.794,0,,0,48,26,4
2026-04-15T15:19:49.580,-11.804,0,,0,48,26,4
2026-04-15T15:19:50.580,-11.816,0,,0,48,26,4
2026-04-15T15:19:51.580,-11.833,0,,0,48,26,4
2026-04-15T15:19:52.580,-11.839,0,,0,48,26,4
2026-04-15T15:19:53.580,-11.823,0,,0,48,26,4
2026-04-15T15:19:54.590,-11.813,0,,0,48,26,4
2026-04-15T15:19:55.580,-11.820,0,,0,48,26,4
2026-04-15T15:19:56.580,-11.825,0,,0,48,26,4
2026-04-15T15:19:57.580,-11.820,0,,0,48,26,4
2026-04-15T15:19:58.580,-11.818,0,,0,48,26,4
2026-04-15T15:19:59.590,-11.820,0,,0,48,26,4
2026-04-15T15:20:00.580,-11.812,0,,0,48,26,4
2026-04-15T15:20:01.590,-11.817,0,Image_137.png,0,48,26,4
2026-04-15T15:20:02.980,-11.811,0,,0,48,26,4
2026-04-15T15:20:03.580,-11.826,0,,0,48,26,4
2026-04-15T15:20:04.590,-11.813,0,,0,48,26,4
2026-04-15T15:20:05.590,-11.811,0,,0,48,26,4
2026-04-15T15:20:06.580,-11.821,0,,0,48,26,4
2026-04-15T15:20:07.580,-11.821,0,,0,48,26,4
2026-04-15T15:20:08.580,-11.831,0,,0,48,26,4
2026-04-15T15:20:09.580,-11.821,0,,0,48,26,4
2026-04-15T15:20:11.020,-11.824,0,,0,48,26,4
2026-04-15T15:20:11.590,-11.839,0,,0,48,26,4
2026-04-15T15:20:12.580,-11.819,0,,0,48,26,4
2026-04-15T15:20:13.580,-11.831,0,,0,48,26,4
2026-04-15T15:20:14.580,-11.825,0,,0,48,26,4
2026-04-15T15:20:15.580,-11.826,0,,0,48,26,4
2026-04-15T15:20:16.580,-11.832,0,,0,48,26,4
2026-04-15T15:20:17.580,-11.813,0,,0,48,26,4
2026-04-15T15:20:19.140,-11.800,0,,0,48,26,4
2026-04-15T15:20:19.580,-11.806,0,,0,48,26,4
2026-04-15T15:20:20.580,-11.806,0,,0,48,26,4
2026-04-15T15:20:21.580,-11.796,0,,0,48,26,4
2026-04-15T15:20:22.600,-11.810,0,,0,48,26,4
2026-04-15T15:20:23.580,-11.788,0,,0,48,26,4
2026-04-15T15:20:24.580,-11.820,0,,0,48,26,4
2026-04-15T15:20:25.580,-11.827,0,,0,48,26,4
2026-04-15T15:20:27.350,-11.854,0,,0,48,26,4
2026-04-15T15:20:27.660,-11.855,0,,0,48,26,4
2026-04-15T15:20:28.580,-11.846,0,,0,48,26,4
2026-04-15T15:20:29.580,-11.836,0,,0,48,26,4
2026-04-15T15:20:30.600,-11.823,0,,0,48,26,4
2026-04-15T15:20:31.580,-11.828,0,,0,48,26,4
2026-04-15T15:20:32.580,-11.818,0,,0,48,26,4
2026-04-15T15:20:33.580,-11.812,0,,0,48,26,4
2026-04-15T15:20:34.580,-11.824,0,,0,48,26,4
2026-04-15T15:20:35.580,-11.818,0,,0,48,26,4
2026-04-15T15:20:36.580,-11.822,0,,0,48,26,4
2026-04-15T15:20:37.580,-11.817,0,,0,48,26,4
2026-04-15T15:20:38.580,-11.824,0,,0,48,26,4
2026-04-15T15:20:39.580,-11.828,0,,0,48,26,4
2026-04-15T15:20:40.590,-11.824,0,,0,48,26,4
2026-04-15T15:20:41.580,-11.829,0,,0,48,26,4
2026-04-15T15:20:42.580,-11.821,0,,0,48,26,4
2026-04-15T15:20:43.590,-11.817,0,,0,48,26,4
2026-04-15T15:20:44.720,-11.832,0,,0,48,26,4
2026-04-15T15:20:45.600,-11.844,0,,0,48,26,4
2026-04-15T15:20:46.590,-11.835,0,,0,48,26,4
2026-04-15T15:20:47.580,-11.832,0,,0,48,26,4
2026-04-15T15:20:48.580,-11.841,0,,0,48,26,4
2026-04-15T15:20:49.580,-11.849,0,,0,48,26,4
2026-04-15T15:20:50.580,-11.840,0,,0,48,26,4
2026-04-15T15:20:51.580,-11.850,0,,0,48,26,4
2026-04-15T15:20:52.580,-11.837,0,,0,48,26,4
2026-04-15T15:20:53.590,-11.852,0,,0,48,26,4
2026-04-15T15:20:54.580,-11.859,0,,0,48,26,4
2026-04-15T15:20:55.590,-11.843,0,,0,48,26,4
2026-04-15T15:20:56.580,-11.852,0,,0,48,26,4
2026-04-15T15:20:57.580,-11.856,0,,0,48,26,4
2026-04-15T15:20:58.580,-11.864,0,,0,48,26,4
2026-04-15T15:20:59.580,-11.836,0,,0,48,26,4
2026-04-15T15:21:00.590,-11.856,0,,0,48,26,4
2026-04-15T15:21:01.590,-11.845,0,Image_138.png,0,48,26,4
2026-04-15T15:21:03.010,-11.857,0,,0,48,26,4
2026-04-15T15:21:03.580,-11.855,0,,0,48,26,4
2026-04-15T15:21:04.580,-11.848,0,,0,48,26,4
2026-04-15T15:21:05.580,-11.849,0,,0,48,26,4
2026-04-15T15:21:06.580,-11.849,0,,0,48,26,4
2026-04-15T15:21:07.580,-11.850,0,,0,48,26,4
2026-04-15T15:21:08.580,-11.861,0,,0,48,26,4
2026-04-15T15:21:09.580,-11.840,0,,0,48,26,4
2026-04-15T15:21:10.580,-11.849,0,,0,48,26,4
2026-04-15T15:21:11.580,-11.848,0,,0,48,26,4
2026-04-15T15:21:12.580,-11.848,0,,0,48,26,4
2026-04-15T15:21:13.590,-11.851,0,,0,48,26,4
2026-04-15T15:21:14.590,-11.841,0,,0,48,26,4
2026-04-15T15:21:15.580,-11.837,0,,0,48,26,4
2026-04-15T15:21:16.580,-11.820,0,,0,48,26,4
2026-04-15T15:21:17.580,-11.842,0,,0,48,26,4
2026-04-15T15:21:18.580,-11.819,0,,0,48,26,4
2026-04-15T15:21:19.580,-11.817,0,,0,48,26,4
2026-04-15T15:21:20.630,-11.844,0,,0,48,26,4
2026-04-15T15:21:21.600,-11.822,0,,0,48,26,4
2026-04-15T15:21:22.590,-11.834,0,,0,48,26,4
2026-04-15T15:21:23.580,-11.839,0,,0,48,26,4
2026-04-15T15:21:24.600,-11.824,0,,0,48,26,4
2026-04-15T15:21:25.580,-11.833,0,,0,48,26,4
2026-04-15T15:21:26.580,-11.808,0,,0,48,26,4
2026-04-15T15:21:27.590,-11.806,0,,0,48,26,4
2026-04-15T15:21:28.580,-11.797,0,,0,48,26,4
2026-04-15T15:21:29.580,-11.801,0,,0,48,26,4
2026-04-15T15:21:30.580,-11.794,0,,0,48,26,4
2026-04-15T15:21:31.580,-11.807,0,,0,48,26,4
2026-04-15T15:21:32.590,-11.790,0,,0,48,26,4
2026-04-15T15:21:33.580,-11.792,0,,0,48,26,4
2026-04-15T15:21:34.580,-11.812,0,,0,48,26,4
2026-04-15T15:21:35.580,-11.800,0,,0,48,26,4
2026-04-15T15:21:36.760,-11.805,0,,0,48,26,4
2026-04-15T15:21:37.580,-11.809,0,,0,48,26,4
2026-04-15T15:21:38.580,-11.788,0,,0,48,26,4
2026-04-15T15:21:39.580,-11.788,0,,0,48,26,4
2026-04-15T15:21:40.590,-11.780,0,,0,48,26,4
2026-04-15T15:21:41.580,-11.793,0,,0,48,26,4
2026-04-15T15:21:42.580,-11.778,0,,0,48,26,4
2026-04-15T15:21:43.580,-11.776,0,,0,48,26,4
2026-04-15T15:21:44.810,-11.771,0,,0,48,26,4
2026-04-15T15:21:45.580,-11.778,0,,0,48,26,4
2026-04-15T15:21:46.730,-11.795,0,,0,48,26,4
2026-04-15T15:21:47.580,-11.783,0,,0,48,26,4
2026-04-15T15:21:48.580,-11.779,0,,0,48,26,4
2026-04-15T15:21:49.580,-11.783,0,,0,48,26,4
2026-04-15T15:21:50.580,-11.751,0,,0,48,26,4
2026-04-15T15:21:51.580,-11.761,0,,0,48,26,4
2026-04-15T15:21:52.580,-11.760,0,,0,48,26,4
2026-04-15T15:21:53.580,-11.756,0,,0,48,26,4
2026-04-15T15:21:54.580,-11.751,0,,0,48,26,4
2026-04-15T15:21:55.580,-11.749,0,,0,48,26,4
2026-04-15T15:21:56.580,-11.748,0,,0,48,26,4
2026-04-15T15:21:57.590,-11.749,0,,0,48,26,4
2026-04-15T15:21:58.590,-11.752,0,,0,48,26,4
2026-04-15T15:21:59.580,-11.765,0,,0,48,26,4
2026-04-15T15:22:00.780,-11.779,0,,0,48,26,4
2026-04-15T15:22:01.580,-11.773,0,,0,48,26,4
2026-04-15T15:22:02.580,-11.762,0,Image_139.png,0,48,26,4
2026-04-15T15:22:03.990,-11.738,0,,0,48,26,4
2026-04-15T15:22:04.580,-11.751,0,,0,48,26,4
2026-04-15T15:22:05.580,-11.742,0,,0,48,26,4
2026-04-15T15:22:06.580,-11.738,0,,0,48,26,4
2026-04-15T15:22:07.580,-11.735,0,,0,48,26,4
2026-04-15T15:22:08.580,-11.737,0,,0,48,26,4
2026-04-15T15:22:09.580,-11.723,0,,0,48,26,4
2026-04-15T15:22:10.630,-11.734,0,,0,48,26,4
2026-04-15T15:22:11.580,-11.738,0,,0,48,26,4
2026-04-15T15:22:12.580,-11.736,0,,0,48,26,4
2026-04-15T15:22:13.580,-11.734,0,,0,48,26,4
2026-04-15T15:22:14.580,-11.719,0,,0,48,26,4
2026-04-15T15:22:15.580,-11.719,0,,0,48,26,4
2026-04-15T15:22:16.580,-11.714,0,,0,48,26,4
2026-04-15T15:22:17.580,-11.715,0,,0,48,26,4
2026-04-15T15:22:18.590,-11.730,0,,0,48,26,4
2026-04-15T15:22:19.580,-11.736,0,,0,48,26,4
2026-04-15T15:22:20.940,-11.722,0,,0,48,26,4
2026-04-15T15:22:21.580,-11.714,0,,0,48,26,4
2026-04-15T15:22:22.590,-11.728,0,,0,48,26,4
2026-04-15T15:22:23.590,-11.724,0,,0,48,26,4
2026-04-15T15:22:24.580,-11.727,0,,0,48,26,4
2026-04-15T15:22:25.580,-11.715,0,,0,48,26,4
2026-04-15T15:22:26.580,-11.710,0,,0,48,26,4
2026-04-15T15:22:27.580,-11.721,0,,0,48,26,4
2026-04-15T15:22:28.590,-11.716,0,,0,48,26,4
2026-04-15T15:22:29.580,-11.709,0,,0,48,26,4
2026-04-15T15:22:30.590,-11.723,0,,0,48,26,4
2026-04-15T15:22:31.580,-11.714,0,,0,48,26,4
2026-04-15T15:22:32.580,-11.717,0,,0,48,26,4
2026-04-15T15:22:33.580,-11.720,0,,0,48,26,4
2026-04-15T15:22:34.580,-11.722,0,,0,48,26,4
2026-04-15T15:22:35.580,-11.726,0,,0,48,26,4
2026-04-15T15:22:36.590,-11.734,0,,0,48,26,4
2026-04-15T15:22:37.590,-11.722,0,,0,48,26,4
2026-04-15T15:22:38.590,-11.725,0,,0,48,26,4
2026-04-15T15:22:39.580,-11.713,0,,0,48,26,4
2026-04-15T15:22:40.580,-11.721,0,,0,48,26,4
2026-04-15T15:22:41.580,-11.743,0,,0,48,26,4
2026-04-15T15:22:42.580,-11.744,0,,0,48,26,4
2026-04-15T15:22:43.580,-11.737,0,,0,48,26,4
2026-04-15T15:22:44.580,-11.754,0,,0,48,26,4
2026-04-15T15:22:45.580,-11.741,0,,0,48,26,4
2026-04-15T15:22:46.580,-11.740,0,,0,48,26,4
2026-04-15T15:22:47.590,-11.755,0,,0,48,26,4
2026-04-15T15:22:48.580,-11.739,0,,0,48,26,4
2026-04-15T15:22:49.580,-11.748,0,,0,48,26,4
2026-04-15T15:22:50.580,-11.742,0,,0,48,26,4
2026-04-15T15:22:51.580,-11.728,0,,0,48,26,4
2026-04-15T15:22:52.580,-11.750,0,,0,48,26,4
2026-04-15T15:22:53.580,-11.735,0,,0,48,26,4
2026-04-15T15:22:54.580,-11.742,0,,0,48,26,4
2026-04-15T15:22:55.580,-11.733,0,,0,48,26,4
2026-04-15T15:22:56.580,-11.725,0,,0,48,26,4
2026-04-15T15:22:57.580,-11.734,0,,0,48,26,4
2026-04-15T15:22:58.580,-11.741,0,,0,48,26,4
2026-04-15T15:22:59.580,-11.736,0,,0,48,26,4
2026-04-15T15:23:00.580,-11.735,0,,0,48,26,4
2026-04-15T15:23:01.580,-11.743,0,,0,48,26,4
2026-04-15T15:23:02.580,-11.739,0,Image_140.png,0,48,26,4
2026-04-15T15:23:03.990,-11.740,0,,0,48,26,4
2026-04-15T15:23:04.580,-11.740,0,,0,48,26,4
2026-04-15T15:23:05.580,-11.727,0,,0,48,26,4
2026-04-15T15:23:06.600,-11.741,0,,0,48,26,4
2026-04-15T15:23:07.590,-11.723,0,,0,48,26,4
2026-04-15T15:23:08.580,-11.724,0,,0,48,26,4
2026-04-15T15:23:09.580,-11.725,0,,0,48,26,4
2026-04-15T15:23:10.580,-11.725,0,,0,48,26,4
2026-04-15T15:23:11.580,-11.724,0,,0,48,26,4
2026-04-15T15:23:12.590,-11.721,0,,0,48,26,4
2026-04-15T15:23:13.580,-11.714,0,,0,48,26,4
2026-04-15T15:23:14.580,-11.733,0,,0,48,26,4
2026-04-15T15:23:15.580,-11.733,0,,0,48,26,4
2026-04-15T15:23:16.580,-11.726,0,,0,48,26,4
2026-04-15T15:23:17.580,-11.724,0,,0,48,26,4
2026-04-15T15:23:18.580,-11.725,0,,0,48,26,4
2026-04-15T15:23:19.580,-11.710,0,,0,48,26,4
2026-04-15T15:23:20.580,-11.727,0,,0,48,26,4
2026-04-15T15:23:21.580,-11.716,0,,0,48,26,4
2026-04-15T15:23:22.650,-11.710,0,,0,48,26,4
2026-04-15T15:23:23.580,-11.728,0,,0,48,26,4
2026-04-15T15:23:24.580,-11.720,0,,0,48,26,4
2026-04-15T15:23:25.580,-11.721,0,,0,48,26,4
2026-04-15T15:23:26.580,-11.734,0,,0,48,26,4
2026-04-15T15:23:27.580,-11.724,0,,0,48,26,4
2026-04-15T15:23:28.590,-11.707,0,,0,48,26,4
2026-04-15T15:23:29.580,-11.715,0,,0,48,26,4
2026-04-15T15:23:30.580,-11.723,0,,0,48,26,4
2026-04-15T15:23:31.580,-11.705,0,,0,48,26,4
2026-04-15T15:23:32.580,-11.727,0,,0,48,26,4
2026-04-15T15:23:33.580,-11.730,0,,0,48,26,4
2026-04-15T15:23:34.610,-11.745,0,,0,48,26,4
2026-04-15T15:23:35.580,-11.730,0,,0,48,26,4
2026-04-15T15:23:36.590,-11.743,0,,0,48,26,4
2026-04-15T15:23:37.580,-11.747,0,,0,48,26,4
2026-04-15T15:23:38.580,-11.740,0,,0,48,26,4
2026-04-15T15:23:39.580,-11.731,0,,0,48,26,4
2026-04-15T15:23:40.580,-11.738,0,,0,48,26,4
2026-04-15T15:23:41.580,-11.747,0,,0,48,26,4
2026-04-15T15:23:42.580,-11.751,0,,0,48,26,4
2026-04-15T15:23:43.580,-11.744,0,,0,48,26,4
2026-04-15T15:23:44.580,-11.763,0,,0,48,26,4
2026-04-15T15:23:45.580,-11.748,0,,0,48,26,4
2026-04-15T15:23:46.580,-11.770,0,,0,48,26,4
2026-04-15T15:23:47.580,-11.756,0,,0,48,26,4
2026-04-15T15:23:48.580,-11.751,0,,0,48,26,4
2026-04-15T15:23:49.580,-11.743,0,,0,48,26,4
2026-04-15T15:23:50.600,-11.741,0,,0,48,26,4
2026-04-15T15:23:51.590,-11.752,0,,0,48,26,4
2026-04-15T15:23:52.590,-11.759,0,,0,48,26,4
2026-04-15T15:23:53.580,-11.767,0,,0,48,26,4
2026-04-15T15:23:54.580,-11.774,0,,0,48,26,4
2026-04-15T15:23:55.580,-11.779,0,,0,48,26,4
2026-04-15T15:23:56.580,-11.778,0,,0,48,26,4
2026-04-15T15:23:57.580,-11.768,0,,0,48,26,4
2026-04-15T15:23:58.580,-11.783,0,,0,48,26,4
2026-04-15T15:23:59.580,-11.770,0,,0,48,26,4
2026-04-15T15:24:00.580,-11.763,0,,0,48,26,4
2026-04-15T15:24:01.580,-11.765,0,,0,48,26,4
2026-04-15T15:24:02.580,-11.779,0,Image_141.png,0,48,26,4
2026-04-15T15:24:04.020,-11.763,0,,0,48,26,4
2026-04-15T15:24:04.580,-11.772,0,,0,48,26,4
2026-04-15T15:24:05.580,-11.761,0,,0,48,26,4
2026-04-15T15:24:06.580,-11.761,0,,0,48,26,4
2026-04-15T15:24:07.580,-11.747,0,,0,48,26,4
2026-04-15T15:24:08.590,-11.742,0,,0,48,26,4
2026-04-15T15:24:09.580,-11.737,0,,0,48,26,4
2026-04-15T15:24:10.580,-11.747,0,,0,48,26,4
2026-04-15T15:24:11.580,-11.742,0,,0,48,26,4
2026-04-15T15:24:12.580,-11.771,0,,0,48,26,4
2026-04-15T15:24:13.580,-11.764,0,,0,48,26,4
2026-04-15T15:24:14.580,-11.764,0,,0,48,26,4
2026-04-15T15:24:15.580,-11.735,0,,0,48,26,4
2026-04-15T15:24:16.580,-11.748,0,,0,48,26,4
2026-04-15T15:24:17.580,-11.725,0,,0,48,26,4
2026-04-15T15:24:18.850,-11.745,0,,0,48,26,4
2026-04-15T15:24:19.580,-11.744,0,,0,48,26,4
2026-04-15T15:24:20.580,-11.731,0,,0,48,26,4
2026-04-15T15:24:21.580,-11.754,0,,0,48,26,4
2026-04-15T15:24:22.680,-11.750,0,,0,48,26,4
2026-04-15T15:24:23.580,-11.722,0,,0,48,26,4
2026-04-15T15:24:24.580,-11.729,0,,0,48,26,4
2026-04-15T15:24:25.580,-11.714,0,,0,48,26,4
2026-04-15T15:24:26.580,-11.703,0,,0,48,26,4
2026-04-15T15:24:27.580,-11.734,0,,0,48,26,4
2026-04-15T15:24:28.580,-11.726,0,,0,48,26,4
2026-04-15T15:24:29.580,-11.744,0,,0,48,26,4
2026-04-15T15:24:30.580,-11.728,0,,0,48,26,4
2026-04-15T15:24:31.580,-11.724,0,,0,48,26,4
2026-04-15T15:24:32.580,-11.721,0,,0,48,26,4
2026-04-15T15:24:33.580,-11.705,0,,0,48,26,4
2026-04-15T15:24:34.580,-11.713,0,,0,48,26,4
2026-04-15T15:24:35.580,-11.726,0,,0,48,26,4
2026-04-15T15:24:36.580,-11.722,0,,0,48,26,4
2026-04-15T15:24:37.580,-11.706,0,,0,48,26,4
2026-04-15T15:24:38.580,-11.694,0,,0,48,26,4
2026-04-15T15:24:39.580,-11.699,0,,0,48,26,4
2026-04-15T15:24:40.590,-11.722,0,,0,48,26,4
2026-04-15T15:24:41.580,-11.709,0,,0,48,26,4
2026-04-15T15:24:42.580,-11.729,0,,0,48,26,4
2026-04-15T15:24:43.580,-11.729,0,,0,48,26,4
2026-04-15T15:24:44.590,-11.728,0,,0,48,26,4
2026-04-15T15:24:45.580,-11.722,0,,0,48,26,4
2026-04-15T15:24:46.580,-11.731,0,,0,48,26,4
2026-04-15T15:24:47.580,-11.732,0,,0,48,26,4
2026-04-15T15:24:48.580,-11.725,0,,0,48,26,4
2026-04-15T15:24:49.580,-11.704,0,,0,48,26,4
2026-04-15T15:24:50.580,-11.718,0,,0,48,26,4
2026-04-15T15:24:51.580,-11.714,0,,0,48,26,4
2026-04-15T15:24:52.580,-11.705,0,,0,48,26,4
2026-04-15T15:24:53.580,-11.705,0,,0,48,26,4
2026-04-15T15:24:54.580,-11.717,0,,0,48,26,4
2026-04-15T15:24:55.580,-11.691,0,,0,48,26,4
2026-04-15T15:24:57.230,-11.707,0,,0,48,26,4
2026-04-15T15:24:57.590,-11.704,0,,0,48,26,4
2026-04-15T15:24:58.580,-11.685,0,,0,48,26,4
2026-04-15T15:24:59.590,-11.688,0,,0,48,26,4
2026-04-15T15:25:00.590,-11.691,0,,0,48,26,4
2026-04-15T15:25:01.580,-11.685,0,,0,48,26,4
2026-04-15T15:25:02.580,-11.689,0,,0,48,26,4
2026-04-15T15:25:03.580,-11.701,0,Image_142.png,0,48,26,4
2026-04-15T15:25:05.000,-11.676,0,,0,48,26,4
2026-04-15T15:25:05.580,-11.679,0,,0,48,26,4
2026-04-15T15:25:06.590,-11.703,0,,0,48,26,4
2026-04-15T15:25:07.590,-11.693,0,,0,48,26,4
2026-04-15T15:25:08.580,-11.713,0,,0,48,26,4
2026-04-15T15:25:09.580,-11.701,0,,0,48,26,4
2026-04-15T15:25:10.580,-11.690,0,,0,48,26,4
2026-04-15T15:25:11.580,-11.677,0,,0,48,26,4
2026-04-15T15:25:12.580,-11.674,0,,0,48,26,4
2026-04-15T15:25:13.580,-11.687,0,,0,48,26,4
2026-04-15T15:25:14.610,-11.693,0,,0,48,26,4
2026-04-15T15:25:15.580,-11.701,0,,0,48,26,4
2026-04-15T15:25:16.580,-11.698,0,,0,48,26,4
2026-04-15T15:25:17.580,-11.686,0,,0,48,26,4
2026-04-15T15:25:18.580,-11.661,0,,0,48,26,4
2026-04-15T15:25:19.580,-11.651,0,,0,48,26,4
2026-04-15T15:25:20.580,-11.635,0,,0,48,26,4
2026-04-15T15:25:21.580,-11.655,0,,0,48,26,4
2026-04-15T15:25:22.580,-11.676,0,,0,48,26,4
2026-04-15T15:25:23.580,-11.680,0,,0,48,26,4
2026-04-15T15:25:24.590,-11.690,0,,0,48,26,4
2026-04-15T15:25:25.580,-11.684,0,,0,48,26,4
2026-04-15T15:25:26.680,-11.691,0,,0,48,26,4
2026-04-15T15:25:27.580,-11.690,0,,0,48,26,4
2026-04-15T15:25:28.580,-11.669,0,,0,48,26,4
2026-04-15T15:25:29.590,-11.670,0,,0,48,26,4
2026-04-15T15:25:30.580,-11.677,0,,0,48,26,4
2026-04-15T15:25:31.580,-11.678,0,,0,48,26,4
2026-04-15T15:25:32.580,-11.701,0,,0,48,26,4
2026-04-15T15:25:33.580,-11.689,0,,0,48,26,4
2026-04-15T15:25:34.670,-11.674,0,,0,48,26,4
2026-04-15T15:25:35.580,-11.677,0,,0,48,26,4
2026-04-15T15:25:36.590,-11.669,0,,0,48,26,4
2026-04-15T15:25:37.580,-11.675,0,,0,48,26,4
2026-04-15T15:25:38.580,-11.699,0,,0,48,26,4
2026-04-15T15:25:39.580,-11.687,0,,0,48,26,4
2026-04-15T15:25:40.580,-11.691,0,,0,48,26,4
2026-04-15T15:25:41.580,-11.690,0,,0,48,26,4
2026-04-15T15:25:42.580,-11.687,0,,0,48,26,4
2026-04-15T15:25:43.580,-11.690,0,,0,48,26,4
2026-04-15T15:25:44.580,-11.674,0,,0,48,26,4
2026-04-15T15:25:45.580,-11.684,0,,0,48,26,4
2026-04-15T15:25:46.580,-11.677,0,,0,48,26,4
2026-04-15T15:25:47.580,-11.692,0,,0,48,26,4
2026-04-15T15:25:48.580,-11.680,0,,0,48,26,4
2026-04-15T15:25:49.590,-11.687,0,,0,48,26,4
2026-04-15T15:25:50.590,-11.689,0,,0,48,26,4
2026-04-15T15:25:51.580,-11.691,0,,0,48,26,4
2026-04-15T15:25:52.630,-11.689,0,,0,48,26,4
2026-04-15T15:25:53.590,-11.681,0,,0,48,26,4
2026-04-15T15:25:54.590,-11.682,0,,0,48,26,4
2026-04-15T15:25:55.580,-11.678,0,,0,48,26,4
2026-04-15T15:25:56.580,-11.688,0,,0,48,26,4
2026-04-15T15:25:57.580,-11.680,0,,0,48,26,4
2026-04-15T15:25:58.590,-11.671,0,,0,48,26,4
2026-04-15T15:25:59.580,-11.702,0,,0,48,26,4
2026-04-15T15:26:00.580,-11.696,0,,0,48,26,4
2026-04-15T15:26:01.580,-11.714,0,,0,48,26,4
2026-04-15T15:26:02.590,-11.702,0,,0,48,26,4
2026-04-15T15:26:03.590,-11.706,0,Image_143.png,0,48,26,4
2026-04-15T15:26:05.110,-11.691,0,,0,48,26,4
2026-04-15T15:26:05.580,-11.684,0,,0,48,26,4
2026-04-15T15:26:06.580,-11.694,0,,0,48,26,4
2026-04-15T15:26:07.580,-11.691,0,,0,48,26,4
2026-04-15T15:26:08.580,-11.702,0,,0,48,26,4
2026-04-15T15:26:09.580,-11.718,0,,0,48,26,4
2026-04-15T15:26:10.580,-11.704,0,,0,48,27,4
2026-04-15T15:26:11.580,-11.715,0,,0,48,27,4
2026-04-15T15:26:12.580,-11.714,0,,0,48,27,4
2026-04-15T15:26:13.590,-11.712,0,,0,48,27,4
2026-04-15T15:26:14.580,-11.694,0,,0,48,27,4
2026-04-15T15:26:15.590,-11.691,0,,0,48,27,4
2026-04-15T15:26:17.110,-11.695,0,,0,48,27,4
2026-04-15T15:26:17.590,-11.708,0,,0,48,27,4
2026-04-15T15:26:18.580,-11.698,0,,0,48,27,4
2026-04-15T15:26:19.580,-11.695,0,,0,48,27,4
2026-04-15T15:26:20.590,-11.691,0,,0,48,27,4
2026-04-15T15:26:21.580,-11.689,0,,0,48,27,4
2026-04-15T15:26:22.580,-11.692,0,,0,48,27,4
2026-04-15T15:26:23.590,-11.695,0,,0,48,27,4
2026-04-15T15:26:24.580,-11.692,0,,0,48,27,4
2026-04-15T15:26:25.590,-11.691,0,,0,48,27,4
2026-04-15T15:26:26.580,-11.685,0,,0,48,27,4
2026-04-15T15:26:27.580,-11.691,0,,0,48,27,4
2026-04-15T15:26:28.590,-11.676,0,,0,48,27,4
2026-04-15T15:26:29.580,-11.688,0,,0,48,27,4
2026-04-15T15:26:30.650,-11.677,0,,0,48,27,4
2026-04-15T15:26:31.580,-11.696,0,,0,48,27,4
2026-04-15T15:26:32.580,-11.686,0,,0,48,27,4
2026-04-15T15:26:33.580,-11.671,0,,0,48,27,4
2026-04-15T15:26:34.580,-11.663,0,,0,48,27,4
2026-04-15T15:26:35.580,-11.671,0,,0,48,27,4
2026-04-15T15:26:36.590,-11.657,0,,0,48,27,4
2026-04-15T15:26:37.590,-11.663,0,,0,48,27,4
2026-04-15T15:26:38.590,-11.670,0,,0,48,27,4
2026-04-15T15:26:39.580,-11.661,0,,0,48,27,4
2026-04-15T15:26:40.580,-11.661,0,,0,48,27,4
2026-04-15T15:26:41.580,-11.667,0,,0,48,27,4
2026-04-15T15:26:42.580,-11.659,0,,0,48,27,4
2026-04-15T15:26:43.580,-11.666,0,,0,48,27,4
2026-04-15T15:26:44.580,-11.663,0,,0,48,27,4
2026-04-15T15:26:45.590,-11.670,0,,0,48,27,4
2026-04-15T15:26:46.670,-11.673,0,,0,48,27,4
2026-04-15T15:26:47.580,-11.656,0,,0,48,27,4
2026-04-15T15:26:48.630,-11.653,0,,0,48,27,4
2026-04-15T15:26:49.580,-11.667,0,,0,48,27,4
2026-04-15T15:26:50.580,-11.661,0,,0,48,27,4
2026-04-15T15:26:51.580,-11.654,0,,0,48,27,4
2026-04-15T15:26:52.580,-11.649,0,,0,48,27,4
2026-04-15T15:26:53.580,-11.661,0,,0,48,27,4
2026-04-15T15:26:54.690,-11.658,0,,0,48,27,4
2026-04-15T15:26:55.580,-11.646,0,,0,48,27,4
2026-04-15T15:26:56.770,-11.662,0,,0,48,27,4
2026-04-15T15:26:57.580,-11.657,0,,0,48,27,4
2026-04-15T15:26:58.580,-11.659,0,,0,48,27,4
2026-04-15T15:26:59.580,-11.644,0,,0,48,27,4
2026-04-15T15:27:00.590,-11.647,0,,0,48,27,4
2026-04-15T15:27:01.580,-11.653,0,,0,48,27,4
2026-04-15T15:27:02.580,-11.643,0,,0,48,27,4
2026-04-15T15:27:03.590,-11.649,0,Image_144.png,0,48,27,4
2026-04-15T15:27:04.990,-11.647,0,,0,48,27,4
2026-04-15T15:27:05.580,-11.661,0,,0,48,27,4
2026-04-15T15:27:06.580,-11.667,0,,0,48,27,4
2026-04-15T15:27:07.580,-11.668,0,,0,48,27,4
2026-04-15T15:27:08.580,-11.670,0,,0,48,27,4
2026-04-15T15:27:09.580,-11.671,0,,0,48,27,4
2026-04-15T15:27:10.580,-11.671,0,,0,48,27,4
2026-04-15T15:27:11.580,-11.673,0,,0,48,27,4
2026-04-15T15:27:12.580,-11.670,0,,0,48,27,4
2026-04-15T15:27:13.580,-11.682,0,,0,48,27,4
2026-04-15T15:27:14.580,-11.679,0,,0,48,27,4
2026-04-15T15:27:15.580,-11.693,0,,0,48,27,4
2026-04-15T15:27:16.580,-11.681,0,,0,48,27,4
2026-04-15T15:27:17.580,-11.697,0,,0,48,27,4
2026-04-15T15:27:18.580,-11.694,0,,0,48,27,4
2026-04-15T15:27:19.580,-11.688,0,,0,48,27,4
2026-04-15T15:27:20.580,-11.692,0,,0,48,27,4
2026-04-15T15:27:21.580,-11.701,0,,0,48,27,4
2026-04-15T15:27:22.780,-11.700,0,,0,48,27,4
2026-04-15T15:27:23.580,-11.698,0,,0,48,27,4
2026-04-15T15:27:24.580,-11.707,0,,0,48,27,4
2026-04-15T15:27:25.580,-11.702,0,,0,48,27,4
2026-04-15T15:27:26.590,-11.701,0,,0,48,27,4
2026-04-15T15:27:27.580,-11.717,0,,0,48,27,4
2026-04-15T15:27:28.700,-11.713,0,,0,48,27,4
2026-04-15T15:27:29.580,-11.720,0,,0,48,27,4
2026-04-15T15:27:30.580,-11.697,0,,0,48,27,4
2026-04-15T15:27:31.580,-11.700,0,,0,48,27,4
2026-04-15T15:27:32.580,-11.704,0,,0,48,27,4
2026-04-15T15:27:33.580,-11.693,0,,0,48,27,4
2026-04-15T15:27:34.580,-11.720,0,,0,48,27,4
2026-04-15T15:27:35.580,-11.722,0,,0,48,27,4
2026-04-15T15:27:36.580,-11.717,0,,0,48,27,4
2026-04-15T15:27:37.580,-11.729,0,,0,48,27,4
2026-04-15T15:27:38.810,-11.725,0,,0,48,27,4
2026-04-15T15:27:39.580,-11.734,0,,0,48,27,4
2026-04-15T15:27:40.580,-11.709,0,,0,48,27,4
2026-04-15T15:27:41.580,-11.715,0,,0,48,27,4
2026-04-15T15:27:42.580,-11.716,0,,0,48,27,4
2026-04-15T15:27:43.580,-11.714,0,,0,48,27,4
2026-04-15T15:27:44.590,-11.715,0,,0,48,27,4
2026-04-15T15:27:45.590,-11.711,0,,0,48,27,4
2026-04-15T15:27:46.580,-11.705,0,,0,48,27,4
2026-04-15T15:27:47.580,-11.696,0,,0,48,27,4
2026-04-15T15:27:48.590,-11.703,0,,0,48,27,4
2026-04-15T15:27:49.580,-11.687,0,,0,48,27,4
2026-04-15T15:27:50.580,-11.696,0,,0,48,27,4
2026-04-15T15:27:51.580,-11.697,0,,0,48,27,4
2026-04-15T15:27:52.580,-11.730,0,,0,48,27,4
2026-04-15T15:27:53.590,-11.721,0,,0,48,27,4
2026-04-15T15:27:54.590,-11.702,0,,0,48,27,4
2026-04-15T15:27:55.580,-11.711,0,,0,48,27,4
2026-04-15T15:27:56.590,-11.705,0,,0,48,27,4
2026-04-15T15:27:57.580,-11.715,0,,0,48,27,4
2026-04-15T15:27:58.590,-11.724,0,,0,48,27,4
2026-04-15T15:27:59.580,-11.722,0,,0,48,27,4
2026-04-15T15:28:00.590,-11.725,0,,0,48,27,4
2026-04-15T15:28:01.580,-11.709,0,,0,48,27,4
2026-04-15T15:28:02.580,-11.719,0,,0,48,27,4
2026-04-15T15:28:03.590,-11.724,0,,0,48,27,4
2026-04-15T15:28:04.580,-11.736,0,Image_145.png,0,48,27,4
2026-04-15T15:28:06.000,-11.741,0,,0,48,27,4
2026-04-15T15:28:06.580,-11.715,0,,0,48,27,4
2026-04-15T15:28:07.580,-11.716,0,,0,48,27,4
2026-04-15T15:28:08.580,-11.716,0,,0,48,27,4
2026-04-15T15:28:09.580,-11.715,0,,0,48,27,4
2026-04-15T15:28:10.590,-11.716,0,,0,48,27,4
2026-04-15T15:28:11.580,-11.715,0,,0,48,27,4
2026-04-15T15:28:12.590,-11.731,0,,0,48,27,4
2026-04-15T15:28:13.590,-11.721,0,,0,48,27,4
2026-04-15T15:28:14.580,-11.720,0,,0,48,27,4
2026-04-15T15:28:15.590,-11.716,0,,0,48,27,4
2026-04-15T15:28:16.580,-11.724,0,,0,48,27,4
2026-04-15T15:28:17.580,-11.727,0,,0,48,27,4
2026-04-15T15:28:18.580,-11.729,0,,0,48,27,4
2026-04-15T15:28:19.580,-11.730,0,,0,48,27,4
2026-04-15T15:28:20.580,-11.737,0,,0,48,27,4
2026-04-15T15:28:21.580,-11.738,0,,0,48,27,4
2026-04-15T15:28:22.580,-11.736,0,,0,48,27,4
2026-04-15T15:28:23.580,-11.738,0,,0,48,27,4
2026-04-15T15:28:24.580,-11.725,0,,0,48,27,4
2026-04-15T15:28:25.580,-11.742,0,,0,48,27,4
2026-04-15T15:28:26.660,-11.722,0,,0,48,27,4
2026-04-15T15:28:27.590,-11.733,0,,0,48,27,4
2026-04-15T15:28:28.580,-11.737,0,,0,48,27,4
2026-04-15T15:28:29.590,-11.738,0,,0,48,27,4
2026-04-15T15:28:30.580,-11.738,0,,0,48,28,4
2026-04-15T15:28:31.580,-11.742,0,,0,48,28,4
2026-04-15T15:28:32.580,-11.736,0,,0,48,28,4
2026-04-15T15:28:33.580,-11.732,0,,0,48,28,4
2026-04-15T15:28:34.580,-11.731,0,,0,48,28,4
2026-04-15T15:28:35.580,-11.736,0,,0,48,28,4
2026-04-15T15:28:36.580,-11.738,0,,0,48,28,4
2026-04-15T15:28:37.590,-11.729,0,,0,48,28,4
2026-04-15T15:28:38.580,-11.734,0,,0,48,28,4
2026-04-15T15:28:39.600,-11.737,0,,0,48,28,4
2026-04-15T15:28:40.580,-11.718,0,,0,48,28,4
2026-04-15T15:28:41.580,-11.739,0,,0,48,28,4
2026-04-15T15:28:42.580,-11.725,0,,0,48,28,4
2026-04-15T15:28:43.580,-11.728,0,,0,48,28,4
2026-04-15T15:28:44.590,-11.725,0,,0,48,28,4
2026-04-15T15:28:45.580,-11.736,0,,0,48,28,4
2026-04-15T15:28:46.580,-11.720,0,,0,48,28,4
2026-04-15T15:28:47.580,-11.732,0,,0,48,28,4
2026-04-15T15:28:48.590,-11.743,0,,0,48,28,4
2026-04-15T15:28:49.580,-11.725,0,,0,48,28,4
2026-04-15T15:28:51.020,-11.723,0,,0,48,28,4
2026-04-15T15:28:51.580,-11.727,0,,0,48,28,4
2026-04-15T15:28:52.580,-11.728,0,,0,48,28,4
2026-04-15T15:28:53.580,-11.726,0,,0,48,28,4
2026-04-15T15:28:54.580,-11.738,0,,0,48,28,4
2026-04-15T15:28:55.580,-11.727,0,,0,48,28,4
2026-04-15T15:28:56.580,-11.738,0,,0,48,28,4
2026-04-15T15:28:57.580,-11.738,0,,0,48,28,4
2026-04-15T15:28:58.580,-11.719,0,,0,48,28,4
2026-04-15T15:28:59.580,-11.715,0,,0,48,28,4
2026-04-15T15:29:01.260,-11.720,0,,0,48,28,4
2026-04-15T15:29:01.590,-11.718,0,,0,48,28,4
2026-04-15T15:29:02.590,-11.732,0,,0,48,28,4
2026-04-15T15:29:03.580,-11.750,0,,0,48,28,4
2026-04-15T15:29:04.690,-11.734,0,,0,48,28,4
2026-04-15T15:29:05.580,-11.721,0,Image_146.png,0,48,28,4
2026-04-15T15:29:07.010,-11.731,0,,0,48,28,4
2026-04-15T15:29:07.580,-11.735,0,,0,48,28,4
2026-04-15T15:29:08.580,-11.727,0,,0,48,28,4
2026-04-15T15:29:09.580,-11.726,0,,0,48,28,4
2026-04-15T15:29:10.580,-11.724,0,,0,48,28,4
2026-04-15T15:29:11.580,-11.732,0,,0,48,28,4
2026-04-15T15:29:12.580,-11.731,0,,0,48,28,4
2026-04-15T15:29:13.580,-11.767,0,,0,48,28,4
2026-04-15T15:29:14.580,-11.752,0,,0,48,28,4
2026-04-15T15:29:15.580,-11.756,0,,0,48,28,4
2026-04-15T15:29:16.580,-11.761,0,,0,48,28,4
2026-04-15T15:29:17.580,-11.766,0,,0,48,28,4
2026-04-15T15:29:18.800,-11.754,0,,0,48,28,4
2026-04-15T15:29:19.580,-11.767,0,,0,48,28,4
2026-04-15T15:29:20.580,-11.760,0,,0,48,28,4
2026-04-15T15:29:21.580,-11.749,0,,0,48,28,4
2026-04-15T15:29:22.580,-11.753,0,,0,48,28,4
2026-04-15T15:29:23.580,-11.756,0,,0,48,28,4
2026-04-15T15:29:24.580,-11.738,0,,0,48,28,4
2026-04-15T15:29:25.580,-11.742,0,,0,48,28,4
2026-04-15T15:29:26.580,-11.736,0,,0,48,28,4
2026-04-15T15:29:27.580,-11.735,0,,0,48,28,4
2026-04-15T15:29:28.580,-11.737,0,,0,48,28,4
2026-04-15T15:29:29.580,-11.748,0,,0,48,28,4
2026-04-15T15:29:30.580,-11.739,0,,0,48,28,4
2026-04-15T15:29:31.580,-11.741,0,,0,48,28,4
2026-04-15T15:29:32.580,-11.755,0,,0,48,28,4
2026-04-15T15:29:33.580,-11.756,0,,0,48,28,4
2026-04-15T15:29:34.580,-11.768,0,,0,48,28,4
2026-04-15T15:29:35.580,-11.743,0,,0,48,28,4
2026-04-15T15:29:36.590,-11.725,0,,0,48,28,4
2026-04-15T15:29:37.580,-11.714,0,,0,48,28,4
2026-04-15T15:29:39.180,-11.725,0,,0,48,28,4
2026-04-15T15:29:39.580,-11.736,0,,0,48,28,4
2026-04-15T15:29:40.660,-11.760,0,,0,48,28,4
2026-04-15T15:29:41.580,-11.745,0,,0,48,28,4
2026-04-15T15:29:42.580,-11.750,0,,0,48,28,4
2026-04-15T15:29:43.580,-11.724,0,,0,48,28,4
2026-04-15T15:29:44.580,-11.736,0,,0,48,28,4
2026-04-15T15:29:45.580,-11.736,0,,0,48,28,4
2026-04-15T15:29:46.580,-11.734,0,,0,48,28,4
2026-04-15T15:29:47.580,-11.740,0,,0,48,28,4
2026-04-15T15:29:48.580,-11.729,0,,0,48,28,4
2026-04-15T15:29:49.580,-11.749,0,,0,48,28,4
2026-04-15T15:29:50.880,-11.752,0,,0,48,28,4
2026-04-15T15:29:51.580,-11.769,0,,0,48,28,4
2026-04-15T15:29:52.580,-11.761,0,,0,48,28,4
2026-04-15T15:29:53.580,-11.772,0,,0,48,28,4
2026-04-15T15:29:54.580,-11.775,0,,0,48,28,4
2026-04-15T15:29:55.590,-11.763,0,,0,48,28,4
2026-04-15T15:29:56.610,-11.745,0,,0,48,28,4
2026-04-15T15:29:57.580,-11.731,0,,0,48,28,4
2026-04-15T15:29:58.580,-11.720,0,,0,48,28,4
2026-04-15T15:29:59.580,-11.732,0,,0,48,28,4
2026-04-15T15:30:00.580,-11.740,0,,0,48,28,4
2026-04-15T15:30:01.590,-11.747,0,,0,48,28,4
2026-04-15T15:30:02.830,-11.751,0,,0,48,28,4
2026-04-15T15:30:03.580,-11.736,0,,0,48,28,4
2026-04-15T15:30:04.590,-11.739,0,,0,48,28,4
2026-04-15T15:30:05.580,-11.734,0,,0,48,28,4
2026-04-15T15:30:06.600,-11.745,0,Image_147.png,0,48,28,4
2026-04-15T15:30:08.040,-11.746,0,,0,48,28,4
2026-04-15T15:30:08.580,-11.744,0,,0,48,28,4
2026-04-15T15:30:09.580,-11.752,0,,0,48,28,4
2026-04-15T15:30:10.580,-11.741,0,,0,48,28,4
2026-04-15T15:30:11.580,-11.749,0,,0,48,28,4
2026-04-15T15:30:12.590,-11.755,0,,0,48,28,4
2026-04-15T15:30:13.580,-11.753,0,,0,48,28,4
2026-04-15T15:30:14.580,-11.756,0,,0,48,28,4
2026-04-15T15:30:15.580,-11.758,0,,0,48,28,4
2026-04-15T15:30:16.580,-11.755,0,,0,48,28,4
2026-04-15T15:30:17.580,-11.757,0,,0,48,28,4
2026-04-15T15:30:18.610,-11.759,0,,0,48,28,4
2026-04-15T15:30:19.580,-11.770,0,,0,48,28,4
2026-04-15T15:30:20.580,-11.783,0,,0,48,28,4
2026-04-15T15:30:21.580,-11.795,0,,0,48,28,4
2026-04-15T15:30:22.580,-11.798,0,,0,48,28,4
2026-04-15T15:30:23.580,-11.792,0,,0,48,28,4
2026-04-15T15:30:24.580,-11.780,0,,0,48,28,4
2026-04-15T15:30:25.580,-11.764,0,,0,48,28,4
2026-04-15T15:30:26.580,-11.751,0,,0,48,28,4
2026-04-15T15:30:27.590,-11.771,0,,0,48,28,4
2026-04-15T15:30:28.580,-11.772,0,,0,48,28,4
2026-04-15T15:30:29.590,-11.780,0,,0,48,28,4
2026-04-15T15:30:30.590,-11.795,0,,0,48,28,4
2026-04-15T15:30:31.580,-11.801,0,,0,48,28,4
2026-04-15T15:30:32.590,-11.793,0,,0,48,28,4
2026-04-15T15:30:33.580,-11.783,0,,0,48,28,4
2026-04-15T15:30:34.590,-11.776,0,,0,48,28,4
2026-04-15T15:30:35.590,-11.768,0,,0,48,28,4
2026-04-15T15:30:36.580,-11.765,0,,0,48,28,4
2026-04-15T15:30:37.590,-11.775,0,,0,48,28,4
2026-04-15T15:30:38.590,-11.777,0,,0,48,28,4
2026-04-15T15:30:39.580,-11.770,0,,0,48,28,4
2026-04-15T15:30:40.580,-11.772,0,,0,48,28,4
2026-04-15T15:30:41.580,-11.767,0,,0,48,28,4
2026-04-15T15:30:42.580,-11.777,0,,0,48,28,4
2026-04-15T15:30:43.580,-11.783,0,,0,48,28,4
2026-04-15T15:30:44.580,-11.783,0,,0,48,28,4
2026-04-15T15:30:45.580,-11.776,0,,0,48,28,4
2026-04-15T15:30:46.580,-11.780,0,,0,48,28,4
2026-04-15T15:30:47.580,-11.781,0,,0,48,28,4
2026-04-15T15:30:48.630,-11.780,0,,0,48,28,4
2026-04-15T15:30:49.580,-11.776,0,,0,48,28,4
2026-04-15T15:30:50.580,-11.784,0,,0,48,28,4
2026-04-15T15:30:51.580,-11.787,0,,0,48,28,4
2026-04-15T15:30:52.580,-11.796,0,,0,48,28,4
2026-04-15T15:30:53.580,-11.797,0,,0,48,28,4
2026-04-15T15:30:54.580,-11.797,0,,0,48,28,4
2026-04-15T15:30:55.580,-11.797,0,,0,48,28,4
2026-04-15T15:30:56.590,-11.805,0,,0,48,28,4
2026-04-15T15:30:57.580,-11.802,0,,0,48,28,4
2026-04-15T15:30:58.580,-11.799,0,,0,48,28,4
2026-04-15T15:30:59.580,-11.785,0,,0,48,28,4
2026-04-15T15:31:00.640,-11.796,0,,0,48,28,4
2026-04-15T15:31:01.590,-11.806,0,,0,48,28,4
2026-04-15T15:31:02.680,-11.807,0,,0,48,28,4
2026-04-15T15:31:03.580,-11.813,0,,0,48,28,4
2026-04-15T15:31:04.580,-11.807,0,,0,48,28,4
2026-04-15T15:31:05.580,-11.803,0,,0,48,28,4
2026-04-15T15:31:06.590,-11.810,0,,0,48,28,4
2026-04-15T15:31:07.580,-11.793,0,Image_148.png,0,48,28,4
2026-04-15T15:31:09.000,-11.796,0,,0,48,28,4
2026-04-15T15:31:09.580,-11.800,0,,0,48,28,4
2026-04-15T15:31:10.580,-11.812,0,,0,48,28,4
2026-04-15T15:31:11.580,-11.827,0,,0,48,28,4
2026-04-15T15:31:12.580,-11.832,0,,0,48,28,4
2026-04-15T15:31:13.590,-11.818,0,,0,48,28,4
2026-04-15T15:31:14.580,-11.802,0,,0,48,28,4
2026-04-15T15:31:15.580,-11.811,0,,0,48,28,4
2026-04-15T15:31:16.580,-11.809,0,,0,48,28,4
2026-04-15T15:31:17.590,-11.805,0,,0,48,28,4
2026-04-15T15:31:18.750,-11.811,0,,0,48,28,4
2026-04-15T15:31:19.580,-11.819,0,,0,48,28,4
2026-04-15T15:31:20.580,-11.817,0,,0,48,28,4
2026-04-15T15:31:21.580,-11.817,0,,0,48,28,4
2026-04-15T15:31:22.580,-11.812,0,,0,48,28,4
2026-04-15T15:31:23.590,-11.816,0,,0,48,28,4
2026-04-15T15:31:24.580,-11.809,0,,0,48,28,4
2026-04-15T15:31:25.580,-11.819,0,,0,48,28,4
2026-04-15T15:31:26.720,-11.813,0,,0,48,28,4
2026-04-15T15:31:27.580,-11.816,0,,0,48,28,4
2026-04-15T15:31:28.620,-11.806,0,,0,48,28,4
2026-04-15T15:31:29.580,-11.820,0,,0,48,28,4
2026-04-15T15:31:30.580,-11.829,0,,0,48,28,4
2026-04-15T15:31:31.580,-11.822,0,,0,48,28,4
2026-04-15T15:31:32.590,-11.820,0,,0,48,28,4
2026-04-15T15:31:33.580,-11.815,0,,0,48,28,4
2026-04-15T15:31:36.080,-11.811,0,,0,48,28,4
2026-04-15T15:31:36.580,-11.823,0,,0,48,28,4
2026-04-15T15:31:37.580,-11.811,0,,0,48,28,4
2026-04-15T15:31:38.590,-11.816,0,,0,48,28,4
2026-04-15T15:31:39.590,-11.817,0,,0,48,28,4
2026-04-15T15:31:40.700,-11.802,0,,0,48,28,4
2026-04-15T15:31:41.580,-11.815,0,,0,48,28,4
2026-04-15T15:31:42.590,-11.802,0,,0,48,28,4
2026-04-15T15:31:43.590,-11.815,0,,0,48,28,4
2026-04-15T15:31:44.580,-11.804,0,,0,48,28,4
2026-04-15T15:31:45.580,-11.800,0,,0,48,28,4
2026-04-15T15:31:46.580,-11.800,0,,0,48,28,4
2026-04-15T15:31:47.580,-11.802,0,,0,48,28,4
2026-04-15T15:31:48.580,-11.793,0,,0,48,28,4
2026-04-15T15:31:49.580,-11.795,0,,0,48,28,4
2026-04-15T15:31:50.580,-11.788,0,,0,48,28,4
2026-04-15T15:31:51.580,-11.786,0,,0,48,28,4
2026-04-15T15:31:52.580,-11.796,0,,0,48,28,4
2026-04-15T15:31:53.580,-11.799,0,,0,48,28,4
2026-04-15T15:31:54.580,-11.797,0,,0,48,28,4
2026-04-15T15:31:55.580,-11.794,0,,0,48,28,4
2026-04-15T15:31:56.580,-11.783,0,,0,48,28,4
2026-04-15T15:31:57.590,-11.781,0,,0,48,28,4
2026-04-15T15:31:58.580,-11.784,0,,0,48,28,4
2026-04-15T15:31:59.580,-11.788,0,,0,48,28,4
2026-04-15T15:32:00.590,-11.789,0,,0,48,28,4
2026-04-15T15:32:01.590,-11.785,0,,0,48,28,4
2026-04-15T15:32:02.580,-11.798,0,,0,48,28,4
2026-04-15T15:32:03.580,-11.802,0,,0,48,28,4
2026-04-15T15:32:04.590,-11.800,0,,0,48,28,4
2026-04-15T15:32:05.580,-11.805,0,,0,48,28,4
2026-04-15T15:32:06.580,-11.779,0,,0,48,28,4
2026-04-15T15:32:07.580,-11.771,0,,0,48,28,4
2026-04-15T15:32:08.580,-11.788,0,Image_149.png,0,48,28,4
2026-04-15T15:32:09.990,-11.779,0,,0,48,28,4
2026-04-15T15:32:10.580,-11.799,0,,0,48,28,4
2026-04-15T15:32:11.580,-11.800,0,,0,48,28,4
2026-04-15T15:32:12.580,-11.801,0,,0,48,28,4
2026-04-15T15:32:13.580,-11.806,0,,0,48,28,4
2026-04-15T15:32:14.580,-11.802,0,,0,48,28,4
2026-04-15T15:32:15.580,-11.809,0,,0,48,28,4
2026-04-15T15:32:16.840,-11.790,0,,0,48,28,4
2026-04-15T15:32:17.580,-11.796,0,,0,48,28,4
2026-04-15T15:32:18.580,-11.783,0,,0,48,28,4
2026-04-15T15:32:19.580,-11.790,0,,0,48,28,4
2026-04-15T15:32:20.580,-11.787,0,,0,48,28,4
2026-04-15T15:32:21.590,-11.797,0,,0,48,28,4
2026-04-15T15:32:22.600,-11.794,0,,0,48,28,4
2026-04-15T15:32:23.580,-11.779,0,,0,48,28,4
2026-04-15T15:32:24.590,-11.794,0,,0,48,28,4
2026-04-15T15:32:25.590,-11.779,0,,0,48,28,4
2026-04-15T15:32:26.590,-11.792,0,,0,48,28,4
2026-04-15T15:32:27.580,-11.785,0,,0,48,28,4
2026-04-15T15:32:28.580,-11.789,0,,0,48,28,4
2026-04-15T15:32:29.580,-11.780,0,,0,48,28,4
2026-04-15T15:32:30.580,-11.775,0,,0,48,28,4
2026-04-15T15:32:31.580,-11.762,0,,0,48,28,4
2026-04-15T15:32:32.580,-11.768,0,,0,48,28,4
2026-04-15T15:32:33.580,-11.789,0,,0,48,28,4
2026-04-15T15:32:34.600,-11.773,0,,0,48,28,4
2026-04-15T15:32:35.580,-11.770,0,,0,48,28,4
2026-04-15T15:32:36.580,-11.779,0,,0,48,28,4
2026-04-15T15:32:37.580,-11.773,0,,0,48,28,4
2026-04-15T15:32:38.830,-11.789,0,,0,48,28,4
2026-04-15T15:32:39.580,-11.793,0,,0,48,28,4
2026-04-15T15:32:40.830,-11.818,0,,0,48,28,4
2026-04-15T15:32:41.580,-11.816,0,,0,48,28,4
2026-04-15T15:32:42.580,-11.806,0,,0,48,28,4
2026-04-15T15:32:43.580,-11.811,0,,0,48,28,4
2026-04-15T15:32:44.580,-11.794,0,,0,48,28,4
2026-04-15T15:32:45.580,-11.788,0,,0,48,28,4
2026-04-15T15:32:46.590,-11.794,0,,0,48,28,4
2026-04-15T15:32:47.580,-11.797,0,,0,48,28,4
2026-04-15T15:32:48.580,-11.794,0,,0,48,28,4
2026-04-15T15:32:49.580,-11.792,0,,0,48,28,4
2026-04-15T15:32:50.590,-11.785,0,,0,48,28,4
2026-04-15T15:32:51.580,-11.788,0,,0,48,28,4
2026-04-15T15:32:52.600,-11.784,0,,0,48,28,4
2026-04-15T15:32:53.590,-11.790,0,,0,48,28,4
2026-04-15T15:32:54.590,-11.780,0,,0,48,28,4
2026-04-15T15:32:55.580,-11.790,0,,0,48,28,4
2026-04-15T15:32:56.660,-11.800,0,,0,48,28,4
2026-04-15T15:32:57.580,-11.821,0,,0,48,28,4
2026-04-15T15:32:58.750,-11.837,0,,0,48,28,4
2026-04-15T15:32:59.580,-11.828,0,,0,48,28,4
2026-04-15T15:33:01.260,-11.812,0,,0,48,28,4
2026-04-15T15:33:01.590,-11.818,0,,0,48,28,4
2026-04-15T15:33:02.580,-11.805,0,,0,48,28,4
2026-04-15T15:33:03.590,-11.811,0,,0,48,28,4
2026-04-15T15:33:04.580,-11.790,0,,0,48,28,4
2026-04-15T15:33:05.580,-11.808,0,,0,48,28,4
2026-04-15T15:33:06.880,-11.832,0,,0,48,28,4
2026-04-15T15:33:07.580,-11.810,0,,0,48,28,4
2026-04-15T15:33:08.580,-11.824,0,Image_150.png,0,48,28,4
2026-04-15T15:33:10.000,-11.787,0,,0,48,28,4
2026-04-15T15:33:10.590,-11.778,0,,0,48,28,4
2026-04-15T15:33:11.580,-11.793,0,,0,48,28,4
2026-04-15T15:33:12.580,-11.784,0,,0,48,28,4
2026-04-15T15:33:13.580,-11.796,0,,0,48,28,4
2026-04-15T15:33:14.580,-11.800,0,,0,48,28,4
2026-04-15T15:33:15.590,-11.793,0,,0,48,28,4
2026-04-15T15:33:16.580,-11.807,0,,0,48,28,4
2026-04-15T15:33:17.580,-11.826,0,,0,48,28,4
2026-04-15T15:33:18.750,-11.804,0,,0,48,28,4
2026-04-15T15:33:19.580,-11.791,0,,0,48,28,4
2026-04-15T15:33:20.590,-11.776,0,,0,48,28,4
2026-04-15T15:33:21.580,-11.763,0,,0,48,28,4
2026-04-15T15:33:22.580,-11.748,0,,0,48,28,4
2026-04-15T15:33:23.580,-11.768,0,,0,48,28,4
2026-04-15T15:33:24.590,-11.775,0,,0,48,28,4
2026-04-15T15:33:25.590,-11.768,0,,0,48,28,4
2026-04-15T15:33:26.590,-11.764,0,,0,48,28,4
2026-04-15T15:33:27.580,-11.765,0,,0,48,28,4
2026-04-15T15:33:28.590,-11.755,0,,0,48,28,4
2026-04-15T15:33:29.590,-11.770,0,,0,48,28,4
2026-04-15T15:33:30.580,-11.794,0,,0,48,28,4
2026-04-15T15:33:31.580,-11.790,0,,0,48,28,4
2026-04-15T15:33:32.580,-11.777,0,,0,48,28,4
2026-04-15T15:33:33.580,-11.773,0,,0,48,28,4
2026-04-15T15:33:34.580,-11.766,0,,0,48,28,4
2026-04-15T15:33:35.580,-11.769,0,,0,48,28,4
2026-04-15T15:33:36.750,-11.768,0,,0,48,28,4
2026-04-15T15:33:37.580,-11.752,0,,0,48,28,4
2026-04-15T15:33:38.580,-11.751,0,,0,48,28,4
2026-04-15T15:33:39.580,-11.751,0,,0,48,28,4
2026-04-15T15:33:40.580,-11.746,0,,0,48,28,4
2026-04-15T15:33:41.580,-11.740,0,,0,48,28,4
2026-04-15T15:33:42.590,-11.720,0,,0,48,28,4
2026-04-15T15:33:43.580,-11.743,0,,0,48,28,4
2026-04-15T15:33:44.580,-11.722,0,,0,48,28,4
2026-04-15T15:33:45.580,-11.742,0,,0,48,28,4
2026-04-15T15:33:46.580,-11.728,0,,0,48,28,4
2026-04-15T15:33:47.590,-11.715,0,,0,48,28,4
2026-04-15T15:33:48.580,-11.722,0,,0,48,28,4
2026-04-15T15:33:49.580,-11.726,0,,0,48,28,4
2026-04-15T15:33:50.580,-11.717,0,,0,48,28,4
2026-04-15T15:33:51.580,-11.727,0,,0,48,28,4
2026-04-15T15:33:52.580,-11.729,0,,0,48,28,4
2026-04-15T15:33:53.580,-11.719,0,,0,48,28,4
2026-04-15T15:33:54.600,-11.714,0,,0,48,28,4
2026-04-15T15:33:55.580,-11.719,0,,0,48,28,4
2026-04-15T15:33:56.590,-11.705,0,,0,48,28,4
2026-04-15T15:33:57.580,-11.699,0,,0,48,28,4
2026-04-15T15:33:58.580,-11.688,0,,0,48,28,4
2026-04-15T15:33:59.580,-11.700,0,,0,48,28,4
2026-04-15T15:34:00.580,-11.701,0,,0,48,28,4
2026-04-15T15:34:01.580,-11.712,0,,0,48,28,4
2026-04-15T15:34:02.580,-11.731,0,,0,48,28,4
2026-04-15T15:34:03.580,-11.730,0,,0,48,28,4
2026-04-15T15:34:04.580,-11.735,0,,0,48,28,4
2026-04-15T15:34:05.580,-11.738,0,,0,48,28,4
2026-04-15T15:34:06.580,-11.720,0,,0,48,28,4
2026-04-15T15:34:07.580,-11.737,0,,0,48,28,4
2026-04-15T15:34:08.580,-11.752,0,,0,48,28,4
2026-04-15T15:34:09.590,-11.745,0,Image_151.png,0,48,28,4
2026-04-15T15:34:10.990,-11.731,0,,0,48,28,4
2026-04-15T15:34:11.580,-11.714,0,,0,48,28,4
2026-04-15T15:34:12.580,-11.717,0,,0,48,28,4
2026-04-15T15:34:13.580,-11.696,0,,0,48,28,4
2026-04-15T15:34:14.590,-11.702,0,,0,48,28,4
2026-04-15T15:34:15.580,-11.731,0,,0,48,28,4
2026-04-15T15:34:16.580,-11.714,0,,0,48,28,4
2026-04-15T15:34:17.580,-11.741,0,,0,48,28,4
2026-04-15T15:34:18.580,-11.758,0,,0,48,28,4
2026-04-15T15:34:19.580,-11.737,0,,0,48,28,4
2026-04-15T15:34:20.580,-11.754,0,,0,48,28,4
2026-04-15T15:34:21.580,-11.735,0,,0,48,28,4
2026-04-15T15:34:22.580,-11.737,0,,0,48,28,4
2026-04-15T15:34:23.590,-11.750,0,,0,48,28,4
2026-04-15T15:34:24.590,-11.749,0,,0,48,28,4
2026-04-15T15:34:25.580,-11.746,0,,0,48,28,4
2026-04-15T15:34:26.590,-11.736,0,,0,48,28,4
2026-04-15T15:34:27.580,-11.746,0,,0,48,28,4
2026-04-15T15:34:28.580,-11.728,0,,0,48,28,4
2026-04-15T15:34:29.590,-11.721,0,,0,48,28,4
2026-04-15T15:34:30.580,-11.709,0,,0,48,28,4
2026-04-15T15:34:31.580,-11.721,0,,0,48,28,4
2026-04-15T15:34:32.580,-11.733,0,,0,48,28,4
2026-04-15T15:34:33.580,-11.735,0,,0,48,28,4
2026-04-15T15:34:34.580,-11.759,0,,0,48,28,4
2026-04-15T15:34:35.580,-11.775,0,,0,48,28,4
2026-04-15T15:34:36.580,-11.785,0,,0,48,28,4
2026-04-15T15:34:37.580,-11.770,0,,0,48,28,4
2026-04-15T15:34:38.580,-11.754,0,,0,48,28,4
2026-04-15T15:34:39.580,-11.728,0,,0,48,28,4
2026-04-15T15:34:40.580,-11.734,0,,0,48,28,4
2026-04-15T15:34:41.580,-11.727,0,,0,48,28,4
2026-04-15T15:34:42.580,-11.739,0,,0,48,28,4
2026-04-15T15:34:43.590,-11.736,0,,0,48,28,4
2026-04-15T15:34:44.580,-11.723,0,,0,48,28,4
2026-04-15T15:34:45.580,-11.718,0,,0,48,28,4
2026-04-15T15:34:46.580,-11.730,0,,0,48,28,4
2026-04-15T15:34:47.580,-11.737,0,,0,48,28,4
2026-04-15T15:34:48.590,-11.738,0,,0,48,28,4
2026-04-15T15:34:49.580,-11.748,0,,0,48,28,4
2026-04-15T15:34:50.580,-11.733,0,,0,48,28,4
2026-04-15T15:34:51.600,-11.753,0,,0,48,28,4
2026-04-15T15:34:52.580,-11.752,0,,0,48,28,4
2026-04-15T15:34:53.590,-11.753,0,,0,48,28,4
2026-04-15T15:34:54.590,-11.776,0,,0,48,28,4
2026-04-15T15:34:55.580,-11.773,0,,0,48,28,4
2026-04-15T15:34:56.590,-11.774,0,,0,48,28,4
2026-04-15T15:34:57.580,-11.778,0,,0,48,28,4
2026-04-15T15:34:58.660,-11.758,0,,0,48,28,4
2026-04-15T15:34:59.580,-11.740,0,,0,48,28,4
2026-04-15T15:35:00.580,-11.748,0,,0,48,28,4
2026-04-15T15:35:01.580,-11.753,0,,0,48,28,4
2026-04-15T15:35:02.580,-11.752,0,,0,48,28,4
2026-04-15T15:35:03.600,-11.759,0,,0,48,28,4
2026-04-15T15:35:04.580,-11.756,0,,0,48,28,4
2026-04-15T15:35:05.580,-11.752,0,,0,48,28,4
2026-04-15T15:35:06.580,-11.758,0,,0,48,28,4
2026-04-15T15:35:07.580,-11.759,0,,0,48,28,4
2026-04-15T15:35:08.590,-11.763,0,,0,48,28,4
2026-04-15T15:35:09.580,-11.758,0,Image_152.png,0,48,28,4
2026-04-15T15:35:11.030,-11.768,0,,0,48,28,4
2026-04-15T15:35:11.590,-11.764,0,,0,48,28,4
2026-04-15T15:35:12.600,-11.788,0,,0,48,28,4
2026-04-15T15:35:13.580,-11.793,0,,0,48,28,4
2026-04-15T15:35:14.590,-11.791,0,,0,48,28,4
2026-04-15T15:35:15.580,-11.752,0,,0,48,28,4
2026-04-15T15:35:16.580,-11.760,0,,0,48,28,4
2026-04-15T15:35:17.590,-11.742,0,,0,48,28,4
2026-04-15T15:35:18.580,-11.756,0,,0,48,28,4
2026-04-15T15:35:19.580,-11.759,0,,0,48,28,4
2026-04-15T15:35:20.580,-11.764,0,,0,48,28,4
2026-04-15T15:35:21.580,-11.751,0,,0,48,28,4
2026-04-15T15:35:22.580,-11.744,0,,0,48,28,4
2026-04-15T15:35:23.590,-11.737,0,,0,48,28,4
2026-04-15T15:35:24.580,-11.743,0,,0,48,28,4
2026-04-15T15:35:25.580,-11.748,0,,0,48,28,4
2026-04-15T15:35:26.580,-11.745,0,,0,48,28,4
2026-04-15T15:35:27.590,-11.748,0,,0,48,28,4
2026-04-15T15:35:28.630,-11.757,0,,0,48,28,4
2026-04-15T15:35:29.580,-11.744,0,,0,48,28,4
2026-04-15T15:35:30.580,-11.765,0,,0,48,28,4
2026-04-15T15:35:31.580,-11.759,0,,0,48,28,4
2026-04-15T15:35:32.580,-11.759,0,,0,48,28,4
2026-04-15T15:35:33.580,-11.765,0,,0,48,28,4
2026-04-15T15:35:34.580,-11.757,0,,0,48,28,4
2026-04-15T15:35:35.580,-11.758,0,,0,48,28,4
2026-04-15T15:35:36.720,-11.773,0,,0,48,28,4
2026-04-15T15:35:37.580,-11.773,0,,0,48,28,4
2026-04-15T15:35:38.580,-11.768,0,,0,48,28,4
2026-04-15T15:35:39.580,-11.777,0,,0,48,28,4
2026-04-15T15:35:40.580,-11.775,0,,0,48,28,4
2026-04-15T15:35:41.580,-11.774,0,,0,48,28,4
2026-04-15T15:35:42.580,-11.770,0,,0,48,28,4
2026-04-15T15:35:43.580,-11.769,0,,0,48,28,4
2026-04-15T15:35:44.580,-11.778,0,,0,48,28,4
2026-04-15T15:35:45.580,-11.778,0,,0,48,28,4
2026-04-15T15:35:46.580,-11.777,0,,0,48,28,4
2026-04-15T15:35:47.580,-11.774,0,,0,48,28,4
2026-04-15T15:35:48.580,-11.771,0,,0,48,28,4
2026-04-15T15:35:49.590,-11.790,0,,0,48,28,4
2026-04-15T15:35:50.580,-11.789,0,,0,48,28,4
2026-04-15T15:35:51.580,-11.777,0,,0,48,28,4
2026-04-15T15:35:52.580,-11.785,0,,0,48,28,4
2026-04-15T15:35:53.580,-11.787,0,,0,48,28,4
2026-04-15T15:35:54.580,-11.792,0,,0,48,28,4
2026-04-15T15:35:55.590,-11.780,0,,0,48,28,4
2026-04-15T15:35:56.580,-11.798,0,,0,48,28,4
2026-04-15T15:35:57.580,-11.779,0,,0,48,28,4
2026-04-15T15:35:58.580,-11.769,0,,0,48,28,4
2026-04-15T15:35:59.590,-11.772,0,,0,48,28,4
2026-04-15T15:36:00.580,-11.786,0,,0,48,28,4
2026-04-15T15:36:01.580,-11.805,0,,0,48,28,4
2026-04-15T15:36:02.580,-11.785,0,,0,48,28,4
2026-04-15T15:36:03.580,-11.772,0,,0,48,28,4
2026-04-15T15:36:04.580,-11.777,0,,0,48,28,4
2026-04-15T15:36:05.590,-11.780,0,,0,48,28,4
2026-04-15T15:36:06.580,-11.791,0,,0,48,28,4
2026-04-15T15:36:07.580,-11.786,0,,0,48,28,4
2026-04-15T15:36:08.580,-11.794,0,,0,48,28,4
2026-04-15T15:36:09.580,-11.794,0,Image_153.png,0,48,28,4
2026-04-15T15:36:11.070,-11.798,0,,0,48,28,4
2026-04-15T15:36:11.590,-11.822,0,,0,48,28,4
2026-04-15T15:36:12.580,-11.814,0,,0,48,28,4
2026-04-15T15:36:13.580,-11.804,0,,0,48,28,4
2026-04-15T15:36:14.580,-11.824,0,,0,48,28,4
2026-04-15T15:36:15.580,-11.816,0,,0,48,28,4
2026-04-15T15:36:16.590,-11.803,0,,0,48,28,4
2026-04-15T15:36:17.580,-11.812,0,,0,48,28,4
2026-04-15T15:36:18.580,-11.814,0,,0,48,28,4
2026-04-15T15:36:19.580,-11.808,0,,0,48,28,4
2026-04-15T15:36:20.590,-11.810,0,,0,48,28,4
2026-04-15T15:36:21.580,-11.812,0,,0,48,28,4
2026-04-15T15:36:22.580,-11.815,0,,0,48,28,4
2026-04-15T15:36:23.580,-11.829,0,,0,48,28,4
2026-04-15T15:36:24.580,-11.807,0,,0,48,28,4
2026-04-15T15:36:25.580,-11.814,0,,0,48,28,4
2026-04-15T15:36:26.580,-11.802,0,,0,48,28,4
2026-04-15T15:36:27.590,-11.801,0,,0,48,28,4
2026-04-15T15:36:28.580,-11.784,0,,0,48,28,4
2026-04-15T15:36:29.580,-11.773,0,,0,48,28,4
2026-04-15T15:36:30.580,-11.771,0,,0,48,28,4
2026-04-15T15:36:31.580,-11.767,0,,0,48,28,4
2026-04-15T15:36:32.900,-11.793,0,,0,48,28,4
2026-04-15T15:36:33.590,-11.776,0,,0,48,28,4
2026-04-15T15:36:34.590,-11.800,0,,0,48,28,4
2026-04-15T15:36:35.580,-11.787,0,,0,48,28,4
2026-04-15T15:36:36.580,-11.778,0,,0,48,28,4
2026-04-15T15:36:37.580,-11.778,0,,0,48,28,4
2026-04-15T15:36:38.580,-11.772,0,,0,48,28,4
2026-04-15T15:36:39.580,-11.776,0,,0,48,28,4
2026-04-15T15:36:40.580,-11.782,0,,0,48,28,4
2026-04-15T15:36:41.580,-11.799,0,,0,48,28,4
2026-04-15T15:36:42.580,-11.803,0,,0,48,28,4
2026-04-15T15:36:43.590,-11.792,0,,0,48,28,4
2026-04-15T15:36:44.580,-11.787,0,,0,48,28,4
2026-04-15T15:36:45.580,-11.772,0,,0,48,28,4
2026-04-15T15:36:46.580,-11.771,0,,0,48,28,4
2026-04-15T15:36:47.580,-11.776,0,,0,48,28,4
2026-04-15T15:36:48.580,-11.795,0,,0,48,28,4
2026-04-15T15:36:49.580,-11.790,0,,0,48,28,4
2026-04-15T15:36:50.580,-11.770,0,,0,48,28,4
2026-04-15T15:36:51.580,-11.770,0,,0,48,28,4
2026-04-15T15:36:52.780,-11.745,0,,0,48,28,4
2026-04-15T15:36:53.580,-11.745,0,,0,48,28,4
2026-04-15T15:36:54.590,-11.753,0,,0,48,28,4
2026-04-15T15:36:55.590,-11.755,0,,0,48,28,4
2026-04-15T15:36:56.590,-11.760,0,,0,48,28,4
2026-04-15T15:36:57.580,-11.763,0,,0,48,28,4
2026-04-15T15:36:58.590,-11.764,0,,0,48,28,4
2026-04-15T15:36:59.590,-11.752,0,,0,48,28,4
2026-04-15T15:37:00.590,-11.743,0,,0,48,28,4
2026-04-15T15:37:01.580,-11.704,0,,0,48,28,4
2026-04-15T15:37:02.580,-11.713,0,,0,48,28,4
2026-04-15T15:37:03.580,-11.712,0,,0,48,28,4
2026-04-15T15:37:04.580,-11.740,0,,0,48,28,4
2026-04-15T15:37:05.580,-11.753,0,,0,48,28,4
2026-04-15T15:37:06.580,-11.751,0,,0,48,28,4
2026-04-15T15:37:07.580,-11.749,0,,0,48,28,4
2026-04-15T15:37:08.580,-11.745,0,,0,48,28,4
2026-04-15T15:37:09.580,-11.743,0,,0,48,28,4
2026-04-15T15:37:10.580,-11.740,0,Image_154.png,0,48,28,4
2026-04-15T15:37:11.980,-11.747,0,,0,48,28,4
2026-04-15T15:37:12.590,-11.740,0,,0,48,28,4
2026-04-15T15:37:13.580,-11.742,0,,0,48,28,4
2026-04-15T15:37:14.590,-11.741,0,,0,48,28,4
2026-04-15T15:37:15.590,-11.731,0,,0,48,28,4
2026-04-15T15:37:16.600,-11.734,0,,0,48,28,4
2026-04-15T15:37:17.600,-11.716,0,,0,48,28,4
2026-04-15T15:37:18.600,-11.722,0,,0,48,28,4
2026-04-15T15:37:19.600,-11.732,0,,0,48,28,4
2026-04-15T15:37:21.170,-11.724,0,,0,48,28,4
2026-04-15T15:37:21.600,-11.717,0,,0,48,28,4
2026-04-15T15:37:22.600,-11.716,0,,0,48,28,4
2026-04-15T15:37:23.600,-11.698,0,,0,48,28,4
2026-04-15T15:37:24.600,-11.707,0,,0,48,28,4
2026-04-15T15:37:25.590,-11.692,0,,0,48,28,4
2026-04-15T15:37:26.610,-11.708,0,,0,48,28,4
2026-04-15T15:37:27.590,-11.696,0,,0,48,28,4
2026-04-15T15:37:28.600,-11.696,0,,0,48,28,4
2026-04-15T15:37:29.610,-11.680,0,,0,48,28,4
2026-04-15T15:37:30.840,-11.689,0,,0,48,28,4
2026-04-15T15:37:31.600,-11.686,0,,0,48,28,4
2026-04-15T15:37:32.600,-11.671,0,,0,48,28,4
2026-04-15T15:37:33.600,-11.667,0,,0,48,28,4
2026-04-15T15:37:34.660,-11.688,0,,0,48,28,4
2026-04-15T15:37:35.600,-11.676,0,,0,48,28,4
2026-04-15T15:37:36.600,-11.676,0,,0,48,28,4
2026-04-15T15:37:37.600,-11.669,0,,0,48,28,4
2026-04-15T15:37:38.610,-11.662,0,,0,48,28,4
2026-04-15T15:37:39.600,-11.669,0,,0,48,28,4
2026-04-15T15:37:40.600,-11.656,0,,0,48,28,4
2026-04-15T15:37:41.610,-11.650,0,,0,48,28,4
2026-04-15T15:37:42.600,-11.668,0,,0,48,28,4
2026-04-15T15:37:43.600,-11.686,0,,0,48,28,4
2026-04-15T15:37:44.610,-11.677,0,,0,48,28,4
2026-04-15T15:37:45.600,-11.700,0,,0,48,28,4
2026-04-15T15:37:46.600,-11.690,0,,0,48,28,4
2026-04-15T15:37:47.590,-11.677,0,,0,48,28,4
2026-04-15T15:37:48.600,-11.678,0,,0,48,28,4
2026-04-15T15:37:49.600,-11.662,0,,0,48,28,4
2026-04-15T15:37:50.600,-11.673,0,,0,48,28,4
2026-04-15T15:37:51.600,-11.649,0,,0,48,28,4
2026-04-15T15:37:52.590,-11.650,0,,0,48,28,4
2026-04-15T15:37:53.610,-11.659,0,,0,48,28,4
2026-04-15T15:37:54.600,-11.656,0,,0,48,28,4
2026-04-15T15:37:55.600,-11.667,0,,0,48,28,4
2026-04-15T15:37:56.610,-11.668,0,,0,48,28,4
2026-04-15T15:37:57.590,-11.664,0,,0,48,28,4
2026-04-15T15:37:58.600,-11.658,0,,0,48,28,4
2026-04-15T15:37:59.610,-11.663,0,,0,48,28,4
2026-04-15T15:38:00.600,-11.655,0,,0,48,28,4
2026-04-15T15:38:01.600,-11.654,0,,0,48,28,4
2026-04-15T15:38:02.600,-11.634,0,,0,48,28,4
2026-04-15T15:38:03.600,-11.630,0,,0,48,28,4
2026-04-15T15:38:04.860,-11.647,0,,0,48,28,4
2026-04-15T15:38:05.600,-11.640,0,,0,48,28,4
2026-04-15T15:38:06.600,-11.661,0,,0,48,28,4
2026-04-15T15:38:07.600,-11.652,0,,0,48,28,4
2026-04-15T15:38:08.610,-11.670,0,,0,48,28,4
2026-04-15T15:38:09.600,-11.646,0,,0,48,28,4
2026-04-15T15:38:10.780,-11.643,0,Image_155.png,0,48,28,4
2026-04-15T15:38:11.920,-11.641,0,,0,48,28,4
2026-04-15T15:38:12.600,-11.646,0,,0,48,28,4
2026-04-15T15:38:13.600,-11.638,0,,0,48,28,4
2026-04-15T15:38:14.610,-11.630,0,,0,48,28,4
2026-04-15T15:38:15.600,-11.642,0,,0,48,28,4
2026-04-15T15:38:16.600,-11.641,0,,0,48,28,4
2026-04-15T15:38:17.610,-11.627,0,,0,48,28,4
2026-04-15T15:38:18.600,-11.633,0,,0,48,28,4
2026-04-15T15:38:19.600,-11.623,0,,0,48,28,4
2026-04-15T15:38:21.160,-11.613,0,,0,48,28,4
2026-04-15T15:38:21.600,-11.611,0,,0,48,28,4
2026-04-15T15:38:22.600,-11.615,0,,0,48,28,4
2026-04-15T15:38:23.610,-11.614,0,,0,48,28,4
2026-04-15T15:38:24.600,-11.616,0,,0,48,28,4
2026-04-15T15:38:25.600,-11.609,0,,0,48,28,4
2026-04-15T15:38:26.610,-11.614,0,,0,48,28,4
2026-04-15T15:38:27.600,-11.611,0,,0,48,28,4
2026-04-15T15:38:28.600,-11.625,0,,0,48,28,4
2026-04-15T15:38:29.610,-11.614,0,,0,48,28,4
2026-04-15T15:38:30.600,-11.618,0,,0,48,28,4
2026-04-15T15:38:31.600,-11.615,0,,0,48,28,4
2026-04-15T15:38:32.590,-11.620,0,,0,48,28,4
2026-04-15T15:38:33.600,-11.613,0,,0,48,28,4
2026-04-15T15:38:34.600,-11.607,0,,0,48,28,4
2026-04-15T15:38:35.610,-11.614,0,,0,48,28,4
2026-04-15T15:38:36.600,-11.621,0,,0,48,28,4
2026-04-15T15:38:37.600,-11.625,0,,0,48,28,4
2026-04-15T15:38:38.610,-11.604,0,,0,48,28,4
2026-04-15T15:38:39.600,-11.605,0,,0,48,28,4
2026-04-15T15:38:40.600,-11.623,0,,0,48,28,4
2026-04-15T15:38:41.610,-11.637,0,,0,48,28,4
2026-04-15T15:38:42.600,-11.632,0,,0,48,28,4
2026-04-15T15:38:43.600,-11.623,0,,0,48,28,4
2026-04-15T15:38:44.630,-11.654,0,,0,48,28,4
2026-04-15T15:38:45.600,-11.649,0,,0,48,28,4
2026-04-15T15:38:46.600,-11.651,0,,0,48,28,4
2026-04-15T15:38:47.610,-11.666,0,,0,48,28,4
2026-04-15T15:38:48.600,-11.669,0,,0,48,28,4
2026-04-15T15:38:49.600,-11.644,0,,0,48,28,4
2026-04-15T15:38:50.600,-11.655,0,,0,48,28,4
2026-04-15T15:38:51.600,-11.655,0,,0,48,28,4
2026-04-15T15:38:52.600,-11.632,0,,0,48,28,4
2026-04-15T15:38:53.610,-11.625,0,,0,48,28,4
2026-04-15T15:38:54.600,-11.634,0,,0,48,28,4
2026-04-15T15:38:55.600,-11.633,0,,0,48,28,4
2026-04-15T15:38:56.610,-11.622,0,,0,48,28,4
2026-04-15T15:38:57.600,-11.645,0,,0,48,28,4
2026-04-15T15:38:58.600,-11.644,0,,0,48,28,4
2026-04-15T15:38:59.610,-11.618,0,,0,48,28,4
2026-04-15T15:39:00.600,-11.642,0,,0,48,28,4
2026-04-15T15:39:01.600,-11.638,0,,0,48,28,4
2026-04-15T15:39:02.600,-11.623,0,,0,48,28,4
2026-04-15T15:39:03.600,-11.616,0,,0,48,28,4
2026-04-15T15:39:05.080,-11.606,0,,0,48,28,4
2026-04-15T15:39:05.600,-11.599,0,,0,48,28,4
2026-04-15T15:39:06.600,-11.640,0,,0,48,28,4
2026-04-15T15:39:07.600,-11.627,0,,0,48,28,4
2026-04-15T15:39:08.600,-11.624,0,,0,48,28,4
2026-04-15T15:39:09.600,-11.608,0,,0,48,28,4
2026-04-15T15:39:10.600,-11.603,0,Image_156.png,0,48,28,4
2026-04-15T15:39:11.920,-11.601,0,,0,48,28,4
2026-04-15T15:39:12.600,-11.602,0,,0,48,28,4
2026-04-15T15:39:13.600,-11.610,0,,0,48,28,4
2026-04-15T15:39:14.610,-11.608,0,,0,48,28,4
2026-04-15T15:39:15.600,-11.589,0,,0,48,28,4
2026-04-15T15:39:16.600,-11.591,0,,0,48,28,4
2026-04-15T15:39:17.610,-11.586,0,,0,48,28,4
2026-04-15T15:39:18.600,-11.585,0,,0,48,28,4
2026-04-15T15:39:19.600,-11.611,0,,0,48,28,4
2026-04-15T15:39:20.600,-11.597,0,,0,48,28,4
2026-04-15T15:39:21.600,-11.601,0,,0,48,28,4
2026-04-15T15:39:22.600,-11.600,0,,0,48,28,4
2026-04-15T15:39:23.610,-11.597,0,,0,48,28,4
2026-04-15T15:39:24.600,-11.587,0,,0,48,28,4
2026-04-15T15:39:25.600,-11.586,0,,0,48,28,4
2026-04-15T15:39:26.610,-11.580,0,,0,48,28,4
2026-04-15T15:39:27.590,-11.570,0,,0,48,28,4
2026-04-15T15:39:28.600,-11.575,0,,0,48,28,4
2026-04-15T15:39:29.610,-11.581,0,,0,48,28,4
2026-04-15T15:39:30.600,-11.582,0,,0,48,28,4
2026-04-15T15:39:31.610,-11.572,0,,0,48,28,4
2026-04-15T15:39:32.610,-11.569,0,,0,48,28,4
2026-04-15T15:39:33.600,-11.591,0,,0,48,28,4
2026-04-15T15:39:34.600,-11.587,0,,0,48,28,4
2026-04-15T15:39:35.590,-11.594,0,,0,48,28,4
2026-04-15T15:39:36.600,-11.594,0,,0,48,28,4
2026-04-15T15:39:37.600,-11.579,0,,0,48,28,4
2026-04-15T15:39:38.610,-11.570,0,,0,48,28,4
2026-04-15T15:39:39.600,-11.558,0,,0,48,28,4
2026-04-15T15:39:41.060,-11.551,0,,0,48,28,4
2026-04-15T15:39:41.610,-11.549,0,,0,48,28,4
2026-04-15T15:39:42.600,-11.545,0,,0,48,28,4
2026-04-15T15:39:43.600,-11.548,0,,0,48,28,4
2026-04-15T15:39:44.610,-11.553,0,,0,48,28,4
2026-04-15T15:39:45.600,-11.570,0,,0,48,28,4
2026-04-15T15:39:46.600,-11.581,0,,0,48,28,4
2026-04-15T15:39:47.610,-11.587,0,,0,48,28,4
2026-04-15T15:39:48.600,-11.581,0,,0,48,28,4
2026-04-15T15:39:49.600,-11.566,0,,0,48,28,4
2026-04-15T15:39:50.610,-11.552,0,,0,48,28,4
2026-04-15T15:39:51.600,-11.534,0,,0,48,28,4
2026-04-15T15:39:52.600,-11.557,0,,0,48,28,4
2026-04-15T15:39:53.600,-11.561,0,,0,48,28,4
2026-04-15T15:39:54.600,-11.583,0,,0,48,28,4
2026-04-15T15:39:55.600,-11.582,0,,0,48,28,4
2026-04-15T15:39:56.610,-11.585,0,,0,48,28,4
2026-04-15T15:39:57.600,-11.575,0,,0,48,28,4
2026-04-15T15:39:58.600,-11.570,0,,0,48,28,4
2026-04-15T15:39:59.610,-11.597,0,,0,48,28,4
2026-04-15T15:40:00.600,-11.590,0,,0,48,28,4
2026-04-15T15:40:01.600,-11.567,0,,0,48,28,4
2026-04-15T15:40:02.590,-11.560,0,,0,48,28,4
2026-04-15T15:40:03.600,-11.563,0,,0,48,28,4
2026-04-15T15:40:04.600,-11.554,0,,0,48,28,4
2026-04-15T15:40:05.610,-11.576,0,,0,48,28,4
2026-04-15T15:40:06.600,-11.574,0,,0,48,28,4
2026-04-15T15:40:07.600,-11.574,0,,0,48,28,4
2026-04-15T15:40:08.610,-11.554,0,,0,48,28,4
2026-04-15T15:40:09.600,-11.555,0,,0,48,28,4
2026-04-15T15:40:10.590,-11.550,0,,0,48,28,4
2026-04-15T15:40:11.600,-11.556,0,Image_157.png,0,48,28,4
2026-04-15T15:40:12.920,-11.562,0,,0,48,28,4
2026-04-15T15:40:13.600,-11.558,0,,0,48,28,4
2026-04-15T15:40:14.610,-11.561,0,,0,48,28,4
2026-04-15T15:40:15.600,-11.554,0,,0,48,28,4
2026-04-15T15:40:16.600,-11.557,0,,0,48,28,4
2026-04-15T15:40:17.610,-11.552,0,,0,48,28,4
2026-04-15T15:40:18.600,-11.560,0,,0,48,28,4
2026-04-15T15:40:19.600,-11.561,0,,0,48,28,4
2026-04-15T15:40:20.610,-11.559,0,,0,48,28,4
2026-04-15T15:40:21.600,-11.555,0,,0,48,28,4
2026-04-15T15:40:22.600,-11.547,0,,0,48,28,4
2026-04-15T15:40:23.600,-11.546,0,,0,48,28,4
2026-04-15T15:40:24.600,-11.543,0,,0,48,28,4
2026-04-15T15:40:25.600,-11.550,0,,0,48,28,4
2026-04-15T15:40:26.670,-11.537,0,,0,48,28,4
2026-04-15T15:40:27.600,-11.535,0,,0,48,28,4
2026-04-15T15:40:28.600,-11.533,0,,0,48,28,4
2026-04-15T15:40:29.610,-11.535,0,,0,48,28,4
2026-04-15T15:40:30.600,-11.536,0,,0,48,28,4
2026-04-15T15:40:31.600,-11.526,0,,0,48,28,4
2026-04-15T15:40:32.600,-11.538,0,,0,48,28,4
2026-04-15T15:40:33.600,-11.524,0,,0,48,28,4
2026-04-15T15:40:34.600,-11.530,0,,0,48,28,4
2026-04-15T15:40:35.610,-11.524,0,,0,48,28,4
2026-04-15T15:40:36.670,-11.538,0,,0,48,28,4
2026-04-15T15:40:37.600,-11.542,0,,0,48,28,4
2026-04-15T15:40:38.600,-11.552,0,,0,48,28,4
2026-04-15T15:40:39.600,-11.563,0,,0,48,28,4
2026-04-15T15:40:40.600,-11.545,0,,0,48,28,4
2026-04-15T15:40:41.610,-11.538,0,,0,48,28,4
2026-04-15T15:40:42.600,-11.531,0,,0,48,28,4
2026-04-15T15:40:43.600,-11.524,0,,0,48,28,4
2026-04-15T15:40:44.610,-11.546,0,,0,48,28,4
2026-04-15T15:40:45.600,-11.560,0,,0,48,28,4
2026-04-15T15:40:46.600,-11.573,0,,0,48,28,4
2026-04-15T15:40:47.610,-11.565,0,,0,48,28,4
2026-04-15T15:40:48.600,-11.553,0,,0,48,28,4
2026-04-15T15:40:49.600,-11.542,0,,0,48,28,4
2026-04-15T15:40:50.610,-11.536,0,,0,48,28,4
2026-04-15T15:40:51.600,-11.533,0,,0,48,28,4
2026-04-15T15:40:52.600,-11.555,0,,0,48,28,4
2026-04-15T15:40:53.600,-11.540,0,,0,48,28,4
2026-04-15T15:40:54.600,-11.544,0,,0,48,28,4
2026-04-15T15:40:55.600,-11.543,0,,0,48,28,4
2026-04-15T15:40:56.610,-11.566,0,,0,48,28,4
2026-04-15T15:40:57.600,-11.563,0,,0,48,28,4
2026-04-15T15:40:58.600,-11.575,0,,0,48,28,4
2026-04-15T15:40:59.610,-11.592,0,,0,48,28,4
2026-04-15T15:41:00.600,-11.593,0,,0,48,28,4
2026-04-15T15:41:01.610,-11.593,0,,0,48,28,4
2026-04-15T15:41:02.610,-11.590,0,,0,48,28,4
2026-04-15T15:41:03.600,-11.587,0,,0,48,28,4
2026-04-15T15:41:04.600,-11.583,0,,0,48,28,4
2026-04-15T15:41:05.610,-11.568,0,,0,48,28,4
2026-04-15T15:41:06.600,-11.586,0,,0,48,28,4
2026-04-15T15:41:07.600,-11.567,0,,0,48,28,4
2026-04-15T15:41:08.600,-11.576,0,,0,48,28,4
2026-04-15T15:41:09.600,-11.589,0,,0,48,28,4
2026-04-15T15:41:10.600,-11.582,0,,0,48,28,4
2026-04-15T15:41:11.610,-11.576,0,,0,48,28,4
2026-04-15T15:41:12.600,-11.583,0,Image_158.png,0,48,28,4
2026-04-15T15:41:13.910,-11.588,0,,0,48,28,4
2026-04-15T15:41:14.610,-11.576,0,,0,48,28,4
2026-04-15T15:41:15.600,-11.569,0,,0,48,28,4
2026-04-15T15:41:16.600,-11.574,0,,0,48,28,4
2026-04-15T15:41:17.610,-11.578,0,,0,48,28,4
2026-04-15T15:41:18.600,-11.566,0,,0,48,28,4
2026-04-15T15:41:19.610,-11.568,0,,0,48,28,5
2026-04-15T15:41:20.590,-11.560,0,,0,48,28,5
2026-04-15T15:41:21.600,-11.563,0,,0,48,28,5
2026-04-15T15:41:22.600,-11.556,0,,0,48,28,5
2026-04-15T15:41:23.610,-11.566,0,,0,48,28,5
2026-04-15T15:41:24.600,-11.568,0,,0,48,28,5
2026-04-15T15:41:25.600,-11.559,0,,0,48,28,5
2026-04-15T15:41:26.610,-11.560,0,,0,48,28,5
2026-04-15T15:41:27.600,-11.566,0,,0,48,28,5
2026-04-15T15:41:28.820,-11.564,0,,0,48,28,5
2026-04-15T15:41:29.610,-11.568,0,,0,48,28,5
2026-04-15T15:41:30.590,-11.550,0,,0,48,28,5
2026-04-15T15:41:31.600,-11.569,0,,0,48,28,5
2026-04-15T15:41:32.610,-11.560,0,,0,48,28,5
2026-04-15T15:41:33.600,-11.552,0,,0,48,28,5
2026-04-15T15:41:34.600,-11.554,0,,0,48,28,5
2026-04-15T15:41:35.590,-11.556,0,,0,48,28,5
2026-04-15T15:41:36.600,-11.565,0,,0,48,28,5
2026-04-15T15:41:37.600,-11.549,0,,0,48,28,5
2026-04-15T15:41:38.710,-11.561,0,,0,48,28,5
2026-04-15T15:41:39.610,-11.573,0,,0,48,28,5
2026-04-15T15:41:40.590,-11.592,0,,0,48,28,5
2026-04-15T15:41:41.610,-11.581,0,,0,48,28,5
2026-04-15T15:41:42.600,-11.602,0,,0,48,28,5
2026-04-15T15:41:43.600,-11.598,0,,0,48,28,5
2026-04-15T15:41:44.610,-11.600,0,,0,48,28,5
2026-04-15T15:41:45.600,-11.590,0,,0,48,28,5
2026-04-15T15:41:47.040,-11.579,0,,0,48,28,5
2026-04-15T15:41:47.610,-11.569,0,,0,48,28,5
2026-04-15T15:41:48.670,-11.558,0,,0,48,28,5
2026-04-15T15:41:49.600,-11.587,0,,0,48,28,5
2026-04-15T15:41:50.600,-11.564,0,,0,48,28,5
2026-04-15T15:41:51.600,-11.586,0,,0,48,28,5
2026-04-15T15:41:52.740,-11.608,0,,0,48,28,5
2026-04-15T15:41:53.610,-11.609,0,,0,48,28,5
2026-04-15T15:41:54.990,-11.577,0,,0,48,28,5
2026-04-15T15:41:55.600,-11.561,0,,0,48,28,5
2026-04-15T15:41:56.610,-11.550,0,,0,48,28,5
2026-04-15T15:41:57.600,-11.545,0,,0,48,28,5
2026-04-15T15:41:58.600,-11.558,0,,0,48,28,5
2026-04-15T15:41:59.610,-11.571,0,,0,48,28,5
2026-04-15T15:42:00.610,-11.578,0,,0,48,28,5
2026-04-15T15:42:01.600,-11.575,0,,0,48,28,5
2026-04-15T15:42:02.600,-11.557,0,,0,48,28,5
2026-04-15T15:42:03.580,-11.553,0,,0,48,28,5
2026-04-15T15:42:04.600,-11.566,0,,0,48,28,5
2026-04-15T15:42:05.580,-11.575,0,,0,48,28,5
2026-04-15T15:42:06.600,-11.589,0,,0,48,28,5
2026-04-15T15:42:07.600,-11.580,0,,0,48,28,5
2026-04-15T15:42:08.610,-11.581,0,,0,48,28,5
2026-04-15T15:42:09.600,-11.581,0,,0,48,28,5
2026-04-15T15:42:10.590,-11.582,0,,0,48,28,5
2026-04-15T15:42:11.610,-11.593,0,,0,48,28,5
2026-04-15T15:42:12.600,-11.592,0,Image_159.png,0,48,28,5
2026-04-15T15:42:13.930,-11.589,0,,0,48,28,5
2026-04-15T15:42:14.610,-11.585,0,,0,48,28,5
2026-04-15T15:42:15.600,-11.581,0,,0,48,28,5
2026-04-15T15:42:16.600,-11.578,0,,0,48,28,5
2026-04-15T15:42:17.610,-11.560,0,,0,48,28,5
2026-04-15T15:42:18.600,-11.551,0,,0,48,28,5
2026-04-15T15:42:19.600,-11.556,0,,0,48,28,5
2026-04-15T15:42:20.730,-11.560,0,,0,48,28,5
2026-04-15T15:42:21.600,-11.579,0,,0,48,28,5
2026-04-15T15:42:22.600,-11.591,0,,0,48,28,5
2026-04-15T15:42:23.610,-11.608,0,,0,48,28,5
2026-04-15T15:42:24.600,-11.600,0,,0,48,28,5
2026-04-15T15:42:25.600,-11.601,0,,0,48,28,5
2026-04-15T15:42:26.610,-11.605,0,,0,48,28,5
2026-04-15T15:42:27.600,-11.605,0,,0,48,28,5
2026-04-15T15:42:28.600,-11.604,0,,0,48,28,5
2026-04-15T15:42:29.610,-11.608,0,,0,48,28,5
2026-04-15T15:42:30.600,-11.602,0,,0,48,28,5
2026-04-15T15:42:31.600,-11.597,0,,0,48,28,5
2026-04-15T15:42:32.610,-11.601,0,,0,48,28,5
2026-04-15T15:42:33.600,-11.595,0,,0,48,28,5
2026-04-15T15:42:34.600,-11.584,0,,0,48,28,5
2026-04-15T15:42:35.610,-11.598,0,,0,48,28,5
2026-04-15T15:42:36.600,-11.601,0,,0,48,28,5
2026-04-15T15:42:37.600,-11.597,0,,0,48,28,5
2026-04-15T15:42:38.600,-11.603,0,,0,48,28,5
2026-04-15T15:42:39.600,-11.598,0,,0,48,28,5
2026-04-15T15:42:40.600,-11.597,0,,0,48,28,5
2026-04-15T15:42:41.610,-11.604,0,,0,48,28,5
2026-04-15T15:42:42.870,-11.589,0,,0,48,28,5
2026-04-15T15:42:43.600,-11.602,0,,0,48,28,5
2026-04-15T15:42:44.610,-11.580,0,,0,48,28,5
2026-04-15T15:42:45.600,-11.570,0,,0,48,28,5
2026-04-15T15:42:46.600,-11.567,0,,0,48,28,5
2026-04-15T15:42:47.610,-11.568,0,,0,48,28,5
2026-04-15T15:42:48.600,-11.570,0,,0,48,28,5
2026-04-15T15:42:49.600,-11.574,0,,0,48,28,5
2026-04-15T15:42:50.590,-11.593,0,,0,48,28,5
2026-04-15T15:42:51.600,-11.571,0,,0,48,28,5
2026-04-15T15:42:52.600,-11.573,0,,0,48,28,5
2026-04-15T15:42:53.610,-11.572,0,,0,48,28,5
2026-04-15T15:42:54.600,-11.563,0,,0,48,28,5
2026-04-15T15:42:55.600,-11.555,0,,0,48,28,5
2026-04-15T15:42:56.980,-11.555,0,,0,48,28,5
2026-04-15T15:42:57.600,-11.561,0,,0,48,28,5
2026-04-15T15:42:58.600,-11.559,0,,0,48,28,5
2026-04-15T15:42:59.610,-11.554,0,,0,48,28,5
2026-04-15T15:43:00.600,-11.558,0,,0,48,28,5
2026-04-15T15:43:01.600,-11.554,0,,0,48,28,5
2026-04-15T15:43:02.610,-11.566,0,,0,48,28,5
2026-04-15T15:43:03.600,-11.582,0,,0,48,28,5
2026-04-15T15:43:04.680,-11.577,0,,0,48,28,5
2026-04-15T15:43:05.610,-11.588,0,,0,48,28,5
2026-04-15T15:43:06.600,-11.587,0,,0,48,28,5
2026-04-15T15:43:07.600,-11.572,0,,0,48,28,5
2026-04-15T15:43:08.600,-11.562,0,,0,48,28,5
2026-04-15T15:43:09.600,-11.563,0,,0,48,28,5
2026-04-15T15:43:10.600,-11.562,0,,0,48,28,5
2026-04-15T15:43:11.610,-11.556,0,,0,48,28,5
2026-04-15T15:43:12.600,-11.565,0,,0,48,28,5
2026-04-15T15:43:13.600,-11.567,0,Image_160.png,0,48,28,5
2026-04-15T15:43:14.910,-11.578,0,,0,48,28,5
2026-04-15T15:43:15.600,-11.579,0,,0,48,28,5
2026-04-15T15:43:16.600,-11.580,0,,0,48,28,5
2026-04-15T15:43:17.610,-11.599,0,,0,48,28,5
2026-04-15T15:43:18.600,-11.603,0,,0,48,28,5
2026-04-15T15:43:19.600,-11.599,0,,0,48,28,5
2026-04-15T15:43:20.610,-11.594,0,,0,48,28,5
2026-04-15T15:43:21.600,-11.600,0,,0,48,28,5
2026-04-15T15:43:22.600,-11.616,0,,0,48,28,5
2026-04-15T15:43:23.600,-11.591,0,,0,48,28,5
2026-04-15T15:43:24.600,-11.584,0,,0,48,28,5
2026-04-15T15:43:25.600,-11.572,0,,0,48,28,5
2026-04-15T15:43:26.610,-11.567,0,,0,48,28,5
2026-04-15T15:43:27.600,-11.556,0,,0,48,28,5
2026-04-15T15:43:28.600,-11.577,0,,0,48,28,5
2026-04-15T15:43:29.610,-11.596,0,,0,48,28,5
2026-04-15T15:43:30.600,-11.608,0,,0,48,28,5
2026-04-15T15:43:31.600,-11.615,0,,0,48,28,5
2026-04-15T15:43:32.610,-11.596,0,,0,48,28,5
2026-04-15T15:43:33.600,-11.597,0,,0,48,28,5
2026-04-15T15:43:34.600,-11.589,0,,0,48,28,5
2026-04-15T15:43:35.610,-11.609,0,,0,48,28,5
2026-04-15T15:43:36.600,-11.615,0,,0,48,28,5
2026-04-15T15:43:37.600,-11.603,0,,0,48,28,5
2026-04-15T15:43:38.600,-11.580,0,,0,48,28,5
2026-04-15T15:43:39.600,-11.592,0,,0,48,28,5
2026-04-15T15:43:40.600,-11.586,0,,0,48,28,5
2026-04-15T15:43:41.610,-11.604,0,,0,48,28,5
2026-04-15T15:43:42.600,-11.621,0,,0,48,28,5
2026-04-15T15:43:43.590,-11.608,0,,0,48,28,5
2026-04-15T15:43:44.620,-11.602,0,,0,48,28,5
2026-04-15T15:43:45.600,-11.575,0,,0,48,28,5
2026-04-15T15:43:46.600,-11.583,0,,0,48,28,5
2026-04-15T15:43:47.610,-11.583,0,,0,48,28,5
2026-04-15T15:43:48.600,-11.589,0,,0,48,28,5
2026-04-15T15:43:49.600,-11.590,0,,0,48,28,5
2026-04-15T15:43:50.600,-11.590,0,,0,48,28,5
2026-04-15T15:43:51.600,-11.593,0,,0,48,28,5
2026-04-15T15:43:52.600,-11.588,0,,0,48,28,5
2026-04-15T15:43:53.610,-11.593,0,,0,48,28,5
2026-04-15T15:43:54.600,-11.583,0,,0,48,28,5
2026-04-15T15:43:55.590,-11.581,0,,0,48,28,5
2026-04-15T15:43:56.940,-11.595,0,,0,48,28,5
2026-04-15T15:43:57.600,-11.598,0,,0,48,28,5
2026-04-15T15:43:58.600,-11.600,0,,0,48,28,5
2026-04-15T15:43:59.610,-11.608,0,,0,48,28,5
2026-04-15T15:44:00.590,-11.617,0,,0,48,28,5
2026-04-15T15:44:01.600,-11.605,0,,0,48,28,5
2026-04-15T15:44:02.590,-11.599,0,,0,48,28,5
2026-04-15T15:44:03.600,-11.579,0,,0,48,28,5
2026-04-15T15:44:04.600,-11.570,0,,0,48,28,5
2026-04-15T15:44:05.590,-11.565,0,,0,48,28,5
2026-04-15T15:44:06.600,-11.562,0,,0,48,28,5
2026-04-15T15:44:07.600,-11.568,0,,0,48,28,5
2026-04-15T15:44:08.610,-11.577,0,,0,48,28,5
2026-04-15T15:44:09.600,-11.556,0,,0,48,28,5
2026-04-15T15:44:10.600,-11.553,0,,0,48,28,5
2026-04-15T15:44:11.610,-11.563,0,,0,48,28,5
2026-04-15T15:44:12.600,-11.592,0,,0,48,28,5
2026-04-15T15:44:13.600,-11.605,0,Image_161.png,0,48,28,5
2026-04-15T15:44:14.920,-11.593,0,,0,48,28,5
2026-04-15T15:44:15.600,-11.570,0,,0,48,28,5
2026-04-15T15:44:16.600,-11.571,0,,0,48,28,5
2026-04-15T15:44:17.610,-11.567,0,,0,48,28,5
2026-04-15T15:44:18.600,-11.582,0,,0,48,28,5
2026-04-15T15:44:19.600,-11.599,0,,0,48,28,5
2026-04-15T15:44:20.590,-11.602,0,,0,48,28,5
2026-04-15T15:44:21.600,-11.610,0,,0,48,28,5
2026-04-15T15:44:22.600,-11.599,0,,0,48,28,5
2026-04-15T15:44:23.610,-11.589,0,,0,48,28,5
2026-04-15T15:44:24.600,-11.589,0,,0,48,28,5
2026-04-15T15:44:25.600,-11.572,0,,0,48,28,5
2026-04-15T15:44:26.610,-11.591,0,,0,48,28,5
2026-04-15T15:44:27.600,-11.571,0,,0,48,28,5
2026-04-15T15:44:28.600,-11.601,0,,0,48,28,5
2026-04-15T15:44:29.610,-11.586,0,,0,48,28,5
2026-04-15T15:44:30.600,-11.586,0,,0,48,28,5
2026-04-15T15:44:31.600,-11.589,0,,0,48,28,5
2026-04-15T15:44:32.610,-11.592,0,,0,48,28,5
2026-04-15T15:44:33.600,-11.589,0,,0,48,28,5
2026-04-15T15:44:34.600,-11.596,0,,0,48,28,5
2026-04-15T15:44:35.610,-11.587,0,,0,48,28,5
2026-04-15T15:44:36.600,-11.588,0,,0,48,28,5
2026-04-15T15:44:37.600,-11.587,0,,0,48,28,5
2026-04-15T15:44:38.610,-11.581,0,,0,48,28,5
2026-04-15T15:44:39.600,-11.595,0,,0,48,28,5
2026-04-15T15:44:40.600,-11.584,0,,0,48,28,5
2026-04-15T15:44:41.610,-11.582,0,,0,48,28,5
2026-04-15T15:44:42.600,-11.581,0,,0,48,28,5
2026-04-15T15:44:43.600,-11.579,0,,0,48,28,5
2026-04-15T15:44:44.610,-11.573,0,,0,48,28,5
2026-04-15T15:44:45.600,-11.579,0,,0,48,28,5
2026-04-15T15:44:47.550,-11.574,0,,0,48,28,5
2026-04-15T15:44:48.600,-11.575,0,,0,48,28,5
2026-04-15T15:44:49.600,-11.570,0,,0,48,28,5
2026-04-15T15:44:50.610,-11.577,0,,0,48,28,5
2026-04-15T15:44:51.600,-11.583,0,,0,48,28,5
2026-04-15T15:44:52.600,-11.569,0,,0,48,28,5
2026-04-15T15:44:53.610,-11.584,0,,0,48,28,5
2026-04-15T15:44:54.600,-11.581,0,,0,48,28,5
2026-04-15T15:44:55.600,-11.577,0,,0,48,28,5
2026-04-15T15:44:56.610,-11.577,0,,0,48,28,5
2026-04-15T15:44:57.600,-11.586,0,,0,48,28,5
2026-04-15T15:44:58.600,-11.578,0,,0,48,28,5
2026-04-15T15:44:59.610,-11.586,0,,0,48,28,5
2026-04-15T15:45:00.600,-11.594,0,,0,48,28,5
2026-04-15T15:45:01.600,-11.587,0,,0,48,28,5
2026-04-15T15:45:02.610,-11.587,0,,0,48,28,5
2026-04-15T15:45:03.600,-11.582,0,,0,48,28,5
2026-04-15T15:45:04.600,-11.585,0,,0,48,28,5
2026-04-15T15:45:05.610,-11.595,0,,0,48,28,5
2026-04-15T15:45:06.600,-11.594,0,,0,48,28,5
2026-04-15T15:45:07.600,-11.595,0,,0,48,28,5
2026-04-15T15:45:08.610,-11.584,0,,0,48,28,5
2026-04-15T15:45:09.600,-11.588,0,,0,48,28,5
2026-04-15T15:45:10.600,-11.612,0,,0,48,28,5
2026-04-15T15:45:11.610,-11.610,0,,0,48,28,5
2026-04-15T15:45:12.590,-11.602,0,,0,48,28,5
2026-04-15T15:45:13.600,-11.592,0,,0,48,28,5
2026-04-15T15:45:14.610,-11.604,0,Image_162.png,0,48,28,5
2026-04-15T15:45:15.910,-11.604,0,,0,48,28,5
2026-04-15T15:45:16.600,-11.602,0,,0,48,28,5
2026-04-15T15:45:17.610,-11.617,0,,0,48,28,5
2026-04-15T15:45:18.600,-11.608,0,,0,48,28,5
2026-04-15T15:45:19.600,-11.605,0,,0,48,28,5
2026-04-15T15:45:20.610,-11.621,0,,0,48,28,5
2026-04-15T15:45:21.600,-11.633,0,,0,48,28,5
2026-04-15T15:45:22.600,-11.620,0,,0,48,28,5
2026-04-15T15:45:23.600,-11.619,0,,0,48,28,5
2026-04-15T15:45:24.610,-11.596,0,,0,48,28,5
2026-04-15T15:45:25.600,-11.596,0,,0,48,28,5
2026-04-15T15:45:26.610,-11.604,0,,0,48,28,5
2026-04-15T15:45:27.600,-11.617,0,,0,48,28,5
2026-04-15T15:45:28.590,-11.614,0,,0,48,28,5
2026-04-15T15:45:29.610,-11.604,0,,0,48,28,5
2026-04-15T15:45:30.590,-11.615,0,,0,48,28,5
2026-04-15T15:45:31.600,-11.613,0,,0,48,28,5
2026-04-15T15:45:33.270,-11.606,0,,0,48,28,5
2026-04-15T15:45:33.610,-11.616,0,,0,48,28,5
2026-04-15T15:45:34.600,-11.612,0,,0,48,28,5
2026-04-15T15:45:35.600,-11.614,0,,0,48,28,5
2026-04-15T15:45:36.600,-11.622,0,,0,48,28,5
2026-04-15T15:45:37.600,-11.618,0,,0,48,28,5
2026-04-15T15:45:38.610,-11.626,0,,0,48,28,5
2026-04-15T15:45:39.600,-11.615,0,,0,48,28,5
2026-04-15T15:45:40.600,-11.618,0,,0,48,28,5
2026-04-15T15:45:41.610,-11.622,0,,0,48,28,5
2026-04-15T15:45:42.600,-11.615,0,,0,48,28,5
2026-04-15T15:45:43.600,-11.616,0,,0,48,28,5
2026-04-15T15:45:44.610,-11.622,0,,0,48,28,5
2026-04-15T15:45:45.600,-11.624,0,,0,48,28,5
2026-04-15T15:45:46.600,-11.627,0,,0,48,28,5
2026-04-15T15:45:47.610,-11.623,0,,0,48,28,5
2026-04-15T15:45:48.780,-11.621,0,,0,48,28,5
2026-04-15T15:45:49.600,-11.625,0,,0,48,28,5
2026-04-15T15:45:50.610,-11.629,0,,0,48,28,5
2026-04-15T15:45:51.600,-11.624,0,,0,48,28,5
2026-04-15T15:45:52.600,-11.617,0,,0,48,28,5
2026-04-15T15:45:53.600,-11.628,0,,0,48,28,5
2026-04-15T15:45:54.600,-11.629,0,,0,48,28,5
2026-04-15T15:45:55.600,-11.651,0,,0,48,28,5
2026-04-15T15:45:56.750,-11.647,0,,0,48,28,5
2026-04-15T15:45:57.600,-11.633,0,,0,48,28,5
2026-04-15T15:45:58.600,-11.622,0,,0,48,28,5
2026-04-15T15:45:59.610,-11.608,0,,0,48,28,5
2026-04-15T15:46:00.610,-11.601,0,,0,48,28,5
2026-04-15T15:46:01.600,-11.613,0,,0,48,28,5
2026-04-15T15:46:02.610,-11.619,0,,0,48,28,5
2026-04-15T15:46:03.600,-11.612,0,,0,48,28,5
2026-04-15T15:46:04.600,-11.610,0,,0,48,28,5
2026-04-15T15:46:05.610,-11.610,0,,0,48,28,5
2026-04-15T15:46:06.600,-11.616,0,,0,48,28,5
2026-04-15T15:46:07.600,-11.618,0,,0,48,28,5
2026-04-15T15:46:08.600,-11.608,0,,0,48,28,5
2026-04-15T15:46:09.600,-11.606,0,,0,48,28,5
2026-04-15T15:46:10.690,-11.611,0,,0,48,28,5
2026-04-15T15:46:11.610,-11.600,0,,0,48,28,5
2026-04-15T15:46:12.690,-11.610,0,,0,48,28,5
2026-04-15T15:46:13.610,-11.607,0,,0,48,28,5
2026-04-15T15:46:14.610,-11.615,0,Image_163.png,0,48,28,5
2026-04-15T15:46:15.930,-11.612,0,,0,48,28,5
2026-04-15T15:46:16.600,-11.613,0,,0,48,28,5
2026-04-15T15:46:17.610,-11.614,0,,0,48,28,5
2026-04-15T15:46:18.600,-11.606,0,,0,48,28,5
2026-04-15T15:46:19.600,-11.618,0,,0,48,28,5
2026-04-15T15:46:20.610,-11.616,0,,0,48,28,5
2026-04-15T15:46:21.600,-11.611,0,,0,48,28,5
2026-04-15T15:46:22.600,-11.614,0,,0,48,28,5
2026-04-15T15:46:23.610,-11.625,0,,0,48,28,5
2026-04-15T15:46:24.600,-11.626,0,,0,48,28,5
2026-04-15T15:46:25.600,-11.616,0,,0,48,28,5
2026-04-15T15:46:26.610,-11.620,0,,0,48,28,5
2026-04-15T15:46:27.600,-11.618,0,,0,48,28,5
2026-04-15T15:46:28.600,-11.632,0,,0,48,28,5
2026-04-15T15:46:29.610,-11.623,0,,0,48,28,5
2026-04-15T15:46:30.610,-11.627,0,,0,48,28,5
2026-04-15T15:46:31.600,-11.649,0,,0,48,28,5
2026-04-15T15:46:32.810,-11.642,0,,0,48,28,5
2026-04-15T15:46:33.600,-11.647,0,,0,48,28,5
2026-04-15T15:46:34.600,-11.647,0,,0,48,28,5
2026-04-15T15:46:35.610,-11.655,0,,0,48,28,5
2026-04-15T15:46:36.600,-11.654,0,,0,48,28,5
2026-04-15T15:46:37.600,-11.657,0,,0,48,28,5
2026-04-15T15:46:38.610,-11.659,0,,0,48,28,5
2026-04-15T15:46:39.600,-11.669,0,,0,48,28,5
2026-04-15T15:46:40.600,-11.664,0,,0,48,28,5
2026-04-15T15:46:41.610,-11.667,0,,0,48,28,5
2026-04-15T15:46:42.830,-11.668,0,,0,48,28,5
2026-04-15T15:46:43.600,-11.674,0,,0,48,28,5
2026-04-15T15:46:44.610,-11.682,0,,0,48,28,5
2026-04-15T15:46:45.600,-11.686,0,,0,48,28,5
2026-04-15T15:46:46.600,-11.679,0,,0,48,28,5
2026-04-15T15:46:47.610,-11.695,0,,0,48,28,5
2026-04-15T15:46:48.650,-11.686,0,,0,48,28,5
2026-04-15T15:46:49.600,-11.701,0,,0,48,28,5
2026-04-15T15:46:50.600,-11.689,0,,0,48,28,5
2026-04-15T15:46:51.600,-11.690,0,,0,48,28,5
2026-04-15T15:46:52.600,-11.685,0,,0,48,28,5
2026-04-15T15:46:53.610,-11.671,0,,0,48,28,5
2026-04-15T15:46:54.600,-11.674,0,,0,48,28,5
2026-04-15T15:46:55.600,-11.660,0,,0,48,28,5
2026-04-15T15:46:56.600,-11.661,0,,0,48,28,5
2026-04-15T15:46:57.600,-11.682,0,,0,48,28,5
2026-04-15T15:46:58.600,-11.682,0,,0,48,28,5
2026-04-15T15:46:59.610,-11.672,0,,0,48,28,5
2026-04-15T15:47:00.600,-11.688,0,,0,48,28,5
2026-04-15T15:47:01.600,-11.682,0,,0,48,28,5
2026-04-15T15:47:02.610,-11.675,0,,0,48,28,5
2026-04-15T15:47:03.600,-11.679,0,,0,48,28,5
2026-04-15T15:47:04.810,-11.698,0,,0,48,28,5
2026-04-15T15:47:05.610,-11.693,0,,0,48,28,5
2026-04-15T15:47:06.600,-11.698,0,,0,48,28,5
2026-04-15T15:47:07.600,-11.704,0,,0,48,28,5
2026-04-15T15:47:08.610,-11.710,0,,0,48,28,5
2026-04-15T15:47:09.600,-11.714,0,,0,48,28,5
2026-04-15T15:47:10.600,-11.707,0,,0,48,28,5
2026-04-15T15:47:11.600,-11.703,0,,0,48,28,5
2026-04-15T15:47:12.950,-11.713,0,,0,48,28,5
2026-04-15T15:47:13.600,-11.699,0,,0,48,28,5
2026-04-15T15:47:14.610,-11.727,0,,0,48,28,5
2026-04-15T15:47:15.600,-11.739,0,Image_164.png,0,48,28,5
2026-04-15T15:47:16.910,-11.743,0,,0,48,28,5
2026-04-15T15:47:17.610,-11.749,0,,0,48,28,5
2026-04-15T15:47:18.590,-11.719,0,,0,48,28,5
2026-04-15T15:47:19.600,-11.740,0,,0,48,28,5
2026-04-15T15:47:20.610,-11.757,0,,0,48,28,5
2026-04-15T15:47:21.600,-11.752,0,,0,48,28,5
2026-04-15T15:47:22.600,-11.776,0,,0,48,28,5
2026-04-15T15:47:23.610,-11.779,0,,0,48,28,5
2026-04-15T15:47:24.600,-11.779,0,,0,48,28,5
2026-04-15T15:47:25.600,-11.783,0,,0,48,28,5
2026-04-15T15:47:26.610,-11.771,0,,0,48,28,5
2026-04-15T15:47:27.600,-11.756,0,,0,48,28,5
2026-04-15T15:47:28.600,-11.735,0,,0,48,28,5
2026-04-15T15:47:29.600,-11.745,0,,0,48,28,5
2026-04-15T15:47:30.600,-11.739,0,,0,48,28,5
2026-04-15T15:47:31.600,-11.741,0,,0,48,28,5
2026-04-15T15:47:32.650,-11.743,0,,0,48,28,5
2026-04-15T15:47:33.600,-11.742,0,,0,48,28,5
2026-04-15T15:47:34.600,-11.770,0,,0,48,28,5
2026-04-15T15:47:35.610,-11.793,0,,0,48,28,5
2026-04-15T15:47:36.600,-11.785,0,,0,48,28,5
2026-04-15T15:47:37.600,-11.761,0,,0,48,28,5
2026-04-15T15:47:38.590,-11.751,0,,0,48,28,5
2026-04-15T15:47:39.600,-11.722,0,,0,48,28,5
2026-04-15T15:47:40.600,-11.744,0,,0,48,28,5
2026-04-15T15:47:41.610,-11.724,0,,0,48,28,5
2026-04-15T15:47:43.360,-11.735,0,,0,48,28,5
2026-04-15T15:47:43.680,-11.730,0,,0,48,28,5
2026-04-15T15:47:44.610,-11.721,0,,0,48,28,5
2026-04-15T15:47:45.600,-11.717,0,,0,48,28,5
2026-04-15T15:47:46.600,-11.742,0,,0,48,28,5
2026-04-15T15:47:47.610,-11.738,0,,0,48,28,5
2026-04-15T15:47:48.600,-11.728,0,,0,48,28,5
2026-04-15T15:47:49.600,-11.729,0,,0,48,28,5
2026-04-15T15:47:50.610,-11.704,0,,0,48,28,5
2026-04-15T15:47:51.600,-11.703,0,,0,48,28,5
2026-04-15T15:47:52.600,-11.722,0,,0,48,28,5
2026-04-15T15:47:53.610,-11.729,0,,0,48,28,5
2026-04-15T15:47:54.600,-11.726,0,,0,48,28,5
2026-04-15T15:47:55.600,-11.711,0,,0,48,28,5
2026-04-15T15:47:56.610,-11.702,0,,0,48,28,5
2026-04-15T15:47:57.600,-11.700,0,,0,48,28,5
2026-04-15T15:47:58.780,-11.699,0,,0,48,28,5
2026-04-15T15:47:59.610,-11.708,0,,0,48,28,5
2026-04-15T15:48:00.640,-11.702,0,,0,48,28,5
2026-04-15T15:48:01.600,-11.691,0,,0,48,28,5
2026-04-15T15:48:02.610,-11.702,0,,0,48,28,5
2026-04-15T15:48:03.600,-11.705,0,,0,48,28,5
2026-04-15T15:48:04.600,-11.692,0,,0,48,28,5
2026-04-15T15:48:05.610,-11.697,0,,0,48,28,5
2026-04-15T15:48:06.600,-11.697,0,,0,48,28,5
2026-04-15T15:48:07.600,-11.691,0,,0,48,28,5
2026-04-15T15:48:08.610,-11.691,0,,0,48,28,5
2026-04-15T15:48:09.600,-11.696,0,,0,48,28,5
2026-04-15T15:48:10.600,-11.701,0,,0,48,28,5
2026-04-15T15:48:11.610,-11.688,0,,0,48,28,5
2026-04-15T15:48:12.600,-11.691,0,,0,48,28,5
2026-04-15T15:48:13.600,-11.695,0,,0,48,28,5
2026-04-15T15:48:14.610,-11.697,0,,0,48,28,5
2026-04-15T15:48:15.600,-11.682,0,Image_165.png,0,48,28,5
2026-04-15T15:48:16.910,-11.707,0,,0,48,28,5
2026-04-15T15:48:17.610,-11.698,0,,0,48,28,5
2026-04-15T15:48:18.600,-11.707,0,,0,48,28,5
2026-04-15T15:48:19.600,-11.702,0,,0,48,28,5
2026-04-15T15:48:20.610,-11.686,0,,0,48,28,5
2026-04-15T15:48:21.600,-11.683,0,,0,48,28,5
2026-04-15T15:48:22.600,-11.673,0,,0,48,28,5
2026-04-15T15:48:23.600,-11.674,0,,0,48,28,5
2026-04-15T15:48:24.600,-11.680,0,,0,48,28,5
2026-04-15T15:48:25.600,-11.677,0,,0,48,28,5
2026-04-15T15:48:26.730,-11.680,0,,0,48,28,5
2026-04-15T15:48:27.600,-11.682,0,,0,48,28,5
2026-04-15T15:48:28.600,-11.686,0,,0,48,28,5
2026-04-15T15:48:29.600,-11.682,0,,0,48,28,5
2026-04-15T15:48:30.770,-11.688,0,,0,48,28,5
2026-04-15T15:48:31.600,-11.687,0,,0,48,28,5
2026-04-15T15:48:32.610,-11.702,0,,0,48,28,5
2026-04-15T15:48:33.590,-11.694,0,,0,48,28,5
2026-04-15T15:48:34.610,-11.702,0,,0,48,28,5
2026-04-15T15:48:35.610,-11.703,0,,0,48,28,5
2026-04-15T15:48:36.600,-11.703,0,,0,48,28,5
2026-04-15T15:48:37.600,-11.706,0,,0,48,28,5
2026-04-15T15:48:39.410,-11.713,0,,0,48,28,5
2026-04-15T15:48:39.750,-11.712,0,,0,48,28,5
2026-04-15T15:48:40.600,-11.720,0,,0,48,28,5
2026-04-15T15:48:41.600,-11.731,0,,0,48,28,5
2026-04-15T15:48:42.600,-11.720,0,,0,48,28,5
2026-04-15T15:48:43.600,-11.718,0,,0,48,28,5
2026-04-15T15:48:44.600,-11.720,0,,0,48,28,5
2026-04-15T15:48:45.600,-11.723,0,,0,48,28,5
2026-04-15T15:48:46.620,-11.736,0,,0,48,28,5
2026-04-15T15:48:47.610,-11.738,0,,0,48,28,5
2026-04-15T15:48:48.600,-11.753,0,,0,48,28,5
2026-04-15T15:48:49.600,-11.733,0,,0,48,28,5
2026-04-15T15:48:50.610,-11.736,0,,0,48,28,5
2026-04-15T15:48:51.600,-11.728,0,,0,48,28,5
2026-04-15T15:48:52.600,-11.736,0,,0,48,28,5
2026-04-15T15:48:53.590,-11.753,0,,0,48,28,5
2026-04-15T15:48:54.600,-11.731,0,,0,48,28,5
2026-04-15T15:48:55.600,-11.739,0,,0,48,28,5
2026-04-15T15:48:57.320,-11.740,0,,0,48,28,5
2026-04-15T15:48:57.630,-11.741,0,,0,48,28,5
2026-04-15T15:48:58.590,-11.768,0,,0,48,28,5
2026-04-15T15:48:59.600,-11.743,0,,0,48,28,5
2026-04-15T15:49:00.600,-11.751,0,,0,48,28,5
2026-04-15T15:49:01.610,-11.730,0,,0,48,28,5
2026-04-15T15:49:03.410,-11.736,0,,0,48,28,5
2026-04-15T15:49:03.740,-11.726,0,,0,48,28,5
2026-04-15T15:49:04.600,-11.736,0,,0,48,28,5
2026-04-15T15:49:05.600,-11.753,0,,0,48,28,5
2026-04-15T15:49:06.600,-11.759,0,,0,48,28,5
2026-04-15T15:49:07.600,-11.732,0,,0,48,28,5
2026-04-15T15:49:08.610,-11.736,0,,0,48,28,5
2026-04-15T15:49:09.600,-11.724,0,,0,48,28,5
2026-04-15T15:49:10.600,-11.730,0,,0,48,28,5
2026-04-15T15:49:11.610,-11.735,0,,0,48,28,5
2026-04-15T15:49:12.600,-11.748,0,,0,48,28,5
2026-04-15T15:49:13.600,-11.755,0,,0,48,28,5
2026-04-15T15:49:14.610,-11.781,0,,0,48,28,5
2026-04-15T15:49:15.600,-11.777,0,Image_166.png,0,48,28,5
2026-04-15T15:49:16.920,-11.776,0,,0,48,28,5
2026-04-15T15:49:17.610,-11.768,0,,0,48,28,5
2026-04-15T15:49:18.590,-11.753,0,,0,48,28,5
2026-04-15T15:49:19.600,-11.731,0,,0,48,28,5
2026-04-15T15:49:20.610,-11.737,0,,0,48,28,5
2026-04-15T15:49:21.600,-11.717,0,,0,48,28,5
2026-04-15T15:49:22.600,-11.724,0,,0,48,28,5
2026-04-15T15:49:23.600,-11.739,0,,0,48,28,5
2026-04-15T15:49:24.600,-11.708,0,,0,48,28,5
2026-04-15T15:49:25.600,-11.725,0,,0,48,28,5
2026-04-15T15:49:26.640,-11.726,0,,0,48,28,5
2026-04-15T15:49:27.600,-11.736,0,,0,48,28,5
2026-04-15T15:49:28.630,-11.741,0,,0,48,28,5
2026-04-15T15:49:29.600,-11.739,0,,0,48,28,5
2026-04-15T15:49:30.600,-11.739,0,,0,48,28,5
2026-04-15T15:49:31.600,-11.765,0,,0,48,28,5
2026-04-15T15:49:32.610,-11.744,0,,0,48,28,5
2026-04-15T15:49:33.600,-11.731,0,,0,48,28,5
2026-04-15T15:49:34.600,-11.713,0,,0,48,28,5
2026-04-15T15:49:35.610,-11.713,0,,0,48,28,5
2026-04-15T15:49:36.600,-11.734,0,,0,48,28,5
2026-04-15T15:49:37.600,-11.738,0,,0,48,28,5
2026-04-15T15:49:38.930,-11.749,0,,0,48,28,5
2026-04-15T15:49:39.600,-11.747,0,,0,48,28,5
2026-04-15T15:49:40.600,-11.734,0,,0,48,28,5
2026-04-15T15:49:41.610,-11.723,0,,0,48,28,5
2026-04-15T15:49:42.600,-11.708,0,,0,48,28,5
2026-04-15T15:49:43.600,-11.692,0,,0,48,28,5
2026-04-15T15:49:44.610,-11.712,0,,0,48,28,5
2026-04-15T15:49:45.600,-11.727,0,,0,48,28,5
2026-04-15T15:49:46.600,-11.739,0,,0,48,28,5
2026-04-15T15:49:47.610,-11.749,0,,0,48,28,5
2026-04-15T15:49:48.610,-11.761,0,,0,48,28,5
2026-04-15T15:49:49.600,-11.740,0,,0,48,28,5
2026-04-15T15:49:50.610,-11.726,0,,0,48,28,5
2026-04-15T15:49:51.600,-11.736,0,,0,48,28,5
2026-04-15T15:49:52.600,-11.724,0,,0,48,28,5
2026-04-15T15:49:53.600,-11.742,0,,0,48,28,5
2026-04-15T15:49:55.020,-11.729,0,,0,48,28,5
2026-04-15T15:49:55.600,-11.738,0,,0,48,28,5
2026-04-15T15:49:56.600,-11.698,0,,0,48,28,5
2026-04-15T15:49:57.600,-11.700,0,,0,48,28,5
2026-04-15T15:49:59.730,-11.708,0,,0,48,28,5
2026-04-15T15:50:00.600,-11.699,0,,0,48,28,5
2026-04-15T15:50:01.600,-11.705,0,,0,48,28,5
2026-04-15T15:50:02.610,-11.701,0,,0,48,28,5
2026-04-15T15:50:03.600,-11.713,0,,0,48,28,5
2026-04-15T15:50:05.100,-11.721,0,,0,48,28,5
2026-04-15T15:50:05.610,-11.724,0,,0,48,28,5
2026-04-15T15:50:06.600,-11.712,0,,0,48,28,5
2026-04-15T15:50:07.600,-11.720,0,,0,48,28,5
2026-04-15T15:50:08.610,-11.749,0,,0,48,28,5
2026-04-15T15:50:09.600,-11.721,0,,0,48,28,5
2026-04-15T15:50:10.880,-11.722,0,,0,48,28,5
2026-04-15T15:50:11.610,-11.729,0,,0,48,28,5
2026-04-15T15:50:12.600,-11.723,0,,0,48,28,5
2026-04-15T15:50:13.600,-11.751,0,,0,48,28,5
2026-04-15T15:50:14.610,-11.751,0,,0,48,28,5
2026-04-15T15:50:15.610,-11.732,0,,0,48,28,5
2026-04-15T15:50:16.590,-11.713,0,Image_167.png,0,48,28,5
2026-04-15T15:50:17.930,-11.711,0,,0,48,28,5
2026-04-15T15:50:18.600,-11.710,0,,0,48,28,5
2026-04-15T15:50:19.600,-11.735,0,,0,48,28,5
2026-04-15T15:50:20.610,-11.732,0,,0,48,28,5
2026-04-15T15:50:21.600,-11.725,0,,0,48,28,5
2026-04-15T15:50:22.600,-11.737,0,,0,48,28,5
2026-04-15T15:50:23.610,-11.725,0,,0,48,28,5
2026-04-15T15:50:24.600,-11.735,0,,0,48,28,5
2026-04-15T15:50:25.600,-11.754,0,,0,48,28,5
2026-04-15T15:50:26.600,-11.732,0,,0,48,28,5
2026-04-15T15:50:27.600,-11.742,0,,0,48,28,5
2026-04-15T15:50:28.600,-11.743,0,,0,48,28,5
2026-04-15T15:50:29.610,-11.729,0,,0,48,28,5
2026-04-15T15:50:30.750,-11.728,0,,0,48,28,5
2026-04-15T15:50:31.600,-11.724,0,,0,48,28,5
2026-04-15T15:50:32.990,-11.728,0,,0,48,28,5
2026-04-15T15:50:33.600,-11.728,0,,0,48,28,5
2026-04-15T15:50:34.600,-11.743,0,,0,48,28,5
2026-04-15T15:50:35.600,-11.744,0,,0,48,28,5
2026-04-15T15:50:36.650,-11.758,0,,0,48,28,5
2026-04-15T15:50:37.600,-11.748,0,,0,48,28,5
2026-04-15T15:50:38.600,-11.749,0,,0,48,28,5
2026-04-15T15:50:39.600,-11.759,0,,0,48,28,5
2026-04-15T15:50:40.600,-11.759,0,,0,48,28,5
2026-04-15T15:50:41.610,-11.771,0,,0,48,28,5
2026-04-15T15:50:42.600,-11.770,0,,0,48,28,5
2026-04-15T15:50:43.600,-11.773,0,,0,48,28,5
2026-04-15T15:50:44.610,-11.774,0,,0,48,28,5
2026-04-15T15:50:45.600,-11.778,0,,0,48,28,5
2026-04-15T15:50:46.600,-11.778,0,,0,48,28,5
2026-04-15T15:50:47.610,-11.777,0,,0,48,28,5
2026-04-15T15:50:48.590,-11.767,0,,0,48,28,5
2026-04-15T15:50:49.600,-11.776,0,,0,48,28,5
2026-04-15T15:50:50.610,-11.754,0,,0,48,28,5
2026-04-15T15:50:51.600,-11.785,0,,0,48,28,5
2026-04-15T15:50:52.600,-11.760,0,,0,48,28,5
2026-04-15T15:50:53.590,-11.752,0,,0,48,28,5
2026-04-15T15:50:54.600,-11.749,0,,0,48,28,5
2026-04-15T15:50:55.600,-11.758,0,,0,48,28,5
2026-04-15T15:50:56.610,-11.773,0,,0,48,28,5
2026-04-15T15:50:57.600,-11.783,0,,0,48,28,5
2026-04-15T15:50:58.600,-11.812,0,,0,48,28,5
2026-04-15T15:50:59.610,-11.786,0,,0,48,28,5
2026-04-15T15:51:00.600,-11.780,0,,0,48,28,5
2026-04-15T15:51:01.600,-11.776,0,,0,48,28,5
2026-04-15T15:51:02.610,-11.785,0,,0,48,28,5
2026-04-15T15:51:03.600,-11.803,0,,0,48,28,5
2026-04-15T15:51:04.610,-11.798,0,,0,48,28,5
2026-04-15T15:51:05.610,-11.807,0,,0,48,28,5
2026-04-15T15:51:06.600,-11.792,0,,0,48,28,5
2026-04-15T15:51:07.600,-11.806,0,,0,48,28,5
2026-04-15T15:51:08.590,-11.795,0,,0,48,28,5
2026-04-15T15:51:09.600,-11.794,0,,0,48,28,5
2026-04-15T15:51:10.600,-11.787,0,,0,48,28,5
2026-04-15T15:51:11.610,-11.782,0,,0,48,28,5
2026-04-15T15:51:12.600,-11.773,0,,0,48,28,5
2026-04-15T15:51:13.600,-11.775,0,,0,48,28,5
2026-04-15T15:51:14.610,-11.772,0,,0,48,28,5
2026-04-15T15:51:15.600,-11.780,0,,0,48,28,5
2026-04-15T15:51:16.600,-11.785,0,,0,48,28,5
2026-04-15T15:51:17.610,-11.798,0,Image_168.png,0,48,28,5
2026-04-15T15:51:18.910,-11.794,0,,0,48,28,5
2026-04-15T15:51:19.600,-11.782,0,,0,48,28,5
2026-04-15T15:51:20.610,-11.784,0,,0,48,28,5
2026-04-15T15:51:21.600,-11.796,0,,0,48,28,5
2026-04-15T15:51:22.600,-11.787,0,,0,48,28,5
2026-04-15T15:51:23.610,-11.781,0,,0,48,28,5
2026-04-15T15:51:24.600,-11.793,0,,0,48,28,5
2026-04-15T15:51:25.600,-11.781,0,,0,48,28,5
2026-04-15T15:51:26.600,-11.783,0,,0,48,28,5
2026-04-15T15:51:27.600,-11.783,0,,0,48,28,5
2026-04-15T15:51:28.600,-11.780,0,,0,48,28,5
2026-04-15T15:51:29.610,-11.779,0,,0,48,28,5
2026-04-15T15:51:30.970,-11.755,0,,0,48,28,5
2026-04-15T15:51:31.600,-11.751,0,,0,48,28,5
2026-04-15T15:51:32.610,-11.763,0,,0,48,28,5
2026-04-15T15:51:33.600,-11.749,0,,0,48,28,5
2026-04-15T15:51:35.060,-11.720,0,,0,48,28,5
2026-04-15T15:51:35.610,-11.719,0,,0,48,28,5
2026-04-15T15:51:36.600,-11.700,0,,0,48,28,5
2026-04-15T15:51:37.600,-11.705,0,,0,48,28,5
2026-04-15T15:51:38.600,-11.707,0,,0,48,28,5
2026-04-15T15:51:39.600,-11.715,0,,0,48,28,5
2026-04-15T15:51:40.600,-11.725,0,,0,48,28,5
2026-04-15T15:51:41.610,-11.740,0,,0,48,28,5
2026-04-15T15:51:42.600,-11.748,0,,0,48,28,5
2026-04-15T15:51:43.600,-11.735,0,,0,48,28,5
2026-04-15T15:51:44.610,-11.751,0,,0,48,28,5
2026-04-15T15:51:45.600,-11.736,0,,0,48,28,5
2026-04-15T15:51:46.600,-11.737,0,,0,48,28,5
2026-04-15T15:51:47.610,-11.755,0,,0,48,28,5
2026-04-15T15:51:48.610,-11.725,0,,0,48,28,5
2026-04-15T15:51:49.600,-11.754,0,,0,48,28,5
2026-04-15T15:51:50.610,-11.725,0,,0,48,28,5
2026-04-15T15:51:51.600,-11.714,0,,0,48,28,5
2026-04-15T15:51:52.600,-11.742,0,,0,48,28,5
2026-04-15T15:51:53.600,-11.733,0,,0,48,28,5
2026-04-15T15:51:54.600,-11.736,0,,0,48,28,5
2026-04-15T15:51:55.600,-11.736,0,,0,48,28,5
2026-04-15T15:51:56.610,-11.714,0,,0,48,28,5
2026-04-15T15:51:57.600,-11.709,0,,0,48,28,5
2026-04-15T15:51:58.840,-11.707,0,,0,48,28,5
2026-04-15T15:51:59.610,-11.718,0,,0,48,28,5
2026-04-15T15:52:00.600,-11.732,0,,0,48,28,5
2026-04-15T15:52:01.600,-11.726,0,,0,48,28,5
2026-04-15T15:52:02.610,-11.734,0,,0,48,28,5
2026-04-15T15:52:03.600,-11.739,0,,0,48,28,5
2026-04-15T15:52:04.580,-11.757,0,,0,48,28,5
2026-04-15T15:52:05.610,-11.746,0,,0,48,28,5
2026-04-15T15:52:06.600,-11.738,0,,0,48,28,5
2026-04-15T15:52:07.600,-11.734,0,,0,48,28,5
2026-04-15T15:52:08.610,-11.731,0,,0,48,28,5
2026-04-15T15:52:09.600,-11.722,0,,0,48,28,5
2026-04-15T15:52:10.600,-11.740,0,,0,48,28,5
2026-04-15T15:52:11.600,-11.712,0,,0,48,28,5
2026-04-15T15:52:12.600,-11.713,0,,0,48,28,5
2026-04-15T15:52:13.590,-11.709,0,,0,48,28,5
2026-04-15T15:52:14.610,-11.734,0,,0,48,28,5
2026-04-15T15:52:15.600,-11.763,0,,0,48,28,5
2026-04-15T15:52:16.600,-11.743,0,,0,48,28,5
2026-04-15T15:52:17.610,-11.749,0,,0,48,28,5
2026-04-15T15:52:18.590,-11.722,0,Image_169.png,0,48,28,5
2026-04-15T15:52:19.920,-11.717,0,,0,48,28,5
2026-04-15T15:52:20.610,-11.737,0,,0,48,28,5
2026-04-15T15:52:21.600,-11.716,0,,0,48,28,5
2026-04-15T15:52:22.600,-11.712,0,,0,48,28,5
2026-04-15T15:52:23.590,-11.733,0,,0,48,28,5
2026-04-15T15:52:24.600,-11.717,0,,0,48,28,5
2026-04-15T15:52:25.600,-11.725,0,,0,48,28,5
2026-04-15T15:52:26.610,-11.753,0,,0,48,28,5
2026-04-15T15:52:27.600,-11.742,0,,0,48,28,5
2026-04-15T15:52:28.600,-11.747,0,,0,48,28,5
2026-04-15T15:52:29.610,-11.744,0,,0,48,28,5
2026-04-15T15:52:30.600,-11.710,0,,0,48,28,5
2026-04-15T15:52:31.600,-11.716,0,,0,48,28,5
2026-04-15T15:52:33.000,-11.722,0,,0,48,28,5
2026-04-15T15:52:33.590,-11.705,0,,0,48,28,5
2026-04-15T15:52:34.600,-11.704,0,,0,48,28,5
2026-04-15T15:52:35.610,-11.702,0,,0,48,28,5
2026-04-15T15:52:36.600,-11.703,0,,0,48,28,5
2026-04-15T15:52:37.600,-11.707,0,,0,48,28,5
2026-04-15T15:52:38.600,-11.718,0,,0,48,28,5
2026-04-15T15:52:39.600,-11.741,0,,0,48,28,5
2026-04-15T15:52:40.600,-11.745,0,,0,48,28,5
2026-04-15T15:52:41.610,-11.747,0,,0,48,28,5
2026-04-15T15:52:42.600,-11.734,0,,0,48,28,5
2026-04-15T15:52:43.600,-11.717,0,,0,48,28,5
2026-04-15T15:52:44.610,-11.703,0,,0,48,28,5
2026-04-15T15:52:45.600,-11.702,0,,0,48,28,5
2026-04-15T15:52:46.600,-11.722,0,,0,48,28,5
2026-04-15T15:52:47.600,-11.714,0,,0,48,28,5
2026-04-15T15:52:48.610,-11.714,0,,0,48,28,5
2026-04-15T15:52:49.600,-11.728,0,,0,48,28,5
2026-04-15T15:52:50.670,-11.703,0,,0,48,28,5
2026-04-15T15:52:51.600,-11.691,0,,0,48,28,5
2026-04-15T15:52:52.600,-11.689,0,,0,48,28,5
2026-04-15T15:52:53.610,-11.684,0,,0,48,28,5
2026-04-15T15:52:54.600,-11.706,0,,0,48,28,5
2026-04-15T15:52:55.600,-11.702,0,,0,48,28,5
2026-04-15T15:52:56.650,-11.703,0,,0,48,28,5
2026-04-15T15:52:57.600,-11.705,0,,0,48,28,5
2026-04-15T15:52:58.600,-11.686,0,,0,48,28,5
2026-04-15T15:52:59.610,-11.691,0,,0,48,28,5
2026-04-15T15:53:00.600,-11.690,0,,0,48,28,5
2026-04-15T15:53:01.600,-11.704,0,,0,48,28,5
2026-04-15T15:53:02.610,-11.708,0,,0,48,28,5
2026-04-15T15:53:03.600,-11.707,0,,0,48,28,5
2026-04-15T15:53:04.600,-11.693,0,,0,48,28,5
2026-04-15T15:53:05.610,-11.704,0,,0,48,28,5
2026-04-15T15:53:06.600,-11.723,0,,0,48,28,5
2026-04-15T15:53:07.600,-11.705,0,,0,48,28,5
2026-04-15T15:53:08.590,-11.725,0,,0,48,28,5
2026-04-15T15:53:09.600,-11.721,0,,0,48,28,5
2026-04-15T15:53:10.600,-11.745,0,,0,48,28,5
2026-04-15T15:53:11.610,-11.725,0,,0,48,28,5
2026-04-15T15:53:12.600,-11.739,0,,0,48,28,5
2026-04-15T15:53:13.600,-11.746,0,,0,48,28,5
2026-04-15T15:53:14.770,-11.726,0,,0,48,28,5
2026-04-15T15:53:15.600,-11.733,0,,0,48,28,5
2026-04-15T15:53:16.600,-11.741,0,,0,48,28,5
2026-04-15T15:53:17.610,-11.740,0,,0,48,28,5
2026-04-15T15:53:18.720,-11.739,0,,0,48,28,5
2026-04-15T15:53:19.600,-11.761,0,Image_170.png,0,48,28,5
2026-04-15T15:53:20.920,-11.750,0,,0,48,28,5
2026-04-15T15:53:21.600,-11.730,0,,0,48,28,5
2026-04-15T15:53:22.600,-11.727,0,,0,48,28,5
2026-04-15T15:53:23.580,-11.714,0,,0,48,28,5
2026-04-15T15:53:24.600,-11.711,0,,0,48,28,5
2026-04-15T15:53:25.600,-11.717,0,,0,48,28,5
2026-04-15T15:53:26.610,-11.707,0,,0,48,28,5
2026-04-15T15:53:27.600,-11.700,0,,0,48,28,5
2026-04-15T15:53:28.600,-11.711,0,,0,48,28,5
2026-04-15T15:53:29.610,-11.711,0,,0,48,28,5
2026-04-15T15:53:30.600,-11.711,0,,0,48,28,5
2026-04-15T15:53:31.600,-11.719,0,,0,48,28,5
2026-04-15T15:53:32.610,-11.706,0,,0,48,28,5
2026-04-15T15:53:33.600,-11.712,0,,0,48,28,5
2026-04-15T15:53:34.600,-11.704,0,,0,48,28,5
2026-04-15T15:53:35.610,-11.705,0,,0,48,28,5
2026-04-15T15:53:36.600,-11.699,0,,0,48,28,5
2026-04-15T15:53:37.600,-11.713,0,,0,48,28,5
2026-04-15T15:53:38.610,-11.711,0,,0,48,28,5
2026-04-15T15:53:39.600,-11.714,0,,0,48,28,5
2026-04-15T15:53:40.600,-11.709,0,,0,48,28,5
2026-04-15T15:53:41.600,-11.717,0,,0,48,28,5
2026-04-15T15:53:42.600,-11.708,0,,0,48,28,5
2026-04-15T15:53:43.600,-11.703,0,,0,48,28,5
2026-04-15T15:53:44.610,-11.715,0,,0,48,28,5
2026-04-15T15:53:45.600,-11.703,0,,0,48,28,5
2026-04-15T15:53:46.600,-11.708,0,,0,48,28,5
2026-04-15T15:53:47.610,-11.708,0,,0,48,28,5
2026-04-15T15:53:48.600,-11.708,0,,0,48,28,5
2026-04-15T15:53:49.610,-11.702,0,,0,48,28,5
2026-04-15T15:53:50.610,-11.698,0,,0,48,28,5
2026-04-15T15:53:51.600,-11.702,0,,0,48,28,5
2026-04-15T15:53:52.600,-11.701,0,,0,48,28,5
2026-04-15T15:53:53.610,-11.708,0,,0,48,28,5
2026-04-15T15:53:55.640,-11.700,0,,0,48,28,5
2026-04-15T15:53:56.610,-11.696,0,,0,48,28,5
2026-04-15T15:53:57.600,-11.696,0,,0,48,28,5
2026-04-15T15:53:58.740,-11.700,0,,0,48,28,5
2026-04-15T15:53:59.610,-11.717,0,,0,48,28,5
2026-04-15T15:54:00.600,-11.699,0,,0,48,28,5
2026-04-15T15:54:01.600,-11.708,0,,0,48,28,5
2026-04-15T15:54:02.600,-11.710,0,,0,48,28,5
2026-04-15T15:54:03.590,-11.710,0,,0,48,28,5
2026-04-15T15:54:04.600,-11.707,0,,0,48,28,5
2026-04-15T15:54:05.610,-11.673,0,,0,48,28,5
2026-04-15T15:54:06.620,-11.697,0,,0,48,28,5
2026-04-15T15:54:07.600,-11.680,0,,0,48,28,5
2026-04-15T15:54:08.590,-11.675,0,,0,48,28,5
2026-04-15T15:54:09.600,-11.688,0,,0,48,28,5
2026-04-15T15:54:10.600,-11.685,0,,0,48,28,5
2026-04-15T15:54:11.600,-11.681,0,,0,48,28,5
2026-04-15T15:54:12.600,-11.671,0,,0,48,28,5
2026-04-15T15:54:13.600,-11.683,0,,0,48,28,5
2026-04-15T15:54:14.610,-11.673,0,,0,48,28,5
2026-04-15T15:54:15.600,-11.679,0,,0,48,28,5
2026-04-15T15:54:16.600,-11.678,0,,0,48,28,5
2026-04-15T15:54:17.610,-11.685,0,,0,48,28,5
2026-04-15T15:54:18.590,-11.677,0,,0,48,28,5
2026-04-15T15:54:19.600,-11.679,0,,0,48,28,5
2026-04-15T15:54:20.600,-11.661,0,Image_171.png,0,48,28,5
2026-04-15T15:54:21.920,-11.686,0,,0,48,28,5
2026-04-15T15:54:22.600,-11.669,0,,0,48,28,5
2026-04-15T15:54:23.610,-11.668,0,,0,48,28,5
2026-04-15T15:54:24.600,-11.666,0,,0,48,28,5
2026-04-15T15:54:25.600,-11.675,0,,0,48,28,5
2026-04-15T15:54:26.610,-11.669,0,,0,48,28,5
2026-04-15T15:54:27.600,-11.657,0,,0,48,28,5
2026-04-15T15:54:28.600,-11.656,0,,0,48,28,5
2026-04-15T15:54:29.610,-11.658,0,,0,48,28,5
2026-04-15T15:54:30.600,-11.662,0,,0,48,28,5
2026-04-15T15:54:31.600,-11.665,0,,0,48,28,5
2026-04-15T15:54:32.610,-11.666,0,,0,48,28,5
2026-04-15T15:54:33.600,-11.666,0,,0,48,28,5
2026-04-15T15:54:34.600,-11.666,0,,0,48,28,5
2026-04-15T15:54:35.610,-11.661,0,,0,48,28,5
2026-04-15T15:54:36.600,-11.661,0,,0,48,28,5
2026-04-15T15:54:37.600,-11.667,0,,0,48,28,5
2026-04-15T15:54:38.610,-11.676,0,,0,48,28,5
2026-04-15T15:54:39.610,-11.670,0,,0,48,28,5
2026-04-15T15:54:40.600,-11.674,0,,0,48,28,5
2026-04-15T15:54:41.610,-11.660,0,,0,48,28,5
2026-04-15T15:54:42.600,-11.676,0,,0,48,28,5
2026-04-15T15:54:43.600,-11.677,0,,0,48,28,5
2026-04-15T15:54:44.610,-11.685,0,,0,48,28,5
2026-04-15T15:54:45.600,-11.695,0,,0,48,28,5
2026-04-15T15:54:46.600,-11.681,0,,0,48,28,5
2026-04-15T15:54:47.610,-11.695,0,,0,48,28,5
2026-04-15T15:54:48.600,-11.696,0,,0,48,28,5
2026-04-15T15:54:49.600,-11.689,0,,0,48,28,5
2026-04-15T15:54:50.610,-11.705,0,,0,48,28,5
2026-04-15T15:54:51.600,-11.713,0,,0,48,28,5
2026-04-15T15:54:52.600,-11.716,0,,0,48,28,5
2026-04-15T15:54:53.610,-11.710,0,,0,48,28,5
2026-04-15T15:54:54.610,-11.706,0,,0,48,28,5
2026-04-15T15:54:55.600,-11.709,0,,0,48,28,5
2026-04-15T15:54:56.610,-11.700,0,,0,48,28,5
2026-04-15T15:54:57.600,-11.719,0,,0,48,28,5
2026-04-15T15:54:58.600,-11.724,0,,0,48,28,5
2026-04-15T15:54:59.600,-11.722,0,,0,48,28,5
2026-04-15T15:55:00.580,-11.714,0,,0,48,28,5
2026-04-15T15:55:01.580,-11.709,0,,0,48,28,5
2026-04-15T15:55:02.580,-11.709,0,,0,48,28,5
2026-04-15T15:55:03.580,-11.719,0,,0,48,28,5
2026-04-15T15:55:04.590,-11.714,0,,0,48,28,5
2026-04-15T15:55:05.580,-11.718,0,,0,48,28,5
2026-04-15T15:55:06.580,-11.713,0,,0,48,28,5
2026-04-15T15:55:07.580,-11.719,0,,0,48,28,5
2026-04-15T15:55:08.580,-11.719,0,,0,48,28,5
2026-04-15T15:55:09.580,-11.709,0,,0,48,28,5
2026-04-15T15:55:11.710,-11.703,0,,0,48,28,5
2026-04-15T15:55:12.580,-11.703,0,,0,48,28,5
2026-04-15T15:55:13.580,-11.706,0,,0,48,28,5
2026-04-15T15:55:14.580,-11.720,0,,0,48,28,5
2026-04-15T15:55:15.580,-11.702,0,,0,48,28,5
2026-04-15T15:55:16.580,-11.707,0,,0,48,28,5
2026-04-15T15:55:17.580,-11.702,0,,0,48,28,5
2026-04-15T15:55:18.600,-11.713,0,,0,48,28,5
2026-04-15T15:55:19.580,-11.708,0,,0,48,28,5
2026-04-15T15:55:20.580,-11.695,0,,0,48,28,5
2026-04-15T15:55:21.580,-11.713,0,Image_172.png,0,48,28,5
2026-04-15T15:55:22.930,-11.711,0,,0,48,28,5
2026-04-15T15:55:23.580,-11.697,0,,0,48,28,5
2026-04-15T15:55:24.580,-11.704,0,,0,48,28,5
2026-04-15T15:55:25.580,-11.702,0,,0,48,28,5
2026-04-15T15:55:26.580,-11.706,0,,0,48,28,5
2026-04-15T15:55:27.580,-11.694,0,,0,48,28,5
2026-04-15T15:55:28.580,-11.705,0,,0,48,28,5
2026-04-15T15:55:29.580,-11.710,0,,0,48,28,5
2026-04-15T15:55:30.620,-11.710,0,,0,48,28,5
2026-04-15T15:55:31.590,-11.710,0,,0,48,28,5
2026-04-15T15:55:32.580,-11.715,0,,0,48,28,5
2026-04-15T15:55:33.580,-11.724,0,,0,48,28,5
2026-04-15T15:55:34.750,-11.722,0,,0,48,28,5
2026-04-15T15:55:35.580,-11.719,0,,0,48,28,5
2026-04-15T15:55:36.590,-11.725,0,,0,48,28,5
2026-04-15T15:55:37.580,-11.731,0,,0,48,28,5
2026-04-15T15:55:38.580,-11.718,0,,0,48,28,5
2026-04-15T15:55:39.590,-11.721,0,,0,48,28,5
2026-04-15T15:55:40.600,-11.718,0,,0,48,28,5
2026-04-15T15:55:41.580,-11.727,0,,0,48,28,5
2026-04-15T15:55:42.580,-11.742,0,,0,48,28,5
2026-04-15T15:55:43.580,-11.754,0,,0,48,28,5
2026-04-15T15:55:44.580,-11.754,0,,0,48,28,5
2026-04-15T15:55:45.580,-11.755,0,,0,48,28,5
2026-04-15T15:55:46.580,-11.753,0,,0,48,28,5
2026-04-15T15:55:47.580,-11.734,0,,0,48,28,5
2026-04-15T15:55:48.580,-11.746,0,,0,48,28,5
2026-04-15T15:55:49.580,-11.736,0,,0,48,28,5
2026-04-15T15:55:50.580,-11.743,0,,0,48,28,5
2026-04-15T15:55:51.590,-11.752,0,,0,48,28,5
2026-04-15T15:55:52.680,-11.738,0,,0,48,28,5
2026-04-15T15:55:53.580,-11.736,0,,0,48,28,5
2026-04-15T15:55:54.580,-11.747,0,,0,48,28,5
2026-04-15T15:55:55.580,-11.754,0,,0,48,28,5
2026-04-15T15:55:56.780,-11.742,0,,0,48,28,5
2026-04-15T15:55:57.580,-11.739,0,,0,48,28,5
2026-04-15T15:55:58.580,-11.747,0,,0,48,28,5
2026-04-15T15:55:59.580,-11.729,0,,0,48,28,5
2026-04-15T15:56:00.580,-11.741,0,,0,48,28,5
2026-04-15T15:56:01.580,-11.769,0,,0,48,28,5
2026-04-15T15:56:02.580,-11.756,0,,0,48,28,5
2026-04-15T15:56:03.580,-11.752,0,,0,48,28,5
2026-04-15T15:56:04.580,-11.745,0,,0,48,28,5
2026-04-15T15:56:05.580,-11.746,0,,0,48,28,5
2026-04-15T15:56:06.680,-11.745,0,,0,48,28,5
2026-04-15T15:56:07.580,-11.755,0,,0,48,28,5
2026-04-15T15:56:08.580,-11.753,0,,0,48,28,5
2026-04-15T15:56:09.580,-11.719,0,,0,48,28,5
2026-04-15T15:56:10.580,-11.723,0,,0,48,28,5
2026-04-15T15:56:11.580,-11.721,0,,0,48,28,5
2026-04-15T15:56:12.580,-11.721,0,,0,48,28,5
2026-04-15T15:56:13.580,-11.734,0,,0,48,28,5
2026-04-15T15:56:14.580,-11.743,0,,0,48,28,5
2026-04-15T15:56:15.580,-11.731,0,,0,48,28,5
2026-04-15T15:56:16.620,-11.722,0,,0,48,28,5
2026-04-15T15:56:17.580,-11.733,0,,0,48,28,5
2026-04-15T15:56:18.580,-11.711,0,,0,48,28,5
2026-04-15T15:56:19.580,-11.712,0,,0,48,28,5
2026-04-15T15:56:20.580,-11.720,0,,0,48,28,5
2026-04-15T15:56:21.580,-11.723,0,Image_173.png,0,48,28,5
2026-04-15T15:56:22.920,-11.717,0,,0,48,28,5
2026-04-15T15:56:23.580,-11.709,0,,0,48,28,5
2026-04-15T15:56:24.580,-11.714,0,,0,48,28,5
2026-04-15T15:56:25.580,-11.684,0,,0,48,28,5
2026-04-15T15:56:26.580,-11.688,0,,0,48,28,5
2026-04-15T15:56:27.580,-11.679,0,,0,48,28,5
2026-04-15T15:56:28.580,-11.672,0,,0,48,28,5
2026-04-15T15:56:29.580,-11.696,0,,0,48,28,5
2026-04-15T15:56:30.580,-11.683,0,,0,48,28,5
2026-04-15T15:56:31.580,-11.694,0,,0,48,28,5
2026-04-15T15:56:32.750,-11.690,0,,0,48,28,5
2026-04-15T15:56:33.580,-11.695,0,,0,48,28,5
2026-04-15T15:56:34.580,-11.687,0,,0,48,28,5
2026-04-15T15:56:35.580,-11.689,0,,0,48,28,5
2026-04-15T15:56:36.580,-11.698,0,,0,48,28,5
2026-04-15T15:56:37.590,-11.705,0,,0,48,28,5
2026-04-15T15:56:38.670,-11.722,0,,0,48,28,5
2026-04-15T15:56:39.580,-11.713,0,,0,48,28,5
2026-04-15T15:56:40.580,-11.721,0,,0,48,28,5
2026-04-15T15:56:41.580,-11.728,0,,0,48,28,5
2026-04-15T15:56:42.580,-11.697,0,,0,48,28,5
2026-04-15T15:56:43.580,-11.702,0,,0,48,28,5
2026-04-15T15:56:44.580,-11.700,0,,0,48,28,5
2026-04-15T15:56:45.580,-11.702,0,,0,48,28,5
2026-04-15T15:56:46.580,-11.711,0,,0,48,28,5
2026-04-15T15:56:47.580,-11.715,0,,0,48,28,5
2026-04-15T15:56:48.580,-11.700,0,,0,48,28,5
2026-04-15T15:56:49.580,-11.701,0,,0,48,28,5
2026-04-15T15:56:50.580,-11.691,0,,0,48,28,5
2026-04-15T15:56:51.580,-11.684,0,,0,48,28,5
2026-04-15T15:56:52.580,-11.679,0,,0,48,28,5
2026-04-15T15:56:53.580,-11.689,0,,0,48,28,5
2026-04-15T15:56:54.580,-11.697,0,,0,48,28,5
2026-04-15T15:56:55.580,-11.697,0,,0,48,28,5
2026-04-15T15:56:56.580,-11.694,0,,0,48,28,5
2026-04-15T15:56:57.580,-11.681,0,,0,48,28,5
2026-04-15T15:56:58.610,-11.685,0,,0,48,28,5
2026-04-15T15:56:59.580,-11.674,0,,0,48,28,5
2026-04-15T15:57:00.580,-11.691,0,,0,48,28,5
2026-04-15T15:57:01.580,-11.702,0,,0,48,28,5
2026-04-15T15:57:02.580,-11.687,0,,0,48,28,5
2026-04-15T15:57:03.580,-11.692,0,,0,48,28,5
2026-04-15T15:57:04.580,-11.688,0,,0,48,28,5
2026-04-15T15:57:05.580,-11.694,0,,0,48,28,5
2026-04-15T15:57:06.580,-11.698,0,,0,48,28,5
2026-04-15T15:57:07.580,-11.702,0,,0,48,28,5
2026-04-15T15:57:08.580,-11.707,0,,0,48,28,5
2026-04-15T15:57:09.580,-11.708,0,,0,48,28,5
2026-04-15T15:57:10.580,-11.705,0,,0,48,28,5
2026-04-15T15:57:11.580,-11.701,0,,0,48,28,5
2026-04-15T15:57:12.580,-11.720,0,,0,48,28,5
2026-04-15T15:57:13.590,-11.718,0,,0,48,28,5
2026-04-15T15:57:14.580,-11.709,0,,0,48,28,5
2026-04-15T15:57:15.580,-11.697,0,,0,48,28,5
2026-04-15T15:57:16.580,-11.713,0,,0,48,28,5
2026-04-15T15:57:17.580,-11.694,0,,0,48,28,5
2026-04-15T15:57:18.580,-11.684,0,,0,48,28,5
2026-04-15T15:57:19.580,-11.683,0,,0,48,28,5
2026-04-15T15:57:20.580,-11.684,0,,0,48,28,5
2026-04-15T15:57:21.580,-11.703,0,Image_174.png,0,48,28,5
2026-04-15T15:57:22.950,-11.720,0,,0,48,28,5
2026-04-15T15:57:23.580,-11.746,0,,0,48,28,5
2026-04-15T15:57:24.580,-11.719,0,,0,48,28,5
2026-04-15T15:57:25.590,-11.725,0,,0,48,28,5
2026-04-15T15:57:26.580,-11.708,0,,0,48,28,5
2026-04-15T15:57:27.580,-11.692,0,,0,48,28,5
2026-04-15T15:57:28.580,-11.712,0,,0,48,28,5
2026-04-15T15:57:29.580,-11.732,0,,0,48,28,5
2026-04-15T15:57:30.580,-11.743,0,,0,48,28,5
2026-04-15T15:57:31.580,-11.746,0,,0,48,28,5
2026-04-15T15:57:32.580,-11.723,0,,0,48,28,5
2026-04-15T15:57:33.580,-11.723,0,,0,48,28,5
2026-04-15T15:57:34.580,-11.759,0,,0,48,28,5
2026-04-15T15:57:35.580,-11.761,0,,0,48,28,5
2026-04-15T15:57:36.580,-11.794,0,,0,48,28,5
2026-04-15T15:57:37.580,-11.765,0,,0,48,28,5
2026-04-15T15:57:38.580,-11.752,0,,0,48,28,5
2026-04-15T15:57:39.580,-11.748,0,,0,48,28,5
2026-04-15T15:57:40.580,-11.764,0,,0,48,28,5
2026-04-15T15:57:41.580,-11.772,0,,0,48,28,5
2026-04-15T15:57:42.580,-11.771,0,,0,48,28,5
2026-04-15T15:57:43.580,-11.771,0,,0,48,28,5
2026-04-15T15:57:44.580,-11.777,0,,0,48,28,5
2026-04-15T15:57:45.580,-11.773,0,,0,48,28,5
2026-04-15T15:57:46.580,-11.771,0,,0,48,28,5
2026-04-15T15:57:47.580,-11.789,0,,0,48,28,5
2026-04-15T15:57:48.680,-11.768,0,,0,48,28,5
2026-04-15T15:57:49.590,-11.769,0,,0,48,28,5
2026-04-15T15:57:50.580,-11.794,0,,0,48,28,5
2026-04-15T15:57:51.580,-11.777,0,,0,48,28,5
2026-04-15T15:57:52.580,-11.767,0,,0,48,28,5
2026-04-15T15:57:53.580,-11.763,0,,0,48,28,5
2026-04-15T15:57:54.580,-11.754,0,,0,48,28,5
2026-04-15T15:57:55.580,-11.761,0,,0,48,28,5
2026-04-15T15:57:56.580,-11.766,0,,0,48,28,5
2026-04-15T15:57:57.580,-11.766,0,,0,48,28,5
2026-04-15T15:57:58.580,-11.793,0,,0,48,28,5
2026-04-15T15:57:59.580,-11.756,0,,0,48,28,5
2026-04-15T15:58:00.690,-11.764,0,,0,48,28,5
2026-04-15T15:58:01.580,-11.771,0,,0,48,28,5
2026-04-15T15:58:02.590,-11.746,0,,0,48,28,5
2026-04-15T15:58:03.580,-11.771,0,,0,48,28,5
2026-04-15T15:58:04.580,-11.765,0,,0,48,28,5
2026-04-15T15:58:05.580,-11.755,0,,0,48,28,5
2026-04-15T15:58:06.580,-11.762,0,,0,48,28,5
2026-04-15T15:58:07.590,-11.751,0,,0,48,28,5
2026-04-15T15:58:08.580,-11.725,0,,0,48,28,5
2026-04-15T15:58:09.580,-11.735,0,,0,48,28,5
2026-04-15T15:58:10.580,-11.729,0,,0,48,28,5
2026-04-15T15:58:11.580,-11.724,0,,0,48,28,5
2026-04-15T15:58:12.590,-11.736,0,,0,48,28,5
2026-04-15T15:58:13.580,-11.747,0,,0,48,28,5
2026-04-15T15:58:14.590,-11.741,0,,0,48,28,5
2026-04-15T15:58:15.580,-11.743,0,,0,48,28,5
2026-04-15T15:58:16.580,-11.721,0,,0,48,28,5
2026-04-15T15:58:17.580,-11.717,0,,0,48,28,5
2026-04-15T15:58:18.590,-11.716,0,,0,48,28,5
2026-04-15T15:58:19.580,-11.723,0,,0,48,28,5
2026-04-15T15:58:20.580,-11.712,0,,0,48,28,5
2026-04-15T15:58:21.580,-11.740,0,,0,48,28,5
2026-04-15T15:58:22.580,-11.748,0,Image_175.png,0,48,28,5
2026-04-15T15:58:23.920,-11.748,0,,0,48,28,5
2026-04-15T15:58:24.580,-11.747,0,,0,48,28,5
2026-04-15T15:58:25.580,-11.729,0,,0,48,28,5
2026-04-15T15:58:26.580,-11.726,0,,0,48,28,5
2026-04-15T15:58:27.580,-11.738,0,,0,48,28,5
2026-04-15T15:58:28.580,-11.743,0,,0,48,28,5
2026-04-15T15:58:29.580,-11.745,0,,0,48,28,5
2026-04-15T15:58:30.580,-11.732,0,,0,48,28,5
2026-04-15T15:58:31.580,-11.736,0,,0,48,28,5
2026-04-15T15:58:32.580,-11.747,0,,0,48,28,5
2026-04-15T15:58:33.580,-11.743,0,,0,48,28,5
2026-04-15T15:58:34.580,-11.743,0,,0,48,28,5
2026-04-15T15:58:35.580,-11.748,0,,0,48,28,5
2026-04-15T15:58:36.620,-11.733,0,,0,48,28,5
2026-04-15T15:58:37.580,-11.744,0,,0,48,28,5
2026-04-15T15:58:38.580,-11.758,0,,0,48,28,5
2026-04-15T15:58:39.580,-11.733,0,,0,48,28,5
2026-04-15T15:58:40.590,-11.730,0,,0,48,28,5
2026-04-15T15:58:41.580,-11.739,0,,0,48,28,5
2026-04-15T15:58:42.580,-11.742,0,,0,48,28,5
2026-04-15T15:58:43.580,-11.743,0,,0,48,28,5
2026-04-15T15:58:44.580,-11.753,0,,0,48,28,5
2026-04-15T15:58:45.580,-11.771,0,,0,48,28,5
2026-04-15T15:58:46.580,-11.762,0,,0,48,28,5
2026-04-15T15:58:47.580,-11.741,0,,0,48,28,5
2026-04-15T15:58:48.580,-11.743,0,,0,48,28,5
2026-04-15T15:58:49.580,-11.733,0,,0,48,28,5
2026-04-15T15:58:51.020,-11.725,0,,0,48,28,5
2026-04-15T15:58:51.580,-11.726,0,,0,48,28,5
2026-04-15T15:58:52.580,-11.736,0,,0,48,28,5
2026-04-15T15:58:53.580,-11.730,0,,0,48,28,5
2026-04-15T15:58:54.580,-11.758,0,,0,48,28,5
2026-04-15T15:58:55.580,-11.744,0,,0,48,28,5
2026-04-15T15:58:56.780,-11.759,0,,0,48,28,5
2026-04-15T15:58:57.580,-11.765,0,,0,48,28,5
2026-04-15T15:58:58.590,-11.743,0,,0,48,28,5
2026-04-15T15:58:59.580,-11.751,0,,0,48,28,5
2026-04-15T15:59:00.580,-11.729,0,,0,48,28,5
2026-04-15T15:59:01.580,-11.728,0,,0,48,28,5
2026-04-15T15:59:02.580,-11.732,0,,0,48,28,5
2026-04-15T15:59:03.580,-11.726,0,,0,48,28,5
2026-04-15T15:59:04.580,-11.731,0,,0,48,28,5
2026-04-15T15:59:05.580,-11.725,0,,0,48,28,5
2026-04-15T15:59:06.580,-11.733,0,,0,48,28,5
2026-04-15T15:59:07.580,-11.734,0,,0,48,28,5
2026-04-15T15:59:08.580,-11.740,0,,0,48,28,5
2026-04-15T15:59:09.580,-11.745,0,,0,48,28,5
2026-04-15T15:59:11.340,-11.747,0,,0,48,28,5
2026-04-15T15:59:11.650,-11.745,0,,0,48,28,5
2026-04-15T15:59:12.580,-11.746,0,,0,48,28,5
2026-04-15T15:59:13.580,-11.753,0,,0,48,28,5
2026-04-15T15:59:14.600,-11.753,0,,0,48,28,5
2026-04-15T15:59:15.580,-11.744,0,,0,48,28,5
2026-04-15T15:59:16.580,-11.749,0,,0,48,28,5
2026-04-15T15:59:17.580,-11.771,0,,0,48,28,5
2026-04-15T15:59:18.580,-11.758,0,,0,48,28,5
2026-04-15T15:59:19.580,-11.762,0,,0,48,28,5
2026-04-15T15:59:20.580,-11.761,0,,0,48,28,5
2026-04-15T15:59:21.580,-11.762,0,,0,48,28,5
2026-04-15T15:59:22.580,-11.766,0,,0,48,28,5
2026-04-15T15:59:23.580,-11.752,0,Image_176.png,0,48,28,5
2026-04-15T15:59:24.960,-11.755,0,,0,48,28,5
2026-04-15T15:59:25.600,-11.766,0,,0,48,28,5
2026-04-15T15:59:26.620,-11.751,0,,0,48,28,5
2026-04-15T15:59:27.610,-11.763,0,,0,48,28,5
2026-04-15T15:59:28.600,-11.769,0,,0,48,28,5
2026-04-15T15:59:29.610,-11.780,0,,0,48,28,5
2026-04-15T15:59:30.600,-11.766,0,,0,48,28,5
2026-04-15T15:59:31.600,-11.765,0,,0,48,28,5
2026-04-15T15:59:32.600,-11.762,0,,0,48,28,5
2026-04-15T15:59:33.600,-11.768,0,,0,48,28,5
2026-04-15T15:59:34.600,-11.758,0,,0,48,28,5
2026-04-15T15:59:35.590,-11.771,0,,0,48,28,5
2026-04-15T15:59:36.600,-11.763,0,,0,48,28,5
2026-04-15T15:59:37.600,-11.762,0,,0,48,28,5
2026-04-15T15:59:38.590,-11.780,0,,0,48,28,5
2026-04-15T15:59:39.610,-11.787,0,,0,48,28,5
2026-04-15T15:59:40.590,-11.784,0,,0,48,28,5
2026-04-15T15:59:41.590,-11.774,0,,0,48,28,5
2026-04-15T15:59:42.600,-11.769,0,,0,48,28,5
2026-04-15T15:59:43.610,-11.764,0,,0,48,28,5
2026-04-15T15:59:44.860,-11.728,0,,0,48,28,5
2026-04-15T15:59:46.040,-11.738,0,,0,48,28,5
2026-04-15T15:59:46.580,-11.736,0,,0,48,28,5
2026-04-15T15:59:47.580,-11.754,0,,0,48,28,5
2026-04-15T15:59:48.580,-11.754,0,,0,48,28,5
2026-04-15T15:59:49.580,-11.759,0,,0,48,28,5
2026-04-15T15:59:50.590,-11.763,0,,0,48,28,5
2026-04-15T15:59:51.580,-11.757,0,,0,48,28,5
2026-04-15T15:59:52.580,-11.736,0,,0,48,28,5
2026-04-15T15:59:53.580,-11.734,0,,0,48,28,5
2026-04-15T15:59:54.580,-11.728,0,,0,48,28,5
2026-04-15T15:59:55.600,-11.722,0,,0,48,28,5
2026-04-15T15:59:56.610,-11.735,0,,0,48,28,5
2026-04-15T15:59:57.580,-11.757,0,,0,48,28,5
2026-04-15T15:59:58.580,-11.741,0,,0,48,28,5
2026-04-15T15:59:59.580,-11.744,0,,0,48,28,5
2026-04-15T16:00:00.580,-11.741,0,,0,48,28,5
2026-04-15T16:00:01.580,-11.729,0,,0,48,28,5
2026-04-15T16:00:02.590,-11.732,0,,0,48,28,5
2026-04-15T16:00:03.590,-11.740,0,,0,48,28,5
2026-04-15T16:00:04.580,-11.732,0,,0,48,28,5
2026-04-15T16:00:05.610,-11.732,0,,0,48,28,5
2026-04-15T16:00:06.600,-11.737,0,,0,48,28,5
2026-04-15T16:00:07.600,-11.725,0,,0,48,28,5
2026-04-15T16:00:08.610,-11.723,0,,0,48,28,5
2026-04-15T16:00:09.600,-11.731,0,,0,48,28,5
2026-04-15T16:00:10.600,-11.725,0,,0,48,28,5
2026-04-15T16:00:11.610,-11.726,0,,0,48,28,5
2026-04-15T16:00:12.590,-11.729,0,,0,48,28,5
2026-04-15T16:00:13.600,-11.734,0,,0,48,28,5
2026-04-15T16:00:14.610,-11.730,0,,0,48,28,5
2026-04-15T16:00:15.600,-11.726,0,,0,48,28,5
2026-04-15T16:00:16.580,-11.725,0,,0,48,28,5
2026-04-15T16:00:17.580,-11.734,0,,0,48,28,5
2026-04-15T16:00:18.640,-11.727,0,,0,48,28,5
2026-04-15T16:00:19.600,-11.718,0,,0,48,28,5
2026-04-15T16:00:20.580,-11.720,0,,0,48,28,5
2026-04-15T16:00:21.600,-11.730,0,,0,48,28,5
2026-04-15T16:00:22.600,-11.708,0,,0,48,28,5
2026-04-15T16:00:23.600,-11.723,0,Image_177.png,0,48,28,5
2026-04-15T16:00:24.980,-11.696,0,,0,48,28,5
2026-04-15T16:00:25.590,-11.687,0,,0,48,28,5
2026-04-15T16:00:26.580,-11.697,0,,0,48,28,5
2026-04-15T16:00:27.580,-11.703,0,,0,48,28,5
2026-04-15T16:00:28.580,-11.690,0,,0,48,28,5
2026-04-15T16:00:29.580,-11.686,0,,0,48,28,5
2026-04-15T16:00:30.580,-11.695,0,,0,48,28,5
2026-04-15T16:00:31.580,-11.693,0,,0,48,28,5
2026-04-15T16:00:32.580,-11.719,0,,0,48,28,5
2026-04-15T16:00:33.590,-11.726,0,,0,48,28,5
2026-04-15T16:00:34.590,-11.747,0,,0,48,28,5
2026-04-15T16:00:35.590,-11.757,0,,0,48,28,5
2026-04-15T16:00:36.710,-11.735,0,,0,48,28,5
2026-04-15T16:00:37.580,-11.768,0,,0,48,28,5
2026-04-15T16:00:38.580,-11.755,0,,0,48,28,5
2026-04-15T16:00:39.590,-11.735,0,,0,48,28,5
2026-04-15T16:00:40.590,-11.747,0,,0,48,28,5
2026-04-15T16:00:41.580,-11.745,0,,0,48,28,5
2026-04-15T16:00:42.580,-11.748,0,,0,48,28,5
2026-04-15T16:00:43.580,-11.776,0,,0,48,28,5
2026-04-15T16:00:44.590,-11.769,0,,0,48,28,5
2026-04-15T16:00:45.580,-11.764,0,,0,48,28,5
2026-04-15T16:00:46.580,-11.751,0,,0,48,28,5
2026-04-15T16:00:47.580,-11.751,0,,0,48,28,5
2026-04-15T16:00:48.580,-11.746,0,,0,48,28,5
2026-04-15T16:00:49.580,-11.771,0,,0,48,28,5
2026-04-15T16:00:50.580,-11.770,0,,0,48,28,5
2026-04-15T16:00:51.590,-11.744,0,,0,48,28,5
2026-04-15T16:00:52.580,-11.770,0,,0,48,28,5
2026-04-15T16:00:53.580,-11.771,0,,0,48,28,5
2026-04-15T16:00:54.580,-11.762,0,,0,48,28,5
2026-04-15T16:00:55.580,-11.768,0,,0,48,28,5
2026-04-15T16:00:56.580,-11.753,0,,0,48,28,5
2026-04-15T16:00:57.580,-11.748,0,,0,48,28,5
2026-04-15T16:00:58.580,-11.742,0,,0,48,28,5
2026-04-15T16:00:59.580,-11.732,0,,0,48,28,5
2026-04-15T16:01:00.580,-11.736,0,,0,48,28,5
2026-04-15T16:01:01.590,-11.738,0,,0,48,28,5
2026-04-15T16:01:02.650,-11.748,0,,0,48,28,5
2026-04-15T16:01:03.580,-11.769,0,,0,48,28,5
2026-04-15T16:01:04.580,-11.789,0,,0,48,28,5
2026-04-15T16:01:05.580,-11.771,0,,0,48,28,5
2026-04-15T16:01:06.590,-11.781,0,,0,48,28,5
2026-04-15T16:01:07.590,-11.776,0,,0,48,28,5
2026-04-15T16:01:08.590,-11.779,0,,0,48,28,5
2026-04-15T16:01:09.580,-11.774,0,,0,48,28,5
2026-04-15T16:01:10.580,-11.764,0,,0,48,28,5
2026-04-15T16:01:11.580,-11.790,0,,0,48,28,5
2026-04-15T16:01:12.650,-11.797,0,,0,48,28,5
2026-04-15T16:01:13.580,-11.774,0,,0,48,28,5
2026-04-15T16:01:14.580,-11.757,0,,0,48,28,5
2026-04-15T16:01:15.580,-11.764,0,,0,48,28,5
2026-04-15T16:01:16.580,-11.756,0,,0,48,28,5
2026-04-15T16:01:17.580,-11.759,0,,0,48,28,5
2026-04-15T16:01:18.590,-11.763,0,,0,48,28,5
2026-04-15T16:01:19.580,-11.771,0,,0,48,28,5
2026-04-15T16:01:20.800,-11.771,0,,0,48,28,5
2026-04-15T16:01:21.580,-11.768,0,,0,48,28,5
2026-04-15T16:01:22.590,-11.768,0,,0,48,28,5
2026-04-15T16:01:23.590,-11.783,0,,0,48,28,5
2026-04-15T16:01:24.580,-11.777,0,Image_178.png,0,48,28,5
2026-04-15T16:01:25.980,-11.783,0,,0,48,28,5
2026-04-15T16:01:26.580,-11.790,0,,0,48,28,5
2026-04-15T16:01:27.580,-11.785,0,,0,48,28,5
2026-04-15T16:01:28.580,-11.780,0,,0,48,28,5
2026-04-15T16:01:29.580,-11.779,0,,0,48,28,5
2026-04-15T16:01:30.600,-11.788,0,,0,48,28,5
2026-04-15T16:01:31.600,-11.801,0,,0,48,28,5
2026-04-15T16:01:32.650,-11.789,0,,0,48,28,5
2026-04-15T16:01:33.580,-11.783,0,,0,48,28,5
2026-04-15T16:01:34.590,-11.793,0,,0,48,28,5
2026-04-15T16:01:35.580,-11.786,0,,0,48,28,5
2026-04-15T16:01:36.580,-11.787,0,,0,48,28,5
2026-04-15T16:01:37.590,-11.794,0,,0,48,28,5
2026-04-15T16:01:38.580,-11.792,0,,0,48,28,5
2026-04-15T16:01:39.580,-11.790,0,,0,48,28,5
2026-04-15T16:01:40.750,-11.788,0,,0,48,28,5
2026-04-15T16:01:41.590,-11.773,0,,0,48,28,5
2026-04-15T16:01:42.580,-11.784,0,,0,48,28,5
2026-04-15T16:01:43.590,-11.781,0,,0,48,28,5
2026-04-15T16:01:44.580,-11.788,0,,0,48,28,5
2026-04-15T16:01:45.580,-11.788,0,,0,48,28,5
2026-04-15T16:01:46.580,-11.776,0,,0,48,28,5
2026-04-15T16:01:47.580,-11.786,0,,0,48,28,5
2026-04-15T16:01:48.580,-11.785,0,,0,48,28,5
2026-04-15T16:01:49.580,-11.783,0,,0,48,28,5
2026-04-15T16:01:50.590,-11.783,0,,0,48,28,5
2026-04-15T16:01:51.580,-11.779,0,,0,48,28,5
2026-04-15T16:01:52.580,-11.780,0,,0,48,28,5
2026-04-15T16:01:53.580,-11.781,0,,0,48,28,5
2026-04-15T16:01:54.590,-11.777,0,,0,48,28,5
2026-04-15T16:01:55.590,-11.780,0,,0,48,28,5
2026-04-15T16:01:56.590,-11.783,0,,0,48,28,5
2026-04-15T16:01:57.590,-11.791,0,,0,48,28,5
2026-04-15T16:01:58.660,-11.792,0,,0,48,28,5
2026-04-15T16:01:59.580,-11.790,0,,0,48,28,5
2026-04-15T16:02:00.590,-11.797,0,,0,48,28,5
2026-04-15T16:02:01.590,-11.792,0,,0,48,28,5
2026-04-15T16:02:02.580,-11.791,0,,0,48,28,5
2026-04-15T16:02:03.580,-11.788,0,,0,48,28,5
2026-04-15T16:02:04.600,-11.782,0,,0,48,28,5
2026-04-15T16:02:05.580,-11.783,0,,0,48,28,5
2026-04-15T16:02:06.590,-11.794,0,,0,48,28,5
2026-04-15T16:02:07.590,-11.794,0,,0,48,28,5
2026-04-15T16:02:08.590,-11.798,0,,0,48,28,5
2026-04-15T16:02:09.590,-11.800,0,,0,48,28,5
2026-04-15T16:02:10.580,-11.797,0,,0,48,28,5
2026-04-15T16:02:11.580,-11.803,0,,0,48,28,5
2026-04-15T16:02:12.580,-11.797,0,,0,48,28,5
2026-04-15T16:02:13.580,-11.788,0,,0,48,28,5
2026-04-15T16:02:14.580,-11.788,0,,0,48,28,5
2026-04-15T16:02:15.580,-11.774,0,,0,48,28,5
2026-04-15T16:02:16.580,-11.786,0,,0,48,28,5
2026-04-15T16:02:17.580,-11.798,0,,0,48,28,5
2026-04-15T16:02:18.580,-11.799,0,,0,48,28,5
2026-04-15T16:02:19.580,-11.793,0,,0,48,28,5
2026-04-15T16:02:20.590,-11.811,0,,0,48,28,5
2026-04-15T16:02:21.580,-11.801,0,,0,48,28,5
2026-04-15T16:02:22.580,-11.788,0,,0,48,28,5
2026-04-15T16:02:23.580,-11.802,0,,0,48,28,5
2026-04-15T16:02:24.580,-11.800,0,,0,48,28,5
2026-04-15T16:02:25.580,-11.801,0,Image_179.png,0,48,28,5
2026-04-15T16:02:27.000,-11.794,0,,0,48,28,5
2026-04-15T16:02:27.580,-11.790,0,,0,48,28,5
2026-04-15T16:02:28.580,-11.796,0,,0,48,28,5
2026-04-15T16:02:29.590,-11.795,0,,0,48,28,5
2026-04-15T16:02:30.580,-11.801,0,,0,48,28,5
2026-04-15T16:02:31.580,-11.795,0,,0,48,28,5
2026-04-15T16:02:32.580,-11.802,0,,0,48,28,5
2026-04-15T16:02:33.590,-11.769,0,,0,48,28,5
2026-04-15T16:02:34.590,-11.778,0,,0,48,28,5
2026-04-15T16:02:35.590,-11.770,0,,0,48,28,5
2026-04-15T16:02:36.590,-11.750,0,,0,48,28,5
2026-04-15T16:02:37.590,-11.777,0,,0,48,28,5
2026-04-15T16:02:38.590,-11.772,0,,0,48,28,5
2026-04-15T16:02:39.600,-11.774,0,,0,48,28,5
2026-04-15T16:02:40.580,-11.803,0,,0,48,28,5
2026-04-15T16:02:41.590,-11.797,0,,0,48,28,5
2026-04-15T16:02:42.580,-11.794,0,,0,48,28,5
2026-04-15T16:02:43.580,-11.798,0,,0,48,28,5
2026-04-15T16:02:44.590,-11.802,0,,0,48,28,5
2026-04-15T16:02:45.580,-11.802,0,,0,48,28,5
2026-04-15T16:02:46.590,-11.798,0,,0,48,28,5
2026-04-15T16:02:47.580,-11.806,0,,0,48,28,5
2026-04-15T16:02:48.600,-11.809,0,,0,48,28,5
2026-04-15T16:02:49.590,-11.791,0,,0,48,28,5
2026-04-15T16:02:50.590,-11.793,0,,0,48,28,5
2026-04-15T16:02:51.590,-11.789,0,,0,48,28,5
2026-04-15T16:02:52.580,-11.765,0,,0,48,28,5
2026-04-15T16:02:53.580,-11.771,0,,0,48,28,5
2026-04-15T16:02:54.580,-11.768,0,,0,48,28,5
2026-04-15T16:02:55.590,-11.773,0,,0,48,28,5
2026-04-15T16:02:56.580,-11.785,0,,0,48,28,5
2026-04-15T16:02:57.590,-11.762,0,,0,48,28,5
2026-04-15T16:02:58.580,-11.751,0,,0,48,28,5
2026-04-15T16:02:59.580,-11.754,0,,0,48,28,5
2026-04-15T16:03:00.580,-11.749,0,,0,48,28,5
2026-04-15T16:03:01.580,-11.740,0,,0,48,28,5
2026-04-15T16:03:02.590,-11.760,0,,0,48,28,5
2026-04-15T16:03:03.580,-11.760,0,,0,48,28,5
2026-04-15T16:03:04.580,-11.759,0,,0,48,28,5
2026-04-15T16:03:05.580,-11.756,0,,0,48,28,5
2026-04-15T16:03:06.590,-11.752,0,,0,48,28,5
2026-04-15T16:03:07.580,-11.764,0,,0,48,28,5
2026-04-15T16:03:08.580,-11.769,0,,0,48,28,5
2026-04-15T16:03:09.580,-11.773,0,,0,48,28,5
2026-04-15T16:03:10.580,-11.784,0,,0,48,28,5
2026-04-15T16:03:11.580,-11.780,0,,0,48,28,5
2026-04-15T16:03:12.590,-11.769,0,,0,48,28,5
2026-04-15T16:03:13.590,-11.769,0,,0,48,28,5
2026-04-15T16:03:14.590,-11.764,0,,0,48,28,5
2026-04-15T16:03:15.580,-11.769,0,,0,48,28,5
2026-04-15T16:03:16.580,-11.759,0,,0,48,28,5
2026-04-15T16:03:17.590,-11.752,0,,0,48,28,5
2026-04-15T16:03:18.590,-11.766,0,,0,48,28,5
2026-04-15T16:03:19.580,-11.767,0,,0,48,28,5
2026-04-15T16:03:20.580,-11.759,0,,0,48,28,5
2026-04-15T16:03:21.580,-11.747,0,,0,48,28,5
2026-04-15T16:03:22.580,-11.745,0,,0,48,28,5
2026-04-15T16:03:23.580,-11.744,0,,0,48,28,5
2026-04-15T16:03:24.580,-11.740,0,,0,48,28,5
2026-04-15T16:03:25.590,-11.730,0,Image_180.png,0,48,28,5
2026-04-15T16:03:27.000,-11.738,0,,0,48,28,5
2026-04-15T16:03:27.580,-11.741,0,,0,48,28,5
2026-04-15T16:03:28.580,-11.741,0,,0,48,28,5
2026-04-15T16:03:29.590,-11.738,0,,0,48,28,5
2026-04-15T16:03:30.590,-11.727,0,,0,48,28,5
2026-04-15T16:03:31.580,-11.734,0,,0,48,28,5
2026-04-15T16:03:32.580,-11.719,0,,0,48,28,5
2026-04-15T16:03:33.580,-11.726,0,,0,48,28,5
2026-04-15T16:03:34.590,-11.726,0,,0,48,28,5
2026-04-15T16:03:35.590,-11.718,0,,0,48,28,5
2026-04-15T16:03:36.580,-11.727,0,,0,48,28,5
2026-04-15T16:03:37.580,-11.719,0,,0,48,28,5
2026-04-15T16:03:38.600,-11.707,0,,0,48,28,5
2026-04-15T16:03:39.580,-11.718,0,,0,48,28,5
2026-04-15T16:03:40.580,-11.710,0,,0,48,28,5
2026-04-15T16:03:41.580,-11.717,0,,0,48,28,5
2026-04-15T16:03:42.590,-11.713,0,,0,48,28,5
2026-04-15T16:03:43.580,-11.721,0,,0,48,28,5
2026-04-15T16:03:44.600,-11.708,0,,0,48,28,5
2026-04-15T16:03:45.590,-11.722,0,,0,48,28,5
2026-04-15T16:03:46.580,-11.704,0,,0,48,28,5
2026-04-15T16:03:47.580,-11.699,0,,0,48,28,5
2026-04-15T16:03:48.590,-11.694,0,,0,48,28,5
2026-04-15T16:03:49.580,-11.697,0,,0,48,28,5
2026-04-15T16:03:51.400,-11.710,0,,0,48,28,5
2026-04-15T16:03:51.710,-11.711,0,,0,48,28,5
2026-04-15T16:03:52.590,-11.706,0,,0,48,28,5
2026-04-15T16:03:53.580,-11.695,0,,0,48,28,5
2026-04-15T16:03:54.580,-11.706,0,,0,48,28,5
2026-04-15T16:03:55.580,-11.695,0,,0,48,28,5
2026-04-15T16:03:56.580,-11.702,0,,0,48,28,5
2026-04-15T16:03:57.590,-11.692,0,,0,48,28,5
2026-04-15T16:03:58.580,-11.687,0,,0,48,28,5
2026-04-15T16:03:59.590,-11.693,0,,0,48,28,5
2026-04-15T16:04:00.640,-11.700,0,,0,48,28,5
2026-04-15T16:04:01.590,-11.692,0,,0,48,28,5
2026-04-15T16:04:02.670,-11.702,0,,0,48,28,5
2026-04-15T16:04:03.580,-11.692,0,,0,48,28,5
2026-04-15T16:04:05.160,-11.694,0,,0,48,28,5
2026-04-15T16:04:05.580,-11.682,0,,0,48,28,5
2026-04-15T16:04:06.590,-11.689,0,,0,48,28,5
2026-04-15T16:04:07.580,-11.689,0,,0,48,28,5
2026-04-15T16:04:08.730,-11.684,0,,0,48,28,5
2026-04-15T16:04:09.580,-11.683,0,,0,48,28,5
2026-04-15T16:04:10.580,-11.677,0,,0,48,28,5
2026-04-15T16:04:11.580,-11.688,0,,0,48,28,5
2026-04-15T16:04:12.590,-11.681,0,,0,48,28,5
2026-04-15T16:04:13.580,-11.666,0,,0,48,28,5
2026-04-15T16:04:14.580,-11.672,0,,0,48,28,5
2026-04-15T16:04:15.580,-11.675,0,,0,48,28,5
2026-04-15T16:04:16.600,-11.675,0,,0,48,28,5
2026-04-15T16:04:17.580,-11.674,0,,0,48,28,5
2026-04-15T16:04:18.590,-11.683,0,,0,48,28,5
2026-04-15T16:04:19.590,-11.698,0,,0,48,28,5
2026-04-15T16:04:20.610,-11.714,0,,0,48,28,5
2026-04-15T16:04:21.580,-11.689,0,,0,48,28,5
2026-04-15T16:04:23.090,-11.682,0,,0,48,28,5
2026-04-15T16:04:23.580,-11.689,0,,0,48,28,5
2026-04-15T16:04:24.580,-11.678,0,,0,48,28,5
2026-04-15T16:04:25.580,-11.673,0,Image_181.png,0,48,28,5
2026-04-15T16:04:27.030,-11.667,0,,0,48,28,5
2026-04-15T16:04:27.580,-11.662,0,,0,48,28,5
2026-04-15T16:04:28.580,-11.680,0,,0,48,28,5
2026-04-15T16:04:29.590,-11.706,0,,0,48,28,5
2026-04-15T16:04:30.580,-11.720,0,,0,48,28,5
2026-04-15T16:04:31.580,-11.709,0,,0,48,28,5
2026-04-15T16:04:32.590,-11.715,0,,0,48,28,5
2026-04-15T16:04:33.590,-11.701,0,,0,48,28,5
2026-04-15T16:04:34.580,-11.705,0,,0,48,28,5
2026-04-15T16:04:35.580,-11.702,0,,0,48,28,5
2026-04-15T16:04:36.590,-11.699,0,,0,48,28,5
2026-04-15T16:04:37.580,-11.702,0,,0,48,28,5
2026-04-15T16:04:38.580,-11.677,0,,0,48,28,5
2026-04-15T16:04:39.590,-11.695,0,,0,48,28,5
2026-04-15T16:04:40.580,-11.682,0,,0,48,28,5
2026-04-15T16:04:41.590,-11.685,0,,0,48,28,5
2026-04-15T16:04:42.580,-11.696,0,,0,48,28,5
2026-04-15T16:04:43.580,-11.725,0,,0,48,28,5
2026-04-15T16:04:44.580,-11.705,0,,0,48,28,5
2026-04-15T16:04:45.580,-11.689,0,,0,48,28,5
2026-04-15T16:04:46.590,-11.675,0,,0,48,28,5
2026-04-15T16:04:47.580,-11.685,0,,0,48,28,5
2026-04-15T16:04:48.590,-11.693,0,,0,48,28,5
2026-04-15T16:04:49.580,-11.702,0,,0,48,28,5
2026-04-15T16:04:50.590,-11.718,0,,0,48,28,5
2026-04-15T16:04:51.590,-11.714,0,,0,48,28,5
2026-04-15T16:04:52.590,-11.705,0,,0,48,28,5
2026-04-15T16:04:53.590,-11.699,0,,0,48,28,5
2026-04-15T16:04:54.820,-11.687,0,,0,48,28,5
2026-04-15T16:04:55.580,-11.695,0,,0,48,28,5
2026-04-15T16:04:56.580,-11.697,0,,0,48,28,5
2026-04-15T16:04:57.580,-11.689,0,,0,48,28,5
2026-04-15T16:04:58.580,-11.696,0,,0,48,28,5
2026-04-15T16:04:59.580,-11.697,0,,0,48,28,5
2026-04-15T16:05:00.580,-11.696,0,,0,48,28,5
2026-04-15T16:05:01.580,-11.693,0,,0,48,28,5
2026-04-15T16:05:02.580,-11.683,0,,0,48,28,5
2026-04-15T16:05:03.590,-11.690,0,,0,48,28,5
2026-04-15T16:05:04.580,-11.687,0,,0,48,28,5
2026-04-15T16:05:05.580,-11.694,0,,0,48,28,5
2026-04-15T16:05:06.580,-11.663,0,,0,48,28,5
2026-04-15T16:05:07.580,-11.663,0,,0,48,28,5
2026-04-15T16:05:08.590,-11.656,0,,0,48,28,5
2026-04-15T16:05:09.580,-11.640,0,,0,48,28,5
2026-04-15T16:05:10.580,-11.656,0,,0,48,28,5
2026-04-15T16:05:11.580,-11.640,0,,0,48,28,5
2026-04-15T16:05:13.070,-11.654,0,,0,48,28,5
2026-04-15T16:05:13.580,-11.654,0,,0,48,28,5
2026-04-15T16:05:14.580,-11.646,0,,0,48,28,5
2026-04-15T16:05:15.580,-11.655,0,,0,48,28,5
2026-04-15T16:05:16.580,-11.665,0,,0,48,28,5
2026-04-15T16:05:17.580,-11.669,0,,0,48,28,5
2026-04-15T16:05:18.580,-11.678,0,,0,48,28,5
2026-04-15T16:05:19.580,-11.691,0,,0,48,28,5
2026-04-15T16:05:20.580,-11.713,0,,0,48,28,5
2026-04-15T16:05:21.590,-11.713,0,,0,48,28,5
2026-04-15T16:05:22.580,-11.714,0,,0,48,28,5
2026-04-15T16:05:23.580,-11.690,0,,0,48,28,5
2026-04-15T16:05:24.580,-11.691,0,,0,48,28,5
2026-04-15T16:05:25.590,-11.691,0,,0,48,28,5
2026-04-15T16:05:26.880,-11.699,0,Image_182.png,0,48,28,5
2026-04-15T16:05:28.000,-11.714,0,,0,48,28,5
2026-04-15T16:05:28.580,-11.718,0,,0,48,28,5
2026-04-15T16:05:29.580,-11.721,0,,0,48,28,5
2026-04-15T16:05:30.590,-11.721,0,,0,48,28,5
2026-04-15T16:05:31.580,-11.722,0,,0,48,28,5
2026-04-15T16:05:32.580,-11.732,0,,0,48,28,5
2026-04-15T16:05:33.580,-11.716,0,,0,48,28,5
2026-04-15T16:05:35.230,-11.711,0,,0,48,28,5
2026-04-15T16:05:35.580,-11.711,0,,0,48,28,5
2026-04-15T16:05:36.580,-11.706,0,,0,48,28,5
2026-04-15T16:05:37.580,-11.704,0,,0,48,28,5
2026-04-15T16:05:38.590,-11.703,0,,0,48,28,5
2026-04-15T16:05:39.590,-11.703,0,,0,48,28,5
2026-04-15T16:05:40.580,-11.716,0,,0,48,28,5
2026-04-15T16:05:41.580,-11.707,0,,0,48,28,5
2026-04-15T16:05:42.590,-11.704,0,,0,48,28,5
2026-04-15T16:05:43.580,-11.704,0,,0,48,28,5
2026-04-15T16:05:44.580,-11.700,0,,0,48,28,5
2026-04-15T16:05:45.590,-11.687,0,,0,48,28,5
2026-04-15T16:05:46.730,-11.682,0,,0,48,28,5
2026-04-15T16:05:47.590,-11.678,0,,0,48,28,5
2026-04-15T16:05:48.590,-11.674,0,,0,48,28,5
2026-04-15T16:05:49.580,-11.695,0,,0,48,28,5
2026-04-15T16:05:50.580,-11.690,0,,0,48,28,5
2026-04-15T16:05:51.580,-11.686,0,,0,48,28,5
2026-04-15T16:05:52.590,-11.689,0,,0,48,28,5
2026-04-15T16:05:53.590,-11.689,0,,0,48,28,5
2026-04-15T16:05:55.140,-11.673,0,,0,48,28,5
2026-04-15T16:05:55.580,-11.683,0,,0,48,28,5
2026-04-15T16:05:56.580,-11.685,0,,0,48,28,5
2026-04-15T16:05:57.590,-11.679,0,,0,48,28,5
2026-04-15T16:05:58.600,-11.678,0,,0,48,28,5
2026-04-15T16:05:59.580,-11.680,0,,0,48,28,5
2026-04-15T16:06:00.590,-11.683,0,,0,48,28,5
2026-04-15T16:06:01.580,-11.677,0,,0,48,28,5
2026-04-15T16:06:02.590,-11.671,0,,0,48,28,5
2026-04-15T16:06:03.590,-11.668,0,,0,48,28,5
2026-04-15T16:06:04.590,-11.665,0,,0,48,28,5
2026-04-15T16:06:05.580,-11.668,0,,0,48,28,5
2026-04-15T16:06:06.580,-11.667,0,,0,48,28,5
2026-04-15T16:06:07.580,-11.661,0,,0,48,28,5
2026-04-15T16:06:08.580,-11.672,0,,0,48,28,5
2026-04-15T16:06:09.590,-11.657,0,,0,48,28,5
2026-04-15T16:06:10.580,-11.672,0,,0,48,28,5
2026-04-15T16:06:11.580,-11.665,0,,0,48,28,5
2026-04-15T16:06:12.650,-11.651,0,,0,48,28,5
2026-04-15T16:06:13.580,-11.655,0,,0,48,28,5
2026-04-15T16:06:14.580,-11.659,0,,0,48,28,5
2026-04-15T16:06:15.580,-11.649,0,,0,48,28,5
2026-04-15T16:06:16.590,-11.642,0,,0,48,28,5
2026-04-15T16:06:17.590,-11.661,0,,0,48,28,5
2026-04-15T16:06:18.720,-11.646,0,,0,48,28,5
2026-04-15T16:06:19.580,-11.643,0,,0,48,28,5
2026-04-15T16:06:20.580,-11.638,0,,0,48,28,5
2026-04-15T16:06:21.600,-11.642,0,,0,48,28,5
2026-04-15T16:06:22.710,-11.649,0,,0,48,28,5
2026-04-15T16:06:23.580,-11.635,0,,0,48,28,5
2026-04-15T16:06:24.800,-11.646,0,,0,48,28,5
2026-04-15T16:06:25.580,-11.635,0,,0,48,28,5
2026-04-15T16:06:26.590,-11.639,0,,0,48,28,5
2026-04-15T16:06:27.580,-11.653,0,Image_183.png,0,48,28,5
2026-04-15T16:06:28.980,-11.634,0,,0,48,28,5
2026-04-15T16:06:29.590,-11.627,0,,0,48,28,5
2026-04-15T16:06:30.580,-11.640,0,,0,48,28,5
2026-04-15T16:06:31.590,-11.638,0,,0,48,28,5
2026-04-15T16:06:32.580,-11.665,0,,0,48,28,5
2026-04-15T16:06:33.580,-11.650,0,,0,48,28,5
2026-04-15T16:06:34.580,-11.663,0,,0,48,28,5
2026-04-15T16:06:35.580,-11.641,0,,0,48,28,5
2026-04-15T16:06:36.590,-11.634,0,,0,48,28,5
2026-04-15T16:06:37.580,-11.631,0,,0,48,28,5
2026-04-15T16:06:38.580,-11.630,0,,0,48,28,5
2026-04-15T16:06:39.580,-11.641,0,,0,48,28,5
2026-04-15T16:06:40.580,-11.649,0,,0,48,28,5
2026-04-15T16:06:41.580,-11.660,0,,0,48,28,5
2026-04-15T16:06:42.580,-11.653,0,,0,48,28,5
2026-04-15T16:06:43.590,-11.660,0,,0,48,28,5
2026-04-15T16:06:44.580,-11.640,0,,0,48,28,5
2026-04-15T16:06:45.580,-11.625,0,,0,48,28,5
2026-04-15T16:06:46.620,-11.609,0,,0,48,28,5
2026-04-15T16:06:47.580,-11.608,0,,0,48,28,5
2026-04-15T16:06:48.590,-11.631,0,,0,48,28,5
2026-04-15T16:06:49.590,-11.626,0,,0,48,28,5
2026-04-15T16:06:50.590,-11.640,0,,0,48,28,5
2026-04-15T16:06:51.590,-11.634,0,,0,48,28,5
2026-04-15T16:06:52.580,-11.628,0,,0,48,28,5
2026-04-15T16:06:53.590,-11.622,0,,0,48,28,5
2026-04-15T16:06:54.580,-11.615,0,,0,48,28,5
2026-04-15T16:06:55.580,-11.635,0,,0,48,28,5
2026-04-15T16:06:56.580,-11.645,0,,0,48,28,5
2026-04-15T16:06:57.580,-11.635,0,,0,48,28,5
2026-04-15T16:06:58.590,-11.630,0,,0,48,28,5
2026-04-15T16:06:59.590,-11.625,0,,0,48,28,5
2026-04-15T16:07:00.580,-11.611,0,,0,48,28,5
2026-04-15T16:07:01.580,-11.621,0,,0,48,28,5
2026-04-15T16:07:02.580,-11.615,0,,0,48,28,5
2026-04-15T16:07:03.580,-11.617,0,,0,48,28,5
2026-04-15T16:07:04.600,-11.635,0,,0,48,28,5
2026-04-15T16:07:05.590,-11.624,0,,0,48,28,5
2026-04-15T16:07:06.620,-11.630,0,,0,48,28,5
2026-04-15T16:07:07.580,-11.637,0,,0,48,28,5
2026-04-15T16:07:08.710,-11.629,0,,0,48,28,5
2026-04-15T16:07:09.590,-11.626,0,,0,48,28,5
2026-04-15T16:07:10.590,-11.624,0,,0,48,28,5
2026-04-15T16:07:11.580,-11.613,0,,0,48,28,5
2026-04-15T16:07:12.580,-11.620,0,,0,48,28,5
2026-04-15T16:07:13.590,-11.619,0,,0,48,28,5
2026-04-15T16:07:14.590,-11.618,0,,0,48,28,5
2026-04-15T16:07:15.590,-11.608,0,,0,48,28,5
2026-04-15T16:07:16.580,-11.612,0,,0,48,28,5
2026-04-15T16:07:17.580,-11.613,0,,0,48,28,5
2026-04-15T16:07:18.580,-11.618,0,,0,48,28,5
2026-04-15T16:07:19.580,-11.619,0,,0,48,28,5
2026-04-15T16:07:20.730,-11.612,0,,0,48,28,5
2026-04-15T16:07:21.580,-11.620,0,,0,48,28,5
2026-04-15T16:07:22.580,-11.612,0,,0,48,28,5
2026-04-15T16:07:23.580,-11.626,0,,0,48,28,5
2026-04-15T16:07:24.580,-11.616,0,,0,48,28,5
2026-04-15T16:07:25.580,-11.625,0,,0,48,28,5
2026-04-15T16:07:26.580,-11.621,0,,0,48,28,5
2026-04-15T16:07:27.590,-11.624,0,Image_184.png,0,48,28,5
2026-04-15T16:07:29.000,-11.622,0,,0,48,28,5
2026-04-15T16:07:29.590,-11.622,0,,0,48,28,5
2026-04-15T16:07:30.590,-11.624,0,,0,48,28,5
2026-04-15T16:07:31.580,-11.621,0,,0,48,28,5
2026-04-15T16:07:32.590,-11.627,0,,0,48,28,5
2026-04-15T16:07:33.580,-11.627,0,,0,48,28,5
2026-04-15T16:07:34.580,-11.629,0,,0,48,28,5
2026-04-15T16:07:35.590,-11.634,0,,0,48,28,5
2026-04-15T16:07:36.580,-11.623,0,,0,48,28,5
2026-04-15T16:07:37.590,-11.628,0,,0,48,28,5
2026-04-15T16:07:38.590,-11.627,0,,0,48,28,5
2026-04-15T16:07:39.580,-11.628,0,,0,48,28,5
2026-04-15T16:07:40.580,-11.634,0,,0,48,28,5
2026-04-15T16:07:41.580,-11.621,0,,0,48,28,5
2026-04-15T16:07:42.590,-11.626,0,,0,48,28,5
2026-04-15T16:07:43.580,-11.620,0,,0,48,28,5
2026-04-15T16:07:44.590,-11.628,0,,0,48,28,5
2026-04-15T16:07:45.580,-11.617,0,,0,48,28,5
2026-04-15T16:07:46.580,-11.619,0,,0,48,28,5
2026-04-15T16:07:47.590,-11.627,0,,0,48,28,5
2026-04-15T16:07:48.580,-11.606,0,,0,48,28,5
2026-04-15T16:07:49.590,-11.635,0,,0,48,28,5
2026-04-15T16:07:50.580,-11.622,0,,0,48,28,5
2026-04-15T16:07:51.590,-11.617,0,,0,48,28,5
2026-04-15T16:07:52.580,-11.621,0,,0,48,28,5
2026-04-15T16:07:53.580,-11.629,0,,0,48,28,5
2026-04-15T16:07:54.580,-11.625,0,,0,48,28,5
2026-04-15T16:07:55.580,-11.624,0,,0,48,28,5
2026-04-15T16:07:56.580,-11.646,0,,0,48,28,5
2026-04-15T16:07:57.580,-11.645,0,,0,48,28,5
2026-04-15T16:07:58.630,-11.651,0,,0,48,28,5
2026-04-15T16:07:59.580,-11.649,0,,0,48,28,5
2026-04-15T16:08:00.590,-11.632,0,,0,48,28,5
2026-04-15T16:08:01.580,-11.629,0,,0,48,28,5
2026-04-15T16:08:02.580,-11.638,0,,0,48,28,5
2026-04-15T16:08:03.580,-11.637,0,,0,48,28,5
2026-04-15T16:08:04.590,-11.648,0,,0,48,28,5
2026-04-15T16:08:05.580,-11.647,0,,0,48,28,5
2026-04-15T16:08:06.580,-11.637,0,,0,48,28,5
2026-04-15T16:08:07.580,-11.652,0,,0,48,28,5
2026-04-15T16:08:08.650,-11.644,0,,0,48,28,5
2026-04-15T16:08:09.590,-11.643,0,,0,48,28,5
2026-04-15T16:08:10.780,-11.639,0,,0,48,28,5
2026-04-15T16:08:11.590,-11.631,0,,0,48,28,5
2026-04-15T16:08:12.580,-11.644,0,,0,48,28,5
2026-04-15T16:08:13.580,-11.643,0,,0,48,28,5
2026-04-15T16:08:14.580,-11.642,0,,0,48,28,5
2026-04-15T16:08:15.580,-11.632,0,,0,48,28,5
2026-04-15T16:08:16.590,-11.638,0,,0,48,28,5
2026-04-15T16:08:17.580,-11.628,0,,0,48,28,5
2026-04-15T16:08:18.730,-11.637,0,,0,48,28,5
2026-04-15T16:08:19.590,-11.627,0,,0,48,28,5
2026-04-15T16:08:20.580,-11.627,0,,0,48,28,5
2026-04-15T16:08:21.590,-11.620,0,,0,48,28,5
2026-04-15T16:08:22.580,-11.629,0,,0,48,28,5
2026-04-15T16:08:23.590,-11.628,0,,0,48,28,5
2026-04-15T16:08:24.690,-11.645,0,,0,48,28,5
2026-04-15T16:08:25.580,-11.644,0,,0,48,28,5
2026-04-15T16:08:26.830,-11.654,0,,0,48,28,5
2026-04-15T16:08:27.580,-11.652,0,Image_185.png,0,48,28,5
2026-04-15T16:08:29.020,-11.653,0,,0,48,28,5
2026-04-15T16:08:29.580,-11.665,0,,0,48,28,5
2026-04-15T16:08:30.590,-11.669,0,,0,48,28,5
2026-04-15T16:08:31.580,-11.672,0,,0,48,28,5
2026-04-15T16:08:32.590,-11.648,0,,0,48,28,5
2026-04-15T16:08:33.590,-11.650,0,,0,48,28,5
2026-04-15T16:08:34.580,-11.643,0,,0,48,28,5
2026-04-15T16:08:35.580,-11.635,0,,0,48,28,5
2026-04-15T16:08:36.580,-11.648,0,,0,48,28,5
2026-04-15T16:08:37.580,-11.661,0,,0,48,28,5
2026-04-15T16:08:38.590,-11.645,0,,0,48,28,5
2026-04-15T16:08:39.580,-11.628,0,,0,48,28,5
2026-04-15T16:08:40.580,-11.623,0,,0,48,28,5
2026-04-15T16:08:41.580,-11.612,0,,0,48,28,5
2026-04-15T16:08:42.590,-11.602,0,,0,48,28,5
2026-04-15T16:08:43.590,-11.609,0,,0,48,28,5
2026-04-15T16:08:44.590,-11.615,0,,0,48,28,5
2026-04-15T16:08:45.600,-11.643,0,,0,48,28,5
2026-04-15T16:08:46.580,-11.633,0,,0,48,28,5
2026-04-15T16:08:47.580,-11.646,0,,0,48,28,5
2026-04-15T16:08:48.580,-11.631,0,,0,48,28,5
2026-04-15T16:08:49.580,-11.608,0,,0,48,28,5
2026-04-15T16:08:50.580,-11.624,0,,0,48,28,5
2026-04-15T16:08:51.580,-11.634,0,,0,48,28,5
2026-04-15T16:08:52.590,-11.635,0,,0,48,28,5
2026-04-15T16:08:53.580,-11.634,0,,0,48,28,5
2026-04-15T16:08:54.660,-11.641,0,,0,48,28,5
2026-04-15T16:08:55.600,-11.633,0,,0,48,28,5
2026-04-15T16:08:56.590,-11.637,0,,0,48,28,5
2026-04-15T16:08:57.590,-11.654,0,,0,48,28,5
2026-04-15T16:08:58.590,-11.643,0,,0,48,28,5
2026-04-15T16:08:59.590,-11.633,0,,0,48,28,5
2026-04-15T16:09:00.590,-11.640,0,,0,48,28,5
2026-04-15T16:09:01.580,-11.631,0,,0,48,28,5
2026-04-15T16:09:02.680,-11.635,0,,0,48,28,5
2026-04-15T16:09:03.580,-11.651,0,,0,48,28,5
2026-04-15T16:09:04.580,-11.655,0,,0,48,28,5
2026-04-15T16:09:05.580,-11.648,0,,0,48,28,5
2026-04-15T16:09:06.610,-11.651,0,,0,48,28,5
2026-04-15T16:09:07.580,-11.629,0,,0,48,28,5
2026-04-15T16:09:09.420,-11.625,0,,0,48,28,5
2026-04-15T16:09:09.740,-11.618,0,,0,48,28,5
2026-04-15T16:09:10.580,-11.614,0,,0,48,28,5
2026-04-15T16:09:11.580,-11.632,0,,0,48,28,5
2026-04-15T16:09:12.780,-11.646,0,,0,48,28,5
2026-04-15T16:09:13.580,-11.641,0,,0,48,28,5
2026-04-15T16:09:14.580,-11.627,0,,0,48,28,5
2026-04-15T16:09:15.590,-11.630,0,,0,48,28,5
2026-04-15T16:09:16.580,-11.607,0,,0,48,28,5
2026-04-15T16:09:17.590,-11.625,0,,0,48,28,5
2026-04-15T16:09:18.590,-11.632,0,,0,48,28,5
2026-04-15T16:09:19.580,-11.635,0,,0,48,28,5
2026-04-15T16:09:20.580,-11.636,0,,0,48,28,5
2026-04-15T16:09:21.580,-11.658,0,,0,48,28,5
2026-04-15T16:09:22.590,-11.636,0,,0,48,28,5
2026-04-15T16:09:23.580,-11.642,0,,0,48,28,5
2026-04-15T16:09:24.580,-11.646,0,,0,48,28,5
2026-04-15T16:09:25.590,-11.632,0,,0,48,28,5
2026-04-15T16:09:26.590,-11.628,0,,0,48,28,5
2026-04-15T16:09:27.590,-11.632,0,,0,48,28,5
2026-04-15T16:09:28.580,-11.642,0,Image_186.png,0,48,28,5
2026-04-15T16:09:30.000,-11.647,0,,0,48,28,5
2026-04-15T16:09:30.580,-11.635,0,,0,48,28,5
2026-04-15T16:09:31.580,-11.637,0,,0,48,28,5
2026-04-15T16:09:32.580,-11.641,0,,0,48,28,5
2026-04-15T16:09:33.590,-11.646,0,,0,48,28,5
2026-04-15T16:09:34.580,-11.642,0,,0,48,28,5
2026-04-15T16:09:35.580,-11.642,0,,0,48,28,5
2026-04-15T16:09:36.580,-11.654,0,,0,48,28,5
2026-04-15T16:09:37.580,-11.636,0,,0,48,28,5
2026-04-15T16:09:38.580,-11.635,0,,0,48,28,5
2026-04-15T16:09:39.580,-11.635,0,,0,48,28,5
2026-04-15T16:09:40.580,-11.644,0,,0,48,28,5
2026-04-15T16:09:41.580,-11.639,0,,0,48,28,5
2026-04-15T16:09:42.580,-11.635,0,,0,48,28,5
2026-04-15T16:09:43.580,-11.633,0,,0,48,28,5
2026-04-15T16:09:44.590,-11.629,0,,0,48,28,5
2026-04-15T16:09:45.580,-11.635,0,,0,48,28,5
2026-04-15T16:09:46.580,-11.628,0,,0,48,28,5
2026-04-15T16:09:47.580,-11.611,0,,0,48,28,5
2026-04-15T16:09:48.580,-11.608,0,,0,48,28,5
2026-04-15T16:09:49.580,-11.613,0,,0,48,28,5
2026-04-15T16:09:50.590,-11.607,0,,0,48,28,5
2026-04-15T16:09:51.580,-11.633,0,,0,48,28,5
2026-04-15T16:09:52.580,-11.622,0,,0,48,28,5
2026-04-15T16:09:53.580,-11.612,0,,0,48,28,5
2026-04-15T16:09:54.580,-11.615,0,,0,48,28,5
2026-04-15T16:09:55.580,-11.590,0,,0,48,28,5
2026-04-15T16:09:56.590,-11.585,0,,0,48,28,5
2026-04-15T16:09:57.590,-11.600,0,,0,48,28,5
2026-04-15T16:09:58.590,-11.598,0,,0,48,28,5
2026-04-15T16:09:59.580,-11.626,0,,0,48,28,5
2026-04-15T16:10:00.580,-11.621,0,,0,48,28,5
2026-04-15T16:10:01.590,-11.610,0,,0,48,28,5
2026-04-15T16:10:02.580,-11.613,0,,0,48,28,5
2026-04-15T16:10:03.590,-11.623,0,,0,48,28,5
2026-04-15T16:10:05.300,-11.625,0,,0,48,28,5
2026-04-15T16:10:05.610,-11.625,0,,0,48,28,5
2026-04-15T16:10:06.580,-11.630,0,,0,48,28,5
2026-04-15T16:10:07.590,-11.621,0,,0,48,28,5
2026-04-15T16:10:08.590,-11.619,0,,0,48,28,5
2026-04-15T16:10:09.580,-11.616,0,,0,48,28,5
2026-04-15T16:10:10.580,-11.589,0,,0,48,28,5
2026-04-15T16:10:11.580,-11.591,0,,0,48,28,5
2026-04-15T16:10:12.580,-11.605,0,,0,48,28,5
2026-04-15T16:10:13.590,-11.592,0,,0,48,28,5
2026-04-15T16:10:14.580,-11.594,0,,0,48,28,5
2026-04-15T16:10:15.580,-11.592,0,,0,48,28,5
2026-04-15T16:10:16.580,-11.607,0,,0,48,28,5
2026-04-15T16:10:17.580,-11.603,0,,0,48,28,5
2026-04-15T16:10:18.830,-11.620,0,,0,48,28,5
2026-04-15T16:10:19.580,-11.640,0,,0,48,28,5
2026-04-15T16:10:20.580,-11.632,0,,0,48,28,5
2026-04-15T16:10:21.580,-11.632,0,,0,48,28,5
2026-04-15T16:10:22.580,-11.633,0,,0,48,28,5
2026-04-15T16:10:23.590,-11.632,0,,0,48,28,5
2026-04-15T16:10:24.590,-11.617,0,,0,48,28,5
2026-04-15T16:10:25.590,-11.621,0,,0,48,28,5
2026-04-15T16:10:26.580,-11.620,0,,0,48,28,5
2026-04-15T16:10:27.590,-11.599,0,,0,48,28,5
2026-04-15T16:10:28.950,-11.610,0,Image_187.png,0,48,28,5
2026-04-15T16:10:29.990,-11.602,0,,0,48,28,5
2026-04-15T16:10:30.590,-11.602,0,,0,48,28,5
2026-04-15T16:10:31.580,-11.602,0,,0,48,28,5
2026-04-15T16:10:32.580,-11.601,0,,0,48,28,5
2026-04-15T16:10:33.580,-11.603,0,,0,48,28,5
2026-04-15T16:10:34.590,-11.605,0,,0,48,28,5
2026-04-15T16:10:35.590,-11.602,0,,0,48,28,5
2026-04-15T16:10:36.580,-11.605,0,,0,48,28,5
2026-04-15T16:10:37.590,-11.604,0,,0,48,28,5
2026-04-15T16:10:38.580,-11.618,0,,0,48,28,5
2026-04-15T16:10:39.580,-11.622,0,,0,48,28,5
2026-04-15T16:10:40.590,-11.622,0,,0,48,28,5
2026-04-15T16:10:41.590,-11.624,0,,0,48,28,5
2026-04-15T16:10:42.590,-11.601,0,,0,48,28,5
2026-04-15T16:10:43.590,-11.592,0,,0,48,28,5
2026-04-15T16:10:44.880,-11.615,0,,0,48,28,5
2026-04-15T16:10:45.590,-11.604,0,,0,48,28,5
2026-04-15T16:10:46.590,-11.607,0,,0,48,28,5
2026-04-15T16:10:47.580,-11.623,0,,0,48,28,5
2026-04-15T16:10:48.580,-11.617,0,,0,48,28,5
2026-04-15T16:10:49.580,-11.616,0,,0,48,28,5
2026-04-15T16:10:50.590,-11.625,0,,0,48,28,5
2026-04-15T16:10:51.580,-11.623,0,,0,48,28,5
2026-04-15T16:10:52.610,-11.642,0,,0,48,28,5
2026-04-15T16:10:53.590,-11.637,0,,0,48,28,5
2026-04-15T16:10:54.910,-11.627,0,,0,48,28,5
2026-04-15T16:10:55.580,-11.612,0,,0,48,28,5
2026-04-15T16:10:56.580,-11.621,0,,0,48,28,5
2026-04-15T16:10:57.580,-11.646,0,,0,48,28,5
2026-04-15T16:10:58.580,-11.631,0,,0,48,28,5
2026-04-15T16:10:59.580,-11.657,0,,0,48,28,5
2026-04-15T16:11:00.630,-11.648,0,,0,48,28,5
2026-04-15T16:11:01.590,-11.626,0,,0,48,28,5
2026-04-15T16:11:02.590,-11.652,0,,0,48,28,5
2026-04-15T16:11:03.580,-11.662,0,,0,48,28,5
2026-04-15T16:11:04.590,-11.655,0,,0,48,28,5
2026-04-15T16:11:05.580,-11.661,0,,0,48,28,5
2026-04-15T16:11:06.580,-11.631,0,,0,48,28,5
2026-04-15T16:11:07.590,-11.631,0,,0,48,28,5
2026-04-15T16:11:08.580,-11.646,0,,0,48,28,5
2026-04-15T16:11:09.590,-11.648,0,,0,48,28,5
2026-04-15T16:11:10.580,-11.662,0,,0,48,28,5
2026-04-15T16:11:11.580,-11.640,0,,0,48,28,5
2026-04-15T16:11:12.580,-11.647,0,,0,48,28,5
2026-04-15T16:11:13.580,-11.625,0,,0,48,28,5
2026-04-15T16:11:14.580,-11.626,0,,0,48,28,5
2026-04-15T16:11:15.580,-11.641,0,,0,48,28,5
2026-04-15T16:11:16.580,-11.640,0,,0,48,28,5
2026-04-15T16:11:17.580,-11.661,0,,0,48,28,5
2026-04-15T16:11:18.580,-11.653,0,,0,48,28,5
2026-04-15T16:11:19.580,-11.657,0,,0,48,28,5
2026-04-15T16:11:20.590,-11.644,0,,0,48,28,5
2026-04-15T16:11:21.580,-11.659,0,,0,48,28,5
2026-04-15T16:11:22.590,-11.637,0,,0,48,28,5
2026-04-15T16:11:23.580,-11.653,0,,0,48,28,5
2026-04-15T16:11:24.590,-11.647,0,,0,48,28,5
2026-04-15T16:11:25.580,-11.651,0,,0,48,28,5
2026-04-15T16:11:26.580,-11.638,0,,0,48,28,5
2026-04-15T16:11:27.590,-11.637,0,,0,48,28,5
2026-04-15T16:11:28.580,-11.641,0,Image_188.png,0,48,28,5
2026-04-15T16:11:30.010,-11.631,0,,0,48,28,5
2026-04-15T16:11:30.590,-11.647,0,,0,48,28,5
2026-04-15T16:11:31.580,-11.628,0,,0,48,28,5
2026-04-15T16:11:32.580,-11.634,0,,0,48,28,5
2026-04-15T16:11:33.590,-11.632,0,,0,48,28,5
2026-04-15T16:11:34.580,-11.633,0,,0,48,28,5
2026-04-15T16:11:35.590,-11.627,0,,0,48,28,5
2026-04-15T16:11:36.590,-11.637,0,,0,48,28,5
2026-04-15T16:11:37.590,-11.629,0,,0,48,28,5
2026-04-15T16:11:38.580,-11.627,0,,0,48,28,5
2026-04-15T16:11:39.580,-11.634,0,,0,48,28,5
2026-04-15T16:11:40.580,-11.637,0,,0,48,28,5
2026-04-15T16:11:41.590,-11.633,0,,0,48,28,5
2026-04-15T16:11:42.590,-11.643,0,,0,48,28,5
2026-04-15T16:11:43.580,-11.629,0,,0,48,28,5
2026-04-15T16:11:44.580,-11.633,0,,0,48,28,5
2026-04-15T16:11:45.580,-11.639,0,,0,48,28,5
2026-04-15T16:11:46.590,-11.636,0,,0,48,28,5
2026-04-15T16:11:47.580,-11.645,0,,0,48,28,5
2026-04-15T16:11:48.580,-11.649,0,,0,48,28,5
2026-04-15T16:11:49.580,-11.644,0,,0,48,28,5
2026-04-15T16:11:50.580,-11.649,0,,0,48,28,5
2026-04-15T16:11:51.590,-11.655,0,,0,48,28,5
2026-04-15T16:11:52.580,-11.651,0,,0,48,28,5
2026-04-15T16:11:53.580,-11.640,0,,0,48,28,5
2026-04-15T16:11:54.580,-11.640,0,,0,48,28,5
2026-04-15T16:11:55.580,-11.630,0,,0,48,28,5
2026-04-15T16:11:56.580,-11.619,0,,0,48,28,5
2026-04-15T16:11:57.580,-11.648,0,,0,48,28,5
2026-04-15T16:11:58.580,-11.643,0,,0,48,28,5
2026-04-15T16:11:59.580,-11.659,0,,0,48,28,5
2026-04-15T16:12:00.580,-11.661,0,,0,48,28,5
2026-04-15T16:12:01.580,-11.662,0,,0,48,28,5
2026-04-15T16:12:02.580,-11.680,0,,0,48,28,5
2026-04-15T16:12:03.590,-11.693,0,,0,48,28,5
2026-04-15T16:12:04.590,-11.692,0,,0,48,28,5
2026-04-15T16:12:05.590,-11.708,0,,0,48,28,5
2026-04-15T16:12:06.580,-11.683,0,,0,48,28,5
2026-04-15T16:12:07.580,-11.675,0,,0,48,28,5
2026-04-15T16:12:08.580,-11.651,0,,0,48,28,5
2026-04-15T16:12:09.590,-11.644,0,,0,48,28,5
2026-04-15T16:12:10.590,-11.667,0,,0,48,28,5
2026-04-15T16:12:11.590,-11.680,0,,0,48,28,5
2026-04-15T16:12:12.590,-11.705,0,,0,48,28,5
2026-04-15T16:12:13.590,-11.715,0,,0,48,28,5
2026-04-15T16:12:14.580,-11.706,0,,0,48,28,5
2026-04-15T16:12:15.590,-11.709,0,,0,48,28,5
2026-04-15T16:12:16.590,-11.685,0,,0,48,28,5
2026-04-15T16:12:17.590,-11.688,0,,0,48,28,5
2026-04-15T16:12:18.580,-11.692,0,,0,48,28,5
2026-04-15T16:12:19.580,-11.694,0,,0,48,28,5
2026-04-15T16:12:20.580,-11.726,0,,0,48,28,5
2026-04-15T16:12:21.580,-11.729,0,,0,48,28,5
2026-04-15T16:12:22.590,-11.707,0,,0,48,28,5
2026-04-15T16:12:23.590,-11.709,0,,0,48,28,5
2026-04-15T16:12:24.580,-11.715,0,,0,48,28,5
2026-04-15T16:12:25.590,-11.702,0,,0,48,28,5
2026-04-15T16:12:26.580,-11.702,0,,0,48,28,5
2026-04-15T16:12:27.580,-11.722,0,,0,48,28,5
2026-04-15T16:12:28.580,-11.734,0,,0,48,28,5
2026-04-15T16:12:29.580,-11.723,0,Image_189.png,0,48,28,5
2026-04-15T16:12:31.010,-11.700,0,,0,48,28,5
2026-04-15T16:12:31.590,-11.705,0,,0,48,28,5
2026-04-15T16:12:32.580,-11.706,0,,0,48,28,5
2026-04-15T16:12:33.580,-11.698,0,,0,48,28,5
2026-04-15T16:12:34.580,-11.701,0,,0,48,28,5
2026-04-15T16:12:35.580,-11.698,0,,0,48,28,5
2026-04-15T16:12:36.590,-11.677,0,,0,48,28,5
2026-04-15T16:12:37.590,-11.677,0,,0,48,28,5
2026-04-15T16:12:38.580,-11.706,0,,0,48,28,5
2026-04-15T16:12:39.580,-11.690,0,,0,48,28,5
2026-04-15T16:12:40.580,-11.715,0,,0,48,28,5
2026-04-15T16:12:41.580,-11.706,0,,0,48,28,5
2026-04-15T16:12:42.590,-11.716,0,,0,48,28,5
2026-04-15T16:12:43.580,-11.715,0,,0,48,28,5
2026-04-15T16:12:44.580,-11.711,0,,0,48,28,5
2026-04-15T16:12:45.590,-11.712,0,,0,48,28,5
2026-04-15T16:12:46.580,-11.719,0,,0,48,28,5
2026-04-15T16:12:47.590,-11.705,0,,0,48,28,5
2026-04-15T16:12:48.580,-11.716,0,,0,48,28,5
2026-04-15T16:12:49.580,-11.707,0,,0,48,28,5
2026-04-15T16:12:50.580,-11.702,0,,0,48,28,5
2026-04-15T16:12:51.580,-11.709,0,,0,48,28,5
2026-04-15T16:12:52.590,-11.684,0,,0,48,28,5
2026-04-15T16:12:53.580,-11.682,0,,0,48,28,5
2026-04-15T16:12:54.590,-11.686,0,,0,48,28,5
2026-04-15T16:12:55.580,-11.683,0,,0,48,28,5
2026-04-15T16:12:56.580,-11.699,0,,0,48,28,5
2026-04-15T16:12:57.600,-11.686,0,,0,48,28,5
2026-04-15T16:12:58.580,-11.684,0,,0,48,28,5
2026-04-15T16:12:59.580,-11.688,0,,0,48,28,5
2026-04-15T16:13:00.580,-11.681,0,,0,48,28,5
2026-04-15T16:13:01.580,-11.693,0,,0,48,28,5
2026-04-15T16:13:02.580,-11.700,0,,0,48,28,5
2026-04-15T16:13:03.590,-11.704,0,,0,48,28,5
2026-04-15T16:13:04.580,-11.699,0,,0,48,28,5
2026-04-15T16:13:05.580,-11.686,0,,0,48,28,5
2026-04-15T16:13:06.590,-11.688,0,,0,48,28,5
2026-04-15T16:13:07.580,-11.680,0,,0,48,28,5
2026-04-15T16:13:08.580,-11.678,0,,0,48,28,5
2026-04-15T16:13:09.590,-11.674,0,,0,48,28,5
2026-04-15T16:13:10.590,-11.681,0,,0,48,28,5
2026-04-15T16:13:11.580,-11.696,0,,0,48,28,5
2026-04-15T16:13:12.590,-11.691,0,,0,48,28,5
2026-04-15T16:13:13.580,-11.693,0,,0,48,28,5
2026-04-15T16:13:14.590,-11.695,0,,0,48,28,5
2026-04-15T16:13:15.580,-11.690,0,,0,48,28,5
2026-04-15T16:13:16.580,-11.679,0,,0,48,28,5
2026-04-15T16:13:17.590,-11.663,0,,0,48,28,5
2026-04-15T16:13:18.580,-11.650,0,,0,48,28,5
2026-04-15T16:13:19.580,-11.670,0,,0,48,28,5
2026-04-15T16:13:20.580,-11.682,0,,0,48,28,5
2026-04-15T16:13:21.580,-11.691,0,,0,48,28,5
2026-04-15T16:13:22.590,-11.693,0,,0,48,28,5
2026-04-15T16:13:23.580,-11.681,0,,0,48,28,5
2026-04-15T16:13:24.580,-11.685,0,,0,48,28,5
2026-04-15T16:13:25.580,-11.679,0,,0,48,28,5
2026-04-15T16:13:26.590,-11.668,0,,0,48,28,5
2026-04-15T16:13:27.580,-11.675,0,,0,48,28,5
2026-04-15T16:13:28.580,-11.679,0,,0,48,28,5
2026-04-15T16:13:29.580,-11.697,0,,0,48,28,5
2026-04-15T16:13:30.580,-11.686,0,Image_190.png,0,48,28,5
2026-04-15T16:13:32.010,-11.686,0,,0,48,28,5
2026-04-15T16:13:32.580,-11.691,0,,0,48,28,5
2026-04-15T16:13:33.580,-11.701,0,,0,48,28,5
2026-04-15T16:13:34.580,-11.702,0,,0,48,28,5
2026-04-15T16:13:35.580,-11.698,0,,0,48,28,5
2026-04-15T16:13:36.590,-11.713,0,,0,48,28,5
2026-04-15T16:13:37.590,-11.703,0,,0,48,28,5
2026-04-15T16:13:38.580,-11.710,0,,0,48,28,5
2026-04-15T16:13:39.580,-11.697,0,,0,48,28,5
2026-04-15T16:13:40.580,-11.695,0,,0,48,28,5
2026-04-15T16:13:41.580,-11.703,0,,0,48,28,5
2026-04-15T16:13:42.580,-11.684,0,,0,48,28,5
2026-04-15T16:13:43.580,-11.692,0,,0,48,28,5
2026-04-15T16:13:44.990,-11.678,0,,0,48,28,5
2026-04-15T16:13:45.590,-11.674,0,,0,48,28,5
2026-04-15T16:13:46.580,-11.705,0,,0,48,28,5
2026-04-15T16:13:47.580,-11.721,0,,0,48,28,5
2026-04-15T16:13:48.590,-11.744,0,,0,48,28,5
2026-04-15T16:13:49.580,-11.736,0,,0,48,28,5
2026-04-15T16:13:50.880,-11.720,0,,0,48,28,5
2026-04-15T16:13:51.590,-11.709,0,,0,48,28,5
2026-04-15T16:13:52.580,-11.696,0,,0,48,28,5
2026-04-15T16:13:53.590,-11.679,0,,0,48,28,5
2026-04-15T16:13:54.640,-11.689,0,,0,48,28,5
2026-04-15T16:13:55.580,-11.707,0,,0,48,28,5
2026-04-15T16:13:56.580,-11.720,0,,0,48,28,5
2026-04-15T16:13:57.580,-11.738,0,,0,48,28,5
2026-04-15T16:13:58.590,-11.757,0,,0,48,28,5
2026-04-15T16:13:59.580,-11.749,0,,0,48,28,5
2026-04-15T16:14:00.580,-11.723,0,,0,48,28,5
2026-04-15T16:14:01.580,-11.728,0,,0,48,28,5
2026-04-15T16:14:02.580,-11.732,0,,0,48,28,5
2026-04-15T16:14:03.580,-11.754,0,,0,48,28,5
2026-04-15T16:14:04.590,-11.751,0,,0,48,28,5
2026-04-15T16:14:05.580,-11.756,0,,0,48,28,5
2026-04-15T16:14:06.580,-11.743,0,,0,48,28,5
2026-04-15T16:14:07.580,-11.749,0,,0,48,28,5
2026-04-15T16:14:08.580,-11.749,0,,0,48,28,5
2026-04-15T16:14:09.580,-11.764,0,,0,48,28,5
2026-04-15T16:14:10.590,-11.761,0,,0,48,28,5
2026-04-15T16:14:11.580,-11.731,0,,0,48,28,5
2026-04-15T16:14:12.590,-11.758,0,,0,48,28,5
2026-04-15T16:14:13.580,-11.749,0,,0,48,28,5
2026-04-15T16:14:14.590,-11.737,0,,0,48,28,5
2026-04-15T16:14:15.580,-11.734,0,,0,48,28,5
2026-04-15T16:14:16.580,-11.727,0,,0,48,28,5
2026-04-15T16:14:17.590,-11.700,0,,0,48,28,5
2026-04-15T16:14:18.580,-11.718,0,,0,48,28,5
2026-04-15T16:14:19.580,-11.723,0,,0,48,28,5
2026-04-15T16:14:20.580,-11.732,0,,0,48,28,5
2026-04-15T16:14:21.590,-11.751,0,,0,48,28,5
2026-04-15T16:14:22.580,-11.744,0,,0,48,28,5
2026-04-15T16:14:23.580,-11.766,0,,0,48,28,5
2026-04-15T16:14:24.590,-11.772,0,,0,48,28,5
2026-04-15T16:14:25.580,-11.771,0,,0,48,28,5
2026-04-15T16:14:26.580,-11.757,0,,0,48,28,5
2026-04-15T16:14:27.590,-11.742,0,,0,48,28,5
2026-04-15T16:14:28.590,-11.733,0,,0,48,28,5
2026-04-15T16:14:29.580,-11.742,0,,0,48,28,5
2026-04-15T16:14:30.590,-11.730,0,,0,48,28,5
2026-04-15T16:14:31.590,-11.728,0,Image_191.png,0,48,28,5
2026-04-15T16:14:33.040,-11.706,0,,0,48,28,5
2026-04-15T16:14:33.590,-11.695,0,,0,48,28,5
2026-04-15T16:14:34.590,-11.685,0,,0,48,28,5
2026-04-15T16:14:35.580,-11.684,0,,0,48,28,5
2026-04-15T16:14:36.580,-11.700,0,,0,48,28,5
2026-04-15T16:14:37.590,-11.709,0,,0,48,28,5
2026-04-15T16:14:38.580,-11.692,0,,0,48,28,5
2026-04-15T16:14:39.590,-11.687,0,,0,48,28,5
2026-04-15T16:14:40.580,-11.669,0,,0,48,28,5
2026-04-15T16:14:41.580,-11.694,0,,0,48,28,5
2026-04-15T16:14:42.590,-11.693,0,,0,48,28,5
2026-04-15T16:14:43.580,-11.708,0,,0,48,28,5
2026-04-15T16:14:44.580,-11.718,0,,0,48,28,5
2026-04-15T16:14:45.580,-11.701,0,,0,48,28,5
2026-04-15T16:14:46.580,-11.714,0,,0,48,28,5
2026-04-15T16:14:47.590,-11.725,0,,0,48,28,5
2026-04-15T16:14:48.580,-11.696,0,,0,48,28,5
2026-04-15T16:14:49.580,-11.715,0,,0,48,28,5
2026-04-15T16:14:50.980,-11.710,0,,0,48,28,5
2026-04-15T16:14:51.580,-11.716,0,,0,48,28,5
2026-04-15T16:14:52.580,-11.723,0,,0,48,28,5
2026-04-15T16:14:53.580,-11.714,0,,0,48,28,5
2026-04-15T16:14:54.590,-11.704,0,,0,48,28,5
2026-04-15T16:14:55.580,-11.707,0,,0,48,28,5
2026-04-15T16:14:56.800,-11.715,0,,0,48,28,5
2026-04-15T16:14:57.580,-11.717,0,,0,48,28,5
2026-04-15T16:14:58.580,-11.717,0,,0,48,28,5
2026-04-15T16:14:59.590,-11.713,0,,0,48,28,5
2026-04-15T16:15:00.580,-11.718,0,,0,48,28,5
2026-04-15T16:15:01.580,-11.713,0,,0,48,28,5
2026-04-15T16:15:03.840,-11.711,0,,0,48,28,5
2026-04-15T16:15:04.580,-11.717,0,,0,48,28,5
2026-04-15T16:15:05.580,-11.719,0,,0,48,28,5
2026-04-15T16:15:06.590,-11.715,0,,0,48,28,5
2026-04-15T16:15:07.590,-11.708,0,,0,48,28,5
2026-04-15T16:15:08.580,-11.709,0,,0,48,28,5
2026-04-15T16:15:09.580,-11.703,0,,0,48,28,5
2026-04-15T16:15:10.580,-11.711,0,,0,48,28,5
2026-04-15T16:15:11.590,-11.695,0,,0,48,28,5
2026-04-15T16:15:12.580,-11.671,0,,0,48,28,5
2026-04-15T16:15:13.580,-11.698,0,,0,48,28,5
2026-04-15T16:15:14.580,-11.679,0,,0,48,28,5
2026-04-15T16:15:15.580,-11.674,0,,0,48,28,5
2026-04-15T16:15:16.590,-11.681,0,,0,48,28,5
2026-04-15T16:15:17.580,-11.698,0,,0,48,28,5
2026-04-15T16:15:18.590,-11.688,0,,0,48,28,5
2026-04-15T16:15:19.590,-11.701,0,,0,48,28,5
2026-04-15T16:15:20.590,-11.706,0,,0,48,28,5
2026-04-15T16:15:21.590,-11.694,0,,0,48,28,5
2026-04-15T16:15:22.580,-11.691,0,,0,48,28,5
2026-04-15T16:15:23.580,-11.696,0,,0,48,28,5
2026-04-15T16:15:24.580,-11.689,0,,0,48,28,5
2026-04-15T16:15:25.580,-11.695,0,,0,48,28,5
2026-04-15T16:15:26.580,-11.708,0,,0,48,28,5
2026-04-15T16:15:27.580,-11.702,0,,0,48,28,5
2026-04-15T16:15:28.580,-11.697,0,,0,48,28,5
2026-04-15T16:15:29.590,-11.674,0,,0,48,28,5
2026-04-15T16:15:30.580,-11.655,0,,0,48,28,5
2026-04-15T16:15:31.580,-11.655,0,Image_192.png,0,48,28,5
2026-04-15T16:15:33.000,-11.639,0,,0,48,28,5
2026-04-15T16:15:33.590,-11.642,0,,0,48,28,5
2026-04-15T16:15:34.580,-11.639,0,,0,48,28,5
2026-04-15T16:15:35.580,-11.657,0,,0,48,28,5
2026-04-15T16:15:36.580,-11.662,0,,0,48,28,5
2026-04-15T16:15:37.580,-11.673,0,,0,48,28,5
2026-04-15T16:15:38.590,-11.675,0,,0,48,28,5
2026-04-15T16:15:39.580,-11.670,0,,0,48,28,5
2026-04-15T16:15:40.580,-11.669,0,,0,48,28,5
2026-04-15T16:15:41.590,-11.674,0,,0,48,28,5
2026-04-15T16:15:42.580,-11.678,0,,0,48,28,5
2026-04-15T16:15:43.580,-11.683,0,,0,48,28,5
2026-04-15T16:15:44.580,-11.698,0,,0,48,28,5
2026-04-15T16:15:45.580,-11.691,0,,0,48,28,5
2026-04-15T16:15:46.590,-11.675,0,,0,48,28,5
2026-04-15T16:15:47.580,-11.678,0,,0,48,28,5
2026-04-15T16:15:48.590,-11.687,0,,0,48,28,5
2026-04-15T16:15:49.580,-11.676,0,,0,48,28,5
2026-04-15T16:15:50.590,-11.694,0,,0,48,28,5
2026-04-15T16:15:51.580,-11.684,0,,0,48,28,5
2026-04-15T16:15:52.580,-11.683,0,,0,48,28,5
2026-04-15T16:15:53.580,-11.671,0,,0,48,28,5
2026-04-15T16:15:54.580,-11.701,0,,0,48,28,5
2026-04-15T16:15:55.590,-11.662,0,,0,48,28,5
2026-04-15T16:15:56.580,-11.667,0,,0,48,28,5
2026-04-15T16:15:57.580,-11.697,0,,0,48,28,5
2026-04-15T16:15:58.580,-11.680,0,,0,48,28,5
2026-04-15T16:15:59.580,-11.675,0,,0,48,28,5
2026-04-15T16:16:00.580,-11.673,0,,0,48,28,5
2026-04-15T16:16:01.580,-11.655,0,,0,48,28,5
2026-04-15T16:16:02.580,-11.689,0,,0,48,28,5
2026-04-15T16:16:03.580,-11.684,0,,0,48,28,5
2026-04-15T16:16:04.580,-11.701,0,,0,48,28,5
2026-04-15T16:16:05.580,-11.698,0,,0,48,28,5
2026-04-15T16:16:06.580,-11.696,0,,0,48,28,5
2026-04-15T16:16:07.580,-11.708,0,,0,48,28,5
2026-04-15T16:16:08.580,-11.708,0,,0,48,28,5
2026-04-15T16:16:09.580,-11.711,0,,0,48,28,5
2026-04-15T16:16:10.580,-11.717,0,,0,48,28,5
2026-04-15T16:16:11.580,-11.704,0,,0,48,28,5
2026-04-15T16:16:12.590,-11.688,0,,0,48,28,5
2026-04-15T16:16:13.580,-11.684,0,,0,48,28,5
2026-04-15T16:16:14.590,-11.689,0,,0,48,28,5
2026-04-15T16:16:15.580,-11.697,0,,0,48,28,5
2026-04-15T16:16:16.580,-11.717,0,,0,48,28,5
2026-04-15T16:16:17.580,-11.713,0,,0,48,28,5
2026-04-15T16:16:18.600,-11.712,0,,0,48,28,5
2026-04-15T16:16:19.580,-11.725,0,,0,48,28,5
2026-04-15T16:16:20.590,-11.708,0,,0,48,28,5
2026-04-15T16:16:21.580,-11.709,0,,0,48,28,5
2026-04-15T16:16:22.590,-11.717,0,,0,48,28,5
2026-04-15T16:16:23.580,-11.729,0,,0,48,28,5
2026-04-15T16:16:24.580,-11.741,0,,0,48,28,5
2026-04-15T16:16:25.580,-11.735,0,,0,48,28,5
2026-04-15T16:16:26.580,-11.746,0,,0,48,28,5
2026-04-15T16:16:27.580,-11.740,0,,0,48,28,5
2026-04-15T16:16:28.590,-11.726,0,,0,48,28,5
2026-04-15T16:16:29.580,-11.734,0,,0,48,28,5
2026-04-15T16:16:30.590,-11.734,0,,0,48,28,5
2026-04-15T16:16:31.580,-11.723,0,,0,48,28,5
2026-04-15T16:16:32.630,-11.718,0,Image_193.png,0,48,28,5
2026-04-15T16:16:34.000,-11.719,0,,0,48,28,5
2026-04-15T16:16:34.590,-11.732,0,,0,48,28,5
2026-04-15T16:16:35.580,-11.746,0,,0,48,28,5
2026-04-15T16:16:36.580,-11.747,0,,0,48,28,5
2026-04-15T16:16:37.590,-11.739,0,,0,48,28,5
2026-04-15T16:16:38.590,-11.741,0,,0,48,28,5
2026-04-15T16:16:39.590,-11.743,0,,0,48,28,5
2026-04-15T16:16:40.580,-11.739,0,,0,48,28,5
2026-04-15T16:16:41.580,-11.750,0,,0,48,28,5
2026-04-15T16:16:42.580,-11.739,0,,0,48,28,5
2026-04-15T16:16:43.580,-11.756,0,,0,48,28,5
2026-04-15T16:16:44.590,-11.750,0,,0,48,28,5
2026-04-15T16:16:45.580,-11.751,0,,0,48,28,5
2026-04-15T16:16:46.580,-11.756,0,,0,48,28,5
2026-04-15T16:16:47.580,-11.756,0,,0,48,28,5
2026-04-15T16:16:48.580,-11.768,0,,0,48,28,5
2026-04-15T16:16:49.580,-11.754,0,,0,48,28,5
2026-04-15T16:16:50.580,-11.745,0,,0,48,28,5
2026-04-15T16:16:51.590,-11.763,0,,0,48,28,5
2026-04-15T16:16:52.590,-11.762,0,,0,48,28,5
2026-04-15T16:16:53.580,-11.757,0,,0,48,28,5
2026-04-15T16:16:54.580,-11.763,0,,0,48,28,5
2026-04-15T16:16:55.580,-11.764,0,,0,48,28,5
2026-04-15T16:16:56.590,-11.748,0,,0,48,28,5
2026-04-15T16:16:57.580,-11.759,0,,0,48,28,5
2026-04-15T16:16:58.580,-11.763,0,,0,48,28,5
2026-04-15T16:16:59.580,-11.772,0,,0,48,28,5
2026-04-15T16:17:00.580,-11.770,0,,0,48,28,5
2026-04-15T16:17:01.590,-11.774,0,,0,48,28,5
2026-04-15T16:17:02.620,-11.767,0,,0,48,28,5
2026-04-15T16:17:03.580,-11.783,0,,0,48,28,5
2026-04-15T16:17:04.580,-11.786,0,,0,48,28,5
2026-04-15T16:17:05.580,-11.769,0,,0,48,28,5
2026-04-15T16:17:06.580,-11.743,0,,0,48,28,5
2026-04-15T16:17:07.580,-11.746,0,,0,48,28,5
2026-04-15T16:17:08.580,-11.757,0,,0,48,28,5
2026-04-15T16:17:09.600,-11.774,0,,0,48,28,5
2026-04-15T16:17:10.580,-11.790,0,,0,48,28,5
2026-04-15T16:17:11.590,-11.805,0,,0,48,28,5
2026-04-15T16:17:12.580,-11.777,0,,0,48,28,5
2026-04-15T16:17:13.580,-11.768,0,,0,48,28,5
2026-04-15T16:17:14.580,-11.748,0,,0,48,28,5
2026-04-15T16:17:15.580,-11.746,0,,0,48,28,5
2026-04-15T16:17:16.580,-11.764,0,,0,48,28,5
2026-04-15T16:17:17.580,-11.774,0,,0,48,28,5
2026-04-15T16:17:18.580,-11.770,0,,0,48,28,5
2026-04-15T16:17:19.590,-11.779,0,,0,48,28,5
2026-04-15T16:17:20.580,-11.774,0,,0,48,28,5
2026-04-15T16:17:21.580,-11.785,0,,0,48,28,5
2026-04-15T16:17:22.580,-11.785,0,,0,48,28,5
2026-04-15T16:17:23.590,-11.773,0,,0,48,28,5
2026-04-15T16:17:24.710,-11.783,0,,0,48,28,5
2026-04-15T16:17:25.590,-11.782,0,,0,48,28,5
2026-04-15T16:17:26.590,-11.790,0,,0,48,28,5
2026-04-15T16:17:27.590,-11.783,0,,0,48,28,5
2026-04-15T16:17:28.590,-11.796,0,,0,48,28,5
2026-04-15T16:17:29.590,-11.775,0,,0,48,28,5
2026-04-15T16:17:31.110,-11.784,0,,0,48,28,5
2026-04-15T16:17:31.580,-11.782,0,,0,48,28,5
2026-04-15T16:17:32.580,-11.761,0,,0,48,28,5
2026-04-15T16:17:33.580,-11.779,0,Image_194.png,0,48,28,5
2026-04-15T16:17:34.970,-11.792,0,,0,48,28,5
2026-04-15T16:17:35.590,-11.770,0,,0,48,28,5
2026-04-15T16:17:36.590,-11.770,0,,0,48,28,5
2026-04-15T16:17:37.580,-11.753,0,,0,48,28,5
2026-04-15T16:17:38.580,-11.754,0,,0,48,28,5
2026-04-15T16:17:39.580,-11.774,0,,0,48,28,5
2026-04-15T16:17:40.590,-11.768,0,,0,48,28,5
2026-04-15T16:17:41.580,-11.783,0,,0,48,28,5
2026-04-15T16:17:42.590,-11.787,0,,0,48,28,5
2026-04-15T16:17:43.590,-11.776,0,,0,48,28,5
2026-04-15T16:17:44.580,-11.770,0,,0,48,28,5
2026-04-15T16:17:45.580,-11.779,0,,0,48,28,5
2026-04-15T16:17:46.580,-11.788,0,,0,48,28,5
2026-04-15T16:17:47.580,-11.785,0,,0,48,28,5
2026-04-15T16:17:48.580,-11.786,0,,0,48,28,5
2026-04-15T16:17:49.580,-11.785,0,,0,48,28,5
2026-04-15T16:17:50.580,-11.789,0,,0,48,28,5
2026-04-15T16:17:51.580,-11.793,0,,0,48,28,5
2026-04-15T16:17:52.580,-11.783,0,,0,48,28,5
2026-04-15T16:17:53.580,-11.800,0,,0,48,28,5
2026-04-15T16:17:54.630,-11.805,0,,0,48,28,5
2026-04-15T16:17:55.580,-11.799,0,,0,48,28,5
2026-04-15T16:17:56.610,-11.813,0,,0,48,28,5
2026-04-15T16:17:57.590,-11.818,0,,0,48,28,5
2026-04-15T16:17:58.590,-11.806,0,,0,48,28,5
2026-04-15T16:17:59.580,-11.815,0,,0,48,28,5
2026-04-15T16:18:00.580,-11.824,0,,0,48,28,5
2026-04-15T16:18:01.580,-11.813,0,,0,48,28,5
2026-04-15T16:18:02.590,-11.815,0,,0,48,28,5
2026-04-15T16:18:03.580,-11.808,0,,0,48,28,5
2026-04-15T16:18:04.590,-11.820,0,,0,48,28,5
2026-04-15T16:18:05.580,-11.817,0,,0,48,28,5
2026-04-15T16:18:06.580,-11.801,0,,0,48,28,5
2026-04-15T16:18:07.580,-11.801,0,,0,48,28,5
2026-04-15T16:18:08.580,-11.822,0,,0,48,28,5
2026-04-15T16:18:09.580,-11.790,0,,0,48,28,5
2026-04-15T16:18:10.580,-11.819,0,,0,48,28,5
2026-04-15T16:18:11.580,-11.823,0,,0,48,28,5
2026-04-15T16:18:12.590,-11.804,0,,0,48,28,5
2026-04-15T16:18:13.580,-11.822,0,,0,48,28,5
2026-04-15T16:18:14.590,-11.821,0,,0,48,28,5
2026-04-15T16:18:15.580,-11.820,0,,0,48,28,5
2026-04-15T16:18:16.590,-11.841,0,,0,48,28,5
2026-04-15T16:18:17.590,-11.839,0,,0,48,28,5
2026-04-15T16:18:18.580,-11.831,0,,0,48,28,5
2026-04-15T16:18:19.590,-11.867,0,,0,48,28,5
2026-04-15T16:18:20.590,-11.852,0,,0,48,28,5
2026-04-15T16:18:21.580,-11.839,0,,0,48,28,5
2026-04-15T16:18:22.580,-11.830,0,,0,48,28,5
2026-04-15T16:18:23.580,-11.827,0,,0,48,28,5
2026-04-15T16:18:24.590,-11.797,0,,0,48,28,5
2026-04-15T16:18:25.580,-11.803,0,,0,48,28,5
2026-04-15T16:18:26.580,-11.814,0,,0,48,28,5
2026-04-15T16:18:27.580,-11.801,0,,0,48,28,5
2026-04-15T16:18:28.580,-11.824,0,,0,48,28,5
2026-04-15T16:18:29.580,-11.836,0,,0,48,28,5
2026-04-15T16:18:30.580,-11.819,0,,0,48,28,5
2026-04-15T16:18:31.590,-11.843,0,,0,48,28,5
2026-04-15T16:18:32.580,-11.841,0,,0,48,28,5
2026-04-15T16:18:33.580,-11.843,0,Image_195.png,0,48,28,5
2026-04-15T16:18:34.990,-11.841,0,,0,48,28,5
2026-04-15T16:18:35.580,-11.823,0,,0,48,28,5
2026-04-15T16:18:36.590,-11.818,0,,0,48,28,5
2026-04-15T16:18:37.590,-11.797,0,,0,48,28,5
2026-04-15T16:18:38.590,-11.786,0,,0,48,28,5
2026-04-15T16:18:39.590,-11.798,0,,0,48,28,5
2026-04-15T16:18:40.580,-11.823,0,,0,48,28,5
2026-04-15T16:18:41.580,-11.818,0,,0,48,28,5
2026-04-15T16:18:42.600,-11.844,0,,0,48,28,5
2026-04-15T16:18:43.590,-11.852,0,,0,48,28,5
2026-04-15T16:18:44.590,-11.861,0,,0,48,28,5
2026-04-15T16:18:45.590,-11.854,0,,0,48,28,5
2026-04-15T16:18:46.590,-11.852,0,,0,48,28,5
2026-04-15T16:18:47.590,-11.842,0,,0,48,28,5
2026-04-15T16:18:48.590,-11.840,0,,0,48,28,5
2026-04-15T16:18:49.580,-11.833,0,,0,48,28,5
2026-04-15T16:18:50.580,-11.849,0,,0,48,28,5
2026-04-15T16:18:51.580,-11.839,0,,0,48,28,5
2026-04-15T16:18:52.580,-11.822,0,,0,48,28,5
2026-04-15T16:18:53.580,-11.805,0,,0,48,28,5
2026-04-15T16:18:54.580,-11.817,0,,0,48,28,5
2026-04-15T16:18:55.590,-11.802,0,,0,48,28,5
2026-04-15T16:18:56.580,-11.822,0,,0,48,28,5
2026-04-15T16:18:57.580,-11.812,0,,0,48,28,5
2026-04-15T16:18:58.580,-11.813,0,,0,48,28,5
2026-04-15T16:18:59.580,-11.824,0,,0,48,28,5
2026-04-15T16:19:00.590,-11.820,0,,0,48,28,5
2026-04-15T16:19:01.580,-11.828,0,,0,48,28,5
2026-04-15T16:19:02.580,-11.828,0,,0,48,28,5
2026-04-15T16:19:03.590,-11.831,0,,0,48,28,5
2026-04-15T16:19:04.580,-11.824,0,,0,48,28,5
2026-04-15T16:19:05.580,-11.837,0,,0,48,28,5
2026-04-15T16:19:06.580,-11.835,0,,0,48,28,5
2026-04-15T16:19:07.580,-11.832,0,,0,48,28,5
2026-04-15T16:19:08.590,-11.839,0,,0,48,28,5
2026-04-15T16:19:09.590,-11.842,0,,0,48,28,5
2026-04-15T16:19:10.580,-11.834,0,,0,48,28,5
2026-04-15T16:19:11.580,-11.841,0,,0,48,28,5
2026-04-15T16:19:12.580,-11.845,0,,0,48,28,5
2026-04-15T16:19:13.590,-11.858,0,,0,48,28,5
2026-04-15T16:19:14.590,-11.844,0,,0,48,28,5
2026-04-15T16:19:15.580,-11.845,0,,0,48,28,5
2026-04-15T16:19:16.590,-11.853,0,,0,48,28,5
2026-04-15T16:19:17.590,-11.837,0,,0,48,28,5
2026-04-15T16:19:18.580,-11.833,0,,0,48,28,5
2026-04-15T16:19:19.580,-11.841,0,,0,48,28,5
2026-04-15T16:19:20.580,-11.841,0,,0,48,28,5
2026-04-15T16:19:21.580,-11.838,0,,0,48,28,5
2026-04-15T16:19:22.590,-11.842,0,,0,48,28,5
2026-04-15T16:19:23.580,-11.831,0,,0,48,28,5
2026-04-15T16:19:24.580,-11.848,0,,0,48,28,5
2026-04-15T16:19:25.590,-11.855,0,,0,48,28,5
2026-04-15T16:19:26.580,-11.863,0,,0,48,28,5
2026-04-15T16:19:27.590,-11.851,0,,0,48,28,5
2026-04-15T16:19:28.590,-11.851,0,,0,48,28,5
2026-04-15T16:19:29.590,-11.846,0,,0,48,28,5
2026-04-15T16:19:30.590,-11.846,0,,0,48,28,5
2026-04-15T16:19:31.590,-11.826,0,,0,48,28,5
2026-04-15T16:19:32.580,-11.832,0,,0,48,28,5
2026-04-15T16:19:33.590,-11.828,0,,0,48,28,5
2026-04-15T16:19:34.580,-11.834,0,Image_196.png,0,48,28,5
2026-04-15T16:19:36.010,-11.839,0,,0,48,28,5
2026-04-15T16:19:36.590,-11.835,0,,0,48,28,5
2026-04-15T16:19:37.590,-11.842,0,,0,48,28,5
2026-04-15T16:19:38.580,-11.837,0,,0,48,28,5
2026-04-15T16:19:39.580,-11.827,0,,0,48,28,5
2026-04-15T16:19:40.580,-11.828,0,,0,48,28,5
2026-04-15T16:19:41.580,-11.797,0,,0,48,28,5
2026-04-15T16:19:42.590,-11.808,0,,0,48,28,5
2026-04-15T16:19:43.580,-11.810,0,,0,48,28,5
2026-04-15T16:19:44.590,-11.819,0,,0,48,28,5
2026-04-15T16:19:45.590,-11.836,0,,0,48,28,5
2026-04-15T16:19:46.590,-11.838,0,,0,48,28,5
2026-04-15T16:19:47.590,-11.821,0,,0,48,28,5
2026-04-15T16:19:48.580,-11.827,0,,0,48,28,5
2026-04-15T16:19:49.580,-11.824,0,,0,48,28,5
2026-04-15T16:19:50.580,-11.815,0,,0,48,28,5
2026-04-15T16:19:51.580,-11.840,0,,0,48,28,5
2026-04-15T16:19:52.580,-11.843,0,,0,48,28,5
2026-04-15T16:19:53.580,-11.817,0,,0,48,28,5
2026-04-15T16:19:54.580,-11.803,0,,0,48,28,5
2026-04-15T16:19:55.580,-11.811,0,,0,48,28,5
2026-04-15T16:19:56.590,-11.811,0,,0,48,28,5
2026-04-15T16:19:57.580,-11.828,0,,0,48,28,5
2026-04-15T16:19:58.590,-11.848,0,,0,48,28,5
2026-04-15T16:19:59.590,-11.841,0,,0,48,28,5
2026-04-15T16:20:00.580,-11.852,0,,0,48,28,5
2026-04-15T16:20:01.580,-11.815,0,,0,48,28,5
2026-04-15T16:20:02.580,-11.826,0,,0,48,28,5
2026-04-15T16:20:03.600,-11.816,0,,0,48,28,5
2026-04-15T16:20:04.590,-11.812,0,,0,48,28,5
2026-04-15T16:20:05.590,-11.826,0,,0,48,28,5
2026-04-15T16:20:06.580,-11.833,0,,0,48,28,5
2026-04-15T16:20:07.590,-11.832,0,,0,48,28,5
2026-04-15T16:20:08.590,-11.827,0,,0,48,28,5
2026-04-15T16:20:09.590,-11.815,0,,0,48,28,5
2026-04-15T16:20:10.580,-11.825,0,,0,48,28,5
2026-04-15T16:20:11.580,-11.818,0,,0,48,28,5
2026-04-15T16:20:12.580,-11.819,0,,0,48,28,5
2026-04-15T16:20:13.580,-11.829,0,,0,48,28,5
2026-04-15T16:20:14.580,-11.819,0,,0,48,28,5
2026-04-15T16:20:15.580,-11.806,0,,0,48,28,5
2026-04-15T16:20:16.590,-11.804,0,,0,48,28,5
2026-04-15T16:20:17.580,-11.783,0,,0,48,28,5
2026-04-15T16:20:18.580,-11.775,0,,0,48,28,5
2026-04-15T16:20:19.590,-11.777,0,,0,48,28,5
2026-04-15T16:20:20.610,-11.778,0,,0,48,28,5
2026-04-15T16:20:21.590,-11.757,0,,0,48,28,5
2026-04-15T16:20:22.590,-11.751,0,,0,48,28,5
2026-04-15T16:20:23.590,-11.760,0,,0,48,28,5
2026-04-15T16:20:24.590,-11.772,0,,0,48,28,5
2026-04-15T16:20:25.580,-11.778,0,,0,48,28,5
2026-04-15T16:20:26.590,-11.790,0,,0,48,28,5
2026-04-15T16:20:27.580,-11.802,0,,0,48,28,5
2026-04-15T16:20:28.580,-11.798,0,,0,48,28,5
2026-04-15T16:20:29.580,-11.796,0,,0,48,28,5
2026-04-15T16:20:30.580,-11.794,0,,0,48,28,5
2026-04-15T16:20:31.590,-11.799,0,,0,48,28,5
2026-04-15T16:20:32.580,-11.780,0,,0,48,28,5
2026-04-15T16:20:33.580,-11.766,0,,0,48,28,5
2026-04-15T16:20:34.580,-11.746,0,,0,48,28,5
2026-04-15T16:20:35.580,-11.764,0,Image_197.png,0,48,28,5
2026-04-15T16:20:36.990,-11.775,0,,0,48,28,5
2026-04-15T16:20:37.590,-11.777,0,,0,48,28,5
2026-04-15T16:20:38.590,-11.797,0,,0,48,28,5
2026-04-15T16:20:39.590,-11.788,0,,0,48,28,5
2026-04-15T16:20:40.580,-11.799,0,,0,48,28,5
2026-04-15T16:20:41.580,-11.804,0,,0,48,28,5
2026-04-15T16:20:42.580,-11.794,0,,0,48,28,5
2026-04-15T16:20:43.590,-11.793,0,,0,48,28,5
2026-04-15T16:20:44.580,-11.790,0,,0,48,28,5
2026-04-15T16:20:45.580,-11.770,0,,0,48,28,5
2026-04-15T16:20:46.580,-11.769,0,,0,48,28,5
2026-04-15T16:20:47.590,-11.774,0,,0,48,28,5
2026-04-15T16:20:48.590,-11.765,0,,0,48,28,5
2026-04-15T16:20:49.580,-11.770,0,,0,48,28,5
2026-04-15T16:20:50.590,-11.767,0,,0,48,28,5
2026-04-15T16:20:51.590,-11.768,0,,0,48,28,5
2026-04-15T16:20:52.590,-11.768,0,,0,48,28,5
2026-04-15T16:20:53.590,-11.790,0,,0,48,28,5
2026-04-15T16:20:54.580,-11.782,0,,0,48,28,5
2026-04-15T16:20:55.590,-11.792,0,,0,48,28,5
2026-04-15T16:20:56.580,-11.802,0,,0,48,28,5
2026-04-15T16:20:57.580,-11.799,0,,0,48,28,5
2026-04-15T16:20:58.580,-11.775,0,,0,48,28,5
2026-04-15T16:20:59.580,-11.774,0,,0,48,28,5
2026-04-15T16:21:00.600,-11.765,0,,0,48,28,5
2026-04-15T16:21:01.580,-11.764,0,,0,48,28,5
2026-04-15T16:21:02.580,-11.798,0,,0,48,28,5
2026-04-15T16:21:03.580,-11.798,0,,0,48,28,5
2026-04-15T16:21:04.580,-11.783,0,,0,48,28,5
2026-04-15T16:21:05.590,-11.783,0,,0,48,28,5
2026-04-15T16:21:06.580,-11.767,0,,0,48,28,5
2026-04-15T16:21:07.580,-11.782,0,,0,48,28,5
2026-04-15T16:21:08.590,-11.772,0,,0,48,28,5
2026-04-15T16:21:09.600,-11.779,0,,0,48,28,5
2026-04-15T16:21:10.580,-11.765,0,,0,48,28,5
2026-04-15T16:21:11.580,-11.742,0,,0,48,28,5
2026-04-15T16:21:12.590,-11.747,0,,0,48,28,5
2026-04-15T16:21:13.590,-11.746,0,,0,48,28,5
2026-04-15T16:21:14.590,-11.757,0,,0,48,28,5
2026-04-15T16:21:15.590,-11.754,0,,0,48,28,5
2026-04-15T16:21:16.580,-11.749,0,,0,48,28,5
2026-04-15T16:21:17.580,-11.766,0,,0,48,28,5
2026-04-15T16:21:18.590,-11.760,0,,0,48,28,5
2026-04-15T16:21:19.580,-11.773,0,,0,48,28,5
2026-04-15T16:21:20.580,-11.768,0,,0,48,28,5
2026-04-15T16:21:21.580,-11.753,0,,0,48,28,5
2026-04-15T16:21:22.580,-11.741,0,,0,48,28,5
2026-04-15T16:21:23.580,-11.735,0,,0,48,28,5
2026-04-15T16:21:24.580,-11.760,0,,0,48,28,5
2026-04-15T16:21:25.580,-11.755,0,,0,48,28,5
2026-04-15T16:21:26.580,-11.771,0,,0,48,28,5
2026-04-15T16:21:27.590,-11.769,0,,0,48,28,5
2026-04-15T16:21:28.590,-11.762,0,,0,48,28,5
2026-04-15T16:21:29.580,-11.769,0,,0,48,28,5
2026-04-15T16:21:30.590,-11.748,0,,0,48,28,5
2026-04-15T16:21:31.580,-11.760,0,,0,48,28,5
2026-04-15T16:21:32.590,-11.768,0,,0,48,28,5
2026-04-15T16:21:33.590,-11.760,0,,0,48,28,5
2026-04-15T16:21:34.580,-11.755,0,,0,48,28,5
2026-04-15T16:21:35.580,-11.751,0,,0,48,28,5
2026-04-15T16:21:36.580,-11.755,0,Image_198.png,0,48,28,5
2026-04-15T16:21:38.000,-11.751,0,,0,48,28,5
2026-04-15T16:21:38.580,-11.748,0,,0,48,28,5
2026-04-15T16:21:39.580,-11.725,0,,0,48,28,5
2026-04-15T16:21:40.580,-11.744,0,,0,48,28,5
2026-04-15T16:21:41.580,-11.708,0,,0,48,28,5
2026-04-15T16:21:42.580,-11.716,0,,0,48,28,5
2026-04-15T16:21:43.580,-11.727,0,,0,48,28,5
2026-04-15T16:21:44.590,-11.723,0,,0,48,28,5
2026-04-15T16:21:45.580,-11.757,0,,0,48,28,5
2026-04-15T16:21:46.590,-11.746,0,,0,48,28,5
2026-04-15T16:21:47.590,-11.743,0,,0,48,28,5
2026-04-15T16:21:48.590,-11.742,0,,0,48,28,5
2026-04-15T16:21:49.590,-11.740,0,,0,48,28,5
2026-04-15T16:21:50.630,-11.761,0,,0,48,28,5
2026-04-15T16:21:51.580,-11.744,0,,0,48,28,5
2026-04-15T16:21:52.580,-11.749,0,,0,48,28,5
2026-04-15T16:21:53.580,-11.748,0,,0,48,28,5
2026-04-15T16:21:54.580,-11.743,0,,0,48,28,5
2026-04-15T16:21:55.580,-11.746,0,,0,48,28,5
2026-04-15T16:21:56.590,-11.757,0,,0,48,28,5
2026-04-15T16:21:57.580,-11.753,0,,0,48,28,5
2026-04-15T16:21:58.590,-11.739,0,,0,48,28,5
2026-04-15T16:21:59.580,-11.738,0,,0,48,28,5
2026-04-15T16:22:00.580,-11.726,0,,0,48,28,5
2026-04-15T16:22:01.580,-11.734,0,,0,48,28,5
2026-04-15T16:22:02.580,-11.747,0,,0,48,28,5
2026-04-15T16:22:03.580,-11.746,0,,0,48,28,5
2026-04-15T16:22:04.590,-11.741,0,,0,48,28,5
2026-04-15T16:22:05.580,-11.745,0,,0,48,28,5
2026-04-15T16:22:06.590,-11.746,0,,0,48,28,5
2026-04-15T16:22:07.580,-11.740,0,,0,48,28,5
2026-04-15T16:22:08.580,-11.752,0,,0,48,28,5
2026-04-15T16:22:09.590,-11.735,0,,0,48,28,5
2026-04-15T16:22:10.580,-11.731,0,,0,48,28,5
2026-04-15T16:22:11.580,-11.737,0,,0,48,28,5
2026-04-15T16:22:12.590,-11.730,0,,0,48,28,5
2026-04-15T16:22:13.590,-11.749,0,,0,48,28,5
2026-04-15T16:22:14.590,-11.738,0,,0,48,28,5
2026-04-15T16:22:15.590,-11.735,0,,0,48,28,5
2026-04-15T16:22:16.590,-11.739,0,,0,48,28,5
2026-04-15T16:22:17.590,-11.743,0,,0,48,28,5
2026-04-15T16:22:18.590,-11.740,0,,0,48,28,5
2026-04-15T16:22:19.590,-11.726,0,,0,48,28,5
2026-04-15T16:22:20.590,-11.731,0,,0,48,28,5
2026-04-15T16:22:21.590,-11.741,0,,0,48,28,5
2026-04-15T16:22:22.580,-11.737,0,,0,48,28,5
2026-04-15T16:22:23.580,-11.740,0,,0,48,28,5
2026-04-15T16:22:24.580,-11.756,0,,0,48,28,5
2026-04-15T16:22:25.580,-11.730,0,,0,48,28,5
2026-04-15T16:22:26.580,-11.738,0,,0,48,28,5
2026-04-15T16:22:27.580,-11.734,0,,0,48,28,5
2026-04-15T16:22:28.590,-11.715,0,,0,48,28,5
2026-04-15T16:22:29.580,-11.730,0,,0,48,28,5
2026-04-15T16:22:30.580,-11.724,0,,0,48,28,5
2026-04-15T16:22:31.590,-11.725,0,,0,48,28,5
2026-04-15T16:22:32.590,-11.743,0,,0,48,28,5
2026-04-15T16:22:33.590,-11.746,0,,0,48,28,5
2026-04-15T16:22:34.580,-11.737,0,,0,48,28,5
2026-04-15T16:22:35.580,-11.742,0,,0,48,28,5
2026-04-15T16:22:36.580,-11.736,0,Image_199.png,0,48,28,5
2026-04-15T16:22:38.020,-11.737,0,,0,48,28,5
2026-04-15T16:22:38.590,-11.735,0,,0,48,28,5
2026-04-15T16:22:39.580,-11.729,0,,0,48,28,5
2026-04-15T16:22:40.580,-11.731,0,,0,48,28,5
2026-04-15T16:22:41.580,-11.730,0,,0,48,28,5
2026-04-15T16:22:42.580,-11.731,0,,0,48,29,5
2026-04-15T16:22:43.580,-11.729,0,,0,48,29,5
2026-04-15T16:22:44.580,-11.725,0,,0,48,29,5
2026-04-15T16:22:45.590,-11.730,0,,0,48,29,5
2026-04-15T16:22:46.580,-11.715,0,,0,48,29,5
2026-04-15T16:22:47.580,-11.719,0,,0,48,29,5
2026-04-15T16:22:48.590,-11.713,0,,0,48,29,5
2026-04-15T16:22:49.590,-11.719,0,,0,48,29,5
2026-04-15T16:22:50.590,-11.713,0,,0,48,29,5
2026-04-15T16:22:51.580,-11.716,0,,0,48,29,5
2026-04-15T16:22:52.580,-11.706,0,,0,48,29,5
2026-04-15T16:22:53.580,-11.710,0,,0,48,29,5
2026-04-15T16:22:54.580,-11.706,0,,0,48,29,5
2026-04-15T16:22:55.580,-11.708,0,,0,48,29,5
2026-04-15T16:22:56.580,-11.698,0,,0,48,29,5
2026-04-15T16:22:57.590,-11.705,0,,0,48,29,5
2026-04-15T16:22:58.580,-11.716,0,,0,48,29,5
2026-04-15T16:22:59.580,-11.704,0,,0,48,29,5
2026-04-15T16:23:00.580,-11.700,0,,0,48,29,5
2026-04-15T16:23:01.580,-11.703,0,,0,48,29,5
2026-04-15T16:23:02.580,-11.715,0,,0,48,29,5
2026-04-15T16:23:03.580,-11.717,0,,0,48,29,5
2026-04-15T16:23:04.580,-11.704,0,,0,48,29,5
2026-04-15T16:23:05.580,-11.693,0,,0,48,29,5
2026-04-15T16:23:06.600,-11.708,0,,0,48,29,5
2026-04-15T16:23:07.600,-11.683,0,,0,48,29,5
2026-04-15T16:23:08.580,-11.686,0,,0,48,29,5
2026-04-15T16:23:09.590,-11.686,0,,0,48,29,5
2026-04-15T16:23:10.590,-11.699,0,,0,48,29,5
2026-04-15T16:23:11.590,-11.714,0,,0,48,29,5
2026-04-15T16:23:12.630,-11.692,0,,0,48,29,5
2026-04-15T16:23:13.580,-11.718,0,,0,48,29,5
2026-04-15T16:23:14.580,-11.723,0,,0,48,29,5
2026-04-15T16:23:15.600,-11.710,0,,0,48,29,5
2026-04-15T16:23:16.590,-11.713,0,,0,48,29,5
2026-04-15T16:23:17.590,-11.734,0,,0,48,29,5
2026-04-15T16:23:18.580,-11.715,0,,0,48,29,5
2026-04-15T16:23:19.580,-11.739,0,,0,48,29,5
2026-04-15T16:23:20.580,-11.741,0,,0,48,29,5
2026-04-15T16:23:21.600,-11.738,0,,0,48,29,5
2026-04-15T16:23:22.580,-11.729,0,,0,48,29,5
2026-04-15T16:23:23.580,-11.742,0,,0,48,29,5
2026-04-15T16:23:24.600,-11.733,0,,0,48,29,5
2026-04-15T16:23:25.590,-11.740,0,,0,48,29,5
2026-04-15T16:23:26.590,-11.732,0,,0,48,29,5
2026-04-15T16:23:27.600,-11.731,0,,0,48,29,5
2026-04-15T16:23:28.590,-11.745,0,,0,48,29,5
2026-04-15T16:23:29.580,-11.740,0,,0,48,29,5
2026-04-15T16:23:30.590,-11.736,0,,0,48,29,5
2026-04-15T16:23:31.580,-11.743,0,,0,48,29,5
2026-04-15T16:23:32.590,-11.746,0,,0,48,29,5
2026-04-15T16:23:33.580,-11.739,0,,0,48,29,5
2026-04-15T16:23:34.590,-11.750,0,,0,48,29,5
2026-04-15T16:23:35.590,-11.743,0,,0,48,29,5
2026-04-15T16:23:36.590,-11.747,0,,0,48,29,5
2026-04-15T16:23:37.580,-11.748,0,Image_200.png,0,48,29,5
2026-04-15T16:23:39.020,-11.740,0,,0,48,29,5
2026-04-15T16:23:39.580,-11.747,0,,0,48,29,5
2026-04-15T16:23:40.580,-11.749,0,,0,48,29,5
2026-04-15T16:23:41.580,-11.751,0,,0,48,29,5
2026-04-15T16:23:42.580,-11.750,0,,0,48,29,5
2026-04-15T16:23:43.580,-11.756,0,,0,48,29,5
2026-04-15T16:23:44.580,-11.759,0,,0,48,29,5
2026-04-15T16:23:45.580,-11.748,0,,0,48,29,5
2026-04-15T16:23:46.590,-11.738,0,,0,48,29,5
2026-04-15T16:23:47.580,-11.720,0,,0,48,29,5
2026-04-15T16:23:48.580,-11.707,0,,0,48,29,5
2026-04-15T16:23:49.580,-11.708,0,,0,48,29,5
2026-04-15T16:23:50.580,-11.729,0,,0,48,29,5
2026-04-15T16:23:51.590,-11.748,0,,0,48,29,5
2026-04-15T16:23:52.580,-11.758,0,,0,48,29,5
2026-04-15T16:23:53.580,-11.748,0,,0,48,29,5
2026-04-15T16:23:54.580,-11.740,0,,0,48,29,5
2026-04-15T16:23:55.580,-11.726,0,,0,48,29,5
2026-04-15T16:23:56.590,-11.733,0,,0,48,29,5
2026-04-15T16:23:57.580,-11.750,0,,0,48,29,5
2026-04-15T16:23:58.580,-11.750,0,,0,48,29,5
2026-04-15T16:23:59.580,-11.747,0,,0,48,29,5
2026-04-15T16:24:00.590,-11.765,0,,0,48,29,5
2026-04-15T16:24:01.580,-11.763,0,,0,48,29,5
2026-04-15T16:24:02.580,-11.742,0,,0,48,29,5
2026-04-15T16:24:03.580,-11.754,0,,0,48,29,5
2026-04-15T16:24:04.580,-11.732,0,,0,48,29,5
2026-04-15T16:24:05.590,-11.746,0,,0,48,29,5
2026-04-15T16:24:06.580,-11.768,0,,0,48,29,5
2026-04-15T16:24:07.580,-11.767,0,,0,48,29,5
2026-04-15T16:24:08.590,-11.775,0,,0,48,29,5
2026-04-15T16:24:09.580,-11.748,0,,0,48,29,5
2026-04-15T16:24:10.580,-11.738,0,,0,48,29,5
2026-04-15T16:24:11.580,-11.727,0,,0,48,29,5
2026-04-15T16:24:12.580,-11.733,0,,0,48,29,5
2026-04-15T16:24:13.590,-11.741,0,,0,48,29,5
2026-04-15T16:24:14.580,-11.736,0,,0,48,29,5
2026-04-15T16:24:15.600,-11.731,0,,0,48,29,5
2026-04-15T16:24:16.580,-11.716,0,,0,48,29,5
2026-04-15T16:24:17.580,-11.720,0,,0,48,29,5
2026-04-15T16:24:18.590,-11.738,0,,0,48,29,5
2026-04-15T16:24:19.580,-11.721,0,,0,48,29,5
2026-04-15T16:24:20.580,-11.752,0,,0,48,29,5
2026-04-15T16:24:21.580,-11.746,0,,0,48,29,5
2026-04-15T16:24:22.580,-11.765,0,,0,48,29,5
2026-04-15T16:24:23.590,-11.755,0,,0,48,29,5
2026-04-15T16:24:24.580,-11.755,0,,0,48,29,5
2026-04-15T16:24:25.580,-11.791,0,,0,48,29,5
2026-04-15T16:24:26.580,-11.758,0,,0,48,29,5
2026-04-15T16:24:27.580,-11.786,0,,0,48,29,5
2026-04-15T16:24:28.590,-11.781,0,,0,48,29,5
2026-04-15T16:24:29.580,-11.774,0,,0,48,29,5
2026-04-15T16:24:30.580,-11.787,0,,0,48,29,5
2026-04-15T16:24:31.580,-11.766,0,,0,48,29,5
2026-04-15T16:24:32.590,-11.769,0,,0,48,29,5
2026-04-15T16:24:33.580,-11.775,0,,0,48,29,5
2026-04-15T16:24:34.630,-11.762,0,,0,48,29,5
2026-04-15T16:24:35.580,-11.769,0,,0,48,29,5
2026-04-15T16:24:36.590,-11.766,0,,0,48,29,5
2026-04-15T16:24:37.580,-11.773,0,,0,48,29,5
2026-04-15T16:24:38.580,-11.778,0,Image_201.png,0,48,29,5
2026-04-15T16:24:40.020,-11.762,0,,0,48,29,5
2026-04-15T16:24:40.580,-11.758,0,,0,48,29,5
2026-04-15T16:24:41.590,-11.769,0,,0,48,29,5
2026-04-15T16:24:42.590,-11.770,0,,0,48,29,5
2026-04-15T16:24:43.590,-11.777,0,,0,48,29,5
2026-04-15T16:24:44.580,-11.772,0,,0,48,29,5
2026-04-15T16:24:45.590,-11.762,0,,0,48,29,5
2026-04-15T16:24:46.580,-11.758,0,,0,48,29,5
2026-04-15T16:24:47.580,-11.755,0,,0,48,29,5
2026-04-15T16:24:48.590,-11.770,0,,0,48,29,5
2026-04-15T16:24:49.590,-11.772,0,,0,48,29,5
2026-04-15T16:24:50.580,-11.762,0,,0,48,29,5
2026-04-15T16:24:51.580,-11.770,0,,0,48,29,5
2026-04-15T16:24:52.580,-11.776,0,,0,48,29,5
2026-04-15T16:24:53.580,-11.772,0,,0,48,29,5
2026-04-15T16:24:54.580,-11.781,0,,0,48,29,5
2026-04-15T16:24:55.580,-11.772,0,,0,48,29,5
2026-04-15T16:24:56.580,-11.793,0,,0,48,29,5
2026-04-15T16:24:57.590,-11.791,0,,0,48,29,5
2026-04-15T16:24:58.580,-11.802,0,,0,48,29,5
2026-04-15T16:24:59.580,-11.777,0,,0,48,29,5
2026-04-15T16:25:00.590,-11.767,0,,0,48,29,5
2026-04-15T16:25:01.580,-11.765,0,,0,48,29,5
2026-04-15T16:25:02.590,-11.764,0,,0,48,29,5
2026-04-15T16:25:03.590,-11.795,0,,0,48,29,5
2026-04-15T16:25:04.590,-11.782,0,,0,48,29,5
2026-04-15T16:25:05.590,-11.780,0,,0,48,29,5
2026-04-15T16:25:06.580,-11.787,0,,0,48,29,5
2026-04-15T16:25:07.590,-11.777,0,,0,48,29,5
2026-04-15T16:25:08.590,-11.765,0,,0,48,29,5
2026-04-15T16:25:09.590,-11.764,0,,0,48,29,5
2026-04-15T16:25:10.580,-11.759,0,,0,48,29,5
2026-04-15T16:25:11.580,-11.756,0,,0,48,29,5
2026-04-15T16:25:12.580,-11.754,0,,0,48,29,5
2026-04-15T16:25:13.580,-11.768,0,,0,48,29,5
2026-04-15T16:25:14.590,-11.754,0,,0,48,29,5
2026-04-15T16:25:15.590,-11.774,0,,0,48,29,5
2026-04-15T16:25:16.580,-11.779,0,,0,48,29,5
2026-04-15T16:25:17.590,-11.781,0,,0,48,29,5
2026-04-15T16:25:18.590,-11.790,0,,0,48,29,5
2026-04-15T16:25:19.590,-11.765,0,,0,48,29,5
2026-04-15T16:25:20.580,-11.759,0,,0,48,29,5
2026-04-15T16:25:21.590,-11.768,0,,0,48,29,5
2026-04-15T16:25:22.580,-11.772,0,,0,48,29,5
2026-04-15T16:25:23.590,-11.778,0,,0,48,29,5
2026-04-15T16:25:24.580,-11.773,0,,0,48,29,5
2026-04-15T16:25:25.580,-11.773,0,,0,48,29,5
2026-04-15T16:25:26.580,-11.789,0,,0,48,29,5
2026-04-15T16:25:27.590,-11.775,0,,0,48,29,5
2026-04-15T16:25:28.580,-11.791,0,,0,48,29,5
2026-04-15T16:25:29.590,-11.781,0,,0,48,29,5
2026-04-15T16:25:30.580,-11.788,0,,0,48,29,5
2026-04-15T16:25:31.590,-11.789,0,,0,48,29,5
2026-04-15T16:25:32.580,-11.791,0,,0,48,29,5
2026-04-15T16:25:33.580,-11.794,0,,0,48,29,5
2026-04-15T16:25:34.580,-11.803,0,,0,48,29,5
2026-04-15T16:25:35.580,-11.803,0,,0,48,29,5
2026-04-15T16:25:36.590,-11.779,0,,0,48,29,5
2026-04-15T16:25:37.590,-11.780,0,,0,48,29,5
2026-04-15T16:25:38.580,-11.784,0,Image_202.png,0,48,29,5
2026-04-15T16:25:40.010,-11.797,0,,0,48,29,5
2026-04-15T16:25:40.580,-11.805,0,,0,48,29,5
2026-04-15T16:25:41.580,-11.785,0,,0,48,29,5
2026-04-15T16:25:42.580,-11.799,0,,0,48,29,5
2026-04-15T16:25:43.580,-11.813,0,,0,48,29,5
2026-04-15T16:25:44.580,-11.803,0,,0,48,29,5
2026-04-15T16:25:45.580,-11.814,0,,0,48,29,5
2026-04-15T16:25:46.580,-11.819,0,,0,48,29,5
2026-04-15T16:25:47.580,-11.840,0,,0,48,29,5
2026-04-15T16:25:48.590,-11.845,0,,0,48,29,5
2026-04-15T16:25:49.580,-11.836,0,,0,48,29,5
2026-04-15T16:25:50.590,-11.833,0,,0,48,29,5
2026-04-15T16:25:51.590,-11.832,0,,0,48,29,5
2026-04-15T16:25:52.580,-11.810,0,,0,48,29,5
2026-04-15T16:25:53.590,-11.817,0,,0,48,29,5
2026-04-15T16:25:54.590,-11.822,0,,0,48,29,5
2026-04-15T16:25:55.580,-11.831,0,,0,48,29,5
2026-04-15T16:25:56.590,-11.827,0,,0,48,29,5
2026-04-15T16:25:57.580,-11.829,0,,0,48,29,5
2026-04-15T16:25:58.580,-11.814,0,,0,48,29,5
2026-04-15T16:25:59.580,-11.807,0,,0,48,29,5
2026-04-15T16:26:00.580,-11.800,0,,0,48,29,5
2026-04-15T16:26:01.580,-11.803,0,,0,48,29,5
2026-04-15T16:26:02.590,-11.825,0,,0,48,29,5
2026-04-15T16:26:03.580,-11.813,0,,0,48,29,5
2026-04-15T16:26:04.580,-11.813,0,,0,48,29,5
2026-04-15T16:26:05.580,-11.811,0,,0,48,29,5
2026-04-15T16:26:06.580,-11.806,0,,0,48,29,5
2026-04-15T16:26:07.580,-11.820,0,,0,48,29,5
2026-04-15T16:26:08.740,-11.809,0,,0,48,29,5
2026-04-15T16:26:09.590,-11.810,0,,0,48,29,5
2026-04-15T16:26:10.600,-11.816,0,,0,48,29,5
2026-04-15T16:26:11.580,-11.815,0,,0,48,29,5
2026-04-15T16:26:12.600,-11.809,0,,0,48,29,5
2026-04-15T16:26:13.580,-11.797,0,,0,48,29,5
2026-04-15T16:26:14.870,-11.788,0,,0,48,29,5
2026-04-15T16:26:15.590,-11.802,0,,0,48,29,5
2026-04-15T16:26:16.580,-11.808,0,,0,48,29,5
2026-04-15T16:26:17.580,-11.827,0,,0,48,29,5
2026-04-15T16:26:18.590,-11.830,0,,0,48,29,5
2026-04-15T16:26:19.580,-11.828,0,,0,48,29,5
2026-04-15T16:26:20.580,-11.800,0,,0,48,29,5
2026-04-15T16:26:21.590,-11.803,0,,0,48,29,5
2026-04-15T16:26:22.580,-11.814,0,,0,48,29,5
2026-04-15T16:26:23.580,-11.807,0,,0,48,29,5
2026-04-15T16:26:24.590,-11.810,0,,0,48,29,5
2026-04-15T16:26:25.590,-11.801,0,,0,48,29,5
2026-04-15T16:26:26.590,-11.803,0,,0,48,29,5
2026-04-15T16:26:27.580,-11.806,0,,0,48,29,5
2026-04-15T16:26:28.580,-11.804,0,,0,48,29,5
2026-04-15T16:26:29.580,-11.809,0,,0,48,29,5
2026-04-15T16:26:30.600,-11.793,0,,0,48,29,5
2026-04-15T16:26:31.580,-11.798,0,,0,48,29,5
2026-04-15T16:26:32.580,-11.824,0,,0,48,29,5
2026-04-15T16:26:33.580,-11.819,0,,0,48,29,5
2026-04-15T16:26:34.580,-11.824,0,,0,48,29,5
2026-04-15T16:26:35.580,-11.816,0,,0,48,29,5
2026-04-15T16:26:36.580,-11.798,0,,0,48,29,5
2026-04-15T16:26:37.590,-11.811,0,,0,48,29,5
2026-04-15T16:26:38.580,-11.807,0,Image_203.png,0,48,29,5
2026-04-15T16:26:40.010,-11.821,0,,0,48,29,5
2026-04-15T16:26:40.580,-11.816,0,,0,48,29,5
2026-04-15T16:26:41.580,-11.813,0,,0,48,29,5
2026-04-15T16:26:42.580,-11.809,0,,0,48,29,5
2026-04-15T16:26:43.580,-11.820,0,,0,48,29,5
2026-04-15T16:26:44.590,-11.824,0,,0,48,29,5
2026-04-15T16:26:45.580,-11.822,0,,0,48,29,5
2026-04-15T16:26:46.580,-11.829,0,,0,48,29,5
2026-04-15T16:26:47.590,-11.818,0,,0,48,29,5
2026-04-15T16:26:48.580,-11.827,0,,0,48,29,5
2026-04-15T16:26:49.580,-11.828,0,,0,48,29,5
2026-04-15T16:26:50.580,-11.821,0,,0,48,29,5
2026-04-15T16:26:51.580,-11.822,0,,0,48,29,5
2026-04-15T16:26:52.580,-11.823,0,,0,48,29,5
2026-04-15T16:26:53.580,-11.820,0,,0,48,29,5
2026-04-15T16:26:54.580,-11.815,0,,0,48,29,5
2026-04-15T16:26:55.580,-11.823,0,,0,48,29,5
2026-04-15T16:26:56.590,-11.821,0,,0,48,29,5
2026-04-15T16:26:57.590,-11.817,0,,0,48,29,5
2026-04-15T16:26:58.580,-11.822,0,,0,48,29,5
2026-04-15T16:26:59.590,-11.817,0,,0,48,29,5
2026-04-15T16:27:00.590,-11.811,0,,0,48,29,5
2026-04-15T16:27:01.590,-11.823,0,,0,48,29,5
2026-04-15T16:27:02.580,-11.825,0,,0,48,29,5
2026-04-15T16:27:03.580,-11.825,0,,0,48,29,5
2026-04-15T16:27:04.590,-11.832,0,,0,48,29,5
2026-04-15T16:27:05.580,-11.828,0,,0,48,29,5
2026-04-15T16:27:06.590,-11.830,0,,0,48,29,5
2026-04-15T16:27:07.580,-11.823,0,,0,48,29,5
2026-04-15T16:27:08.580,-11.831,0,,0,48,29,5
2026-04-15T16:27:09.580,-11.824,0,,0,48,29,5
2026-04-15T16:27:10.590,-11.807,0,,0,48,29,5
2026-04-15T16:27:11.590,-11.811,0,,0,48,29,5
2026-04-15T16:27:12.580,-11.819,0,,0,48,29,5
2026-04-15T16:27:13.580,-11.817,0,,0,48,29,5
2026-04-15T16:27:14.580,-11.825,0,,0,48,29,5
2026-04-15T16:27:15.580,-11.830,0,,0,48,29,5
2026-04-15T16:27:16.590,-11.821,0,,0,48,29,5
2026-04-15T16:27:17.580,-11.821,0,,0,48,29,5
2026-04-15T16:27:18.590,-11.830,0,,0,48,29,5
2026-04-15T16:27:19.590,-11.832,0,,0,48,29,5
2026-04-15T16:27:20.590,-11.829,0,,0,48,29,5
2026-04-15T16:27:21.600,-11.840,0,,0,48,29,5
2026-04-15T16:27:22.590,-11.848,0,,0,48,29,5
2026-04-15T16:27:23.580,-11.843,0,,0,48,29,5
2026-04-15T16:27:24.580,-11.854,0,,0,48,29,5
2026-04-15T16:27:25.580,-11.852,0,,0,48,29,5
2026-04-15T16:27:26.580,-11.855,0,,0,48,29,5
2026-04-15T16:27:27.590,-11.846,0,,0,48,29,5
2026-04-15T16:27:28.580,-11.868,0,,0,48,29,5
2026-04-15T16:27:29.590,-11.849,0,,0,48,29,5
2026-04-15T16:27:30.580,-11.853,0,,0,48,29,5
2026-04-15T16:27:31.590,-11.857,0,,0,48,29,5
2026-04-15T16:27:32.580,-11.861,0,,0,48,29,5
2026-04-15T16:27:33.590,-11.855,0,,0,48,29,5
2026-04-15T16:27:34.580,-11.860,0,,0,48,29,5
2026-04-15T16:27:35.580,-11.872,0,,0,48,29,5
2026-04-15T16:27:36.590,-11.850,0,,0,48,29,5
2026-04-15T16:27:37.580,-11.857,0,,0,48,29,5
2026-04-15T16:27:38.590,-11.837,0,,0,48,29,5
2026-04-15T16:27:39.590,-11.832,0,Image_204.png,0,48,29,5
2026-04-15T16:27:40.990,-11.831,0,,0,48,29,5
2026-04-15T16:27:41.580,-11.829,0,,0,48,29,5
2026-04-15T16:27:42.580,-11.827,0,,0,48,29,5
2026-04-15T16:27:43.590,-11.822,0,,0,48,29,5
2026-04-15T16:27:44.590,-11.818,0,,0,48,29,5
2026-04-15T16:27:45.580,-11.830,0,,0,48,29,5
2026-04-15T16:27:46.590,-11.824,0,,0,48,29,5
2026-04-15T16:27:47.580,-11.827,0,,0,48,29,5
2026-04-15T16:27:48.580,-11.829,0,,0,48,29,5
2026-04-15T16:27:49.580,-11.832,0,,0,48,29,5
2026-04-15T16:27:50.580,-11.832,0,,0,48,29,5
2026-04-15T16:27:51.600,-11.850,0,,0,48,29,5
2026-04-15T16:27:52.580,-11.844,0,,0,48,29,5
2026-04-15T16:27:53.580,-11.856,0,,0,48,29,5
2026-04-15T16:27:54.580,-11.850,0,,0,48,29,5
2026-04-15T16:27:55.590,-11.830,0,,0,48,29,5
2026-04-15T16:27:56.580,-11.845,0,,0,48,29,5
2026-04-15T16:27:57.580,-11.843,0,,0,48,29,5
2026-04-15T16:27:58.580,-11.851,0,,0,48,29,5
2026-04-15T16:27:59.580,-11.859,0,,0,48,29,5
2026-04-15T16:28:00.590,-11.840,0,,0,48,29,5
2026-04-15T16:28:01.590,-11.832,0,,0,48,29,5
2026-04-15T16:28:02.590,-11.822,0,,0,48,29,5
2026-04-15T16:28:03.590,-11.830,0,,0,48,29,5
2026-04-15T16:28:04.580,-11.833,0,,0,48,29,5
2026-04-15T16:28:05.590,-11.845,0,,0,48,29,5
2026-04-15T16:28:06.580,-11.867,0,,0,48,29,5
2026-04-15T16:28:07.580,-11.861,0,,0,48,29,5
2026-04-15T16:28:08.580,-11.849,0,,0,48,29,5
2026-04-15T16:28:09.590,-11.844,0,,0,48,29,5
2026-04-15T16:28:10.580,-11.842,0,,0,48,29,5
2026-04-15T16:28:11.580,-11.838,0,,0,48,29,5
2026-04-15T16:28:12.590,-11.836,0,,0,48,29,5
2026-04-15T16:28:13.580,-11.839,0,,0,48,29,5
2026-04-15T16:28:14.590,-11.830,0,,0,48,29,5
2026-04-15T16:28:15.580,-11.822,0,,0,48,29,5
2026-04-15T16:28:16.590,-11.817,0,,0,48,29,5
2026-04-15T16:28:17.590,-11.831,0,,0,48,29,5
2026-04-15T16:28:18.580,-11.841,0,,0,48,29,5
2026-04-15T16:28:19.580,-11.862,0,,0,48,29,5
2026-04-15T16:28:20.580,-11.847,0,,0,48,29,5
2026-04-15T16:28:21.580,-11.824,0,,0,48,29,5
2026-04-15T16:28:22.590,-11.812,0,,0,48,29,5
2026-04-15T16:28:23.580,-11.816,0,,0,48,29,5
2026-04-15T16:28:24.590,-11.805,0,,0,48,29,5
2026-04-15T16:28:25.580,-11.818,0,,0,48,29,5
2026-04-15T16:28:26.580,-11.807,0,,0,48,29,5
2026-04-15T16:28:27.600,-11.810,0,,0,48,29,5
2026-04-15T16:28:28.580,-11.806,0,,0,48,29,5
2026-04-15T16:28:29.580,-11.802,0,,0,48,29,5
2026-04-15T16:28:30.580,-11.808,0,,0,48,29,5
2026-04-15T16:28:31.580,-11.815,0,,0,48,29,5
2026-04-15T16:28:32.590,-11.820,0,,0,48,29,5
2026-04-15T16:28:33.590,-11.806,0,,0,48,29,5
2026-04-15T16:28:34.590,-11.815,0,,0,48,29,5
2026-04-15T16:28:35.580,-11.819,0,,0,48,29,5
2026-04-15T16:28:36.580,-11.818,0,,0,48,29,5
2026-04-15T16:28:37.580,-11.822,0,,0,48,29,5
2026-04-15T16:28:38.580,-11.822,0,,0,48,29,5
2026-04-15T16:28:39.590,-11.831,0,,0,48,29,5
2026-04-15T16:28:40.580,-11.818,0,Image_205.png,0,48,29,5
2026-04-15T16:28:42.010,-11.823,0,,0,48,29,5
2026-04-15T16:28:42.600,-11.828,0,,0,48,29,5
2026-04-15T16:28:43.580,-11.828,0,,0,48,29,5
2026-04-15T16:28:44.590,-11.821,0,,0,48,29,5
2026-04-15T16:28:45.590,-11.825,0,,0,48,29,5
2026-04-15T16:28:46.580,-11.832,0,,0,48,29,5
2026-04-15T16:28:47.590,-11.833,0,,0,48,29,5
2026-04-15T16:28:48.600,-11.837,0,,0,48,29,5
2026-04-15T16:28:49.590,-11.844,0,,0,48,29,5
2026-04-15T16:28:50.590,-11.826,0,,0,48,29,5
2026-04-15T16:28:51.580,-11.816,0,,0,48,29,5
2026-04-15T16:28:52.580,-11.804,0,,0,48,29,5
2026-04-15T16:28:53.590,-11.825,0,,0,48,29,5
2026-04-15T16:28:54.590,-11.847,0,,0,48,29,5
2026-04-15T16:28:55.590,-11.864,0,,0,48,29,5
2026-04-15T16:28:56.590,-11.868,0,,0,48,29,5
2026-04-15T16:28:57.590,-11.846,0,,0,48,29,5
2026-04-15T16:28:58.590,-11.854,0,,0,48,29,5
2026-04-15T16:28:59.590,-11.861,0,,0,48,29,5
2026-04-15T16:29:00.580,-11.860,0,,0,48,29,5
2026-04-15T16:29:01.590,-11.880,0,,0,48,29,5
2026-04-15T16:29:02.580,-11.884,0,,0,48,29,5
2026-04-15T16:29:03.580,-11.883,0,,0,48,29,5
2026-04-15T16:29:04.580,-11.896,0,,0,48,29,5
2026-04-15T16:29:05.590,-11.876,0,,0,48,29,5
2026-04-15T16:29:06.590,-11.871,0,,0,48,29,5
2026-04-15T16:29:07.580,-11.878,0,,0,48,29,5
2026-04-15T16:29:08.580,-11.854,0,,0,48,29,5
2026-04-15T16:29:09.590,-11.865,0,,0,48,29,5
2026-04-15T16:29:10.580,-11.869,0,,0,48,29,5
2026-04-15T16:29:11.580,-11.861,0,,0,48,29,5
2026-04-15T16:29:12.580,-11.876,0,,0,48,29,5
2026-04-15T16:29:13.590,-11.889,0,,0,48,29,5
2026-04-15T16:29:14.590,-11.898,0,,0,48,29,5
2026-04-15T16:29:15.580,-11.890,0,,0,48,29,5
2026-04-15T16:29:16.590,-11.893,0,,0,48,29,5
2026-04-15T16:29:17.590,-11.890,0,,0,48,29,5
2026-04-15T16:29:18.590,-11.901,0,,0,48,29,5
2026-04-15T16:29:19.580,-11.905,0,,0,48,29,5
2026-04-15T16:29:20.580,-11.908,0,,0,48,29,5
2026-04-15T16:29:21.580,-11.890,0,,0,48,29,5
2026-04-15T16:29:22.580,-11.887,0,,0,48,29,5
2026-04-15T16:29:23.590,-11.887,0,,0,48,29,5
2026-04-15T16:29:24.580,-11.905,0,,0,48,29,5
2026-04-15T16:29:25.580,-11.904,0,,0,48,29,5
2026-04-15T16:29:26.580,-11.905,0,,0,48,29,5
2026-04-15T16:29:27.580,-11.905,0,,0,48,29,5
2026-04-15T16:29:28.580,-11.915,0,,0,48,29,5
2026-04-15T16:29:29.580,-11.921,0,,0,48,29,5
2026-04-15T16:29:30.580,-11.922,0,,0,48,29,5
2026-04-15T16:29:31.580,-11.926,0,,0,48,29,5
2026-04-15T16:29:32.580,-11.943,0,,0,48,29,5
2026-04-15T16:29:33.580,-11.940,0,,0,48,29,5
2026-04-15T16:29:34.580,-11.936,0,,0,48,29,5
2026-04-15T16:29:35.590,-11.947,0,,0,48,29,5
2026-04-15T16:29:36.580,-11.947,0,,0,48,29,5
2026-04-15T16:29:37.580,-11.928,0,,0,48,29,5
2026-04-15T16:29:38.590,-11.945,0,,0,48,29,5
2026-04-15T16:29:39.580,-11.920,0,,0,48,29,5
2026-04-15T16:29:40.590,-11.891,0,,0,48,29,5
2026-04-15T16:29:41.580,-11.899,0,Image_206.png,0,48,29,5
2026-04-15T16:29:43.000,-11.910,0,,0,48,29,5
2026-04-15T16:29:43.580,-11.915,0,,0,48,29,5
2026-04-15T16:29:44.580,-11.932,0,,0,48,29,5
2026-04-15T16:29:45.580,-11.944,0,,0,48,29,5
2026-04-15T16:29:46.590,-11.950,0,,0,48,29,5
2026-04-15T16:29:47.590,-11.926,0,,0,48,29,5
2026-04-15T16:29:48.590,-11.917,0,,0,48,29,5
2026-04-15T16:29:49.580,-11.908,0,,0,48,29,5
2026-04-15T16:29:50.580,-11.912,0,,0,48,29,5
2026-04-15T16:29:51.580,-11.923,0,,0,48,29,5
2026-04-15T16:29:52.620,-11.920,0,,0,48,29,5
2026-04-15T16:29:53.580,-11.926,0,,0,48,29,5
2026-04-15T16:29:54.580,-11.922,0,,0,48,29,5
2026-04-15T16:29:55.580,-11.913,0,,0,48,29,5
2026-04-15T16:29:56.590,-11.908,0,,0,48,29,5
2026-04-15T16:29:57.590,-11.905,0,,0,48,29,5
2026-04-15T16:29:58.590,-11.902,0,,0,48,29,5
2026-04-15T16:29:59.590,-11.912,0,,0,48,29,5
2026-04-15T16:30:00.580,-11.886,0,,0,48,29,5
2026-04-15T16:30:01.580,-11.913,0,,0,48,29,5
2026-04-15T16:30:02.590,-11.910,0,,0,48,29,5
2026-04-15T16:30:03.580,-11.879,0,,0,48,29,5
2026-04-15T16:30:04.590,-11.908,0,,0,48,29,5
2026-04-15T16:30:05.590,-11.892,0,,0,48,29,5
2026-04-15T16:30:06.600,-11.875,0,,0,48,29,5
2026-04-15T16:30:07.580,-11.887,0,,0,48,29,5
2026-04-15T16:30:08.590,-11.882,0,,0,48,29,5
2026-04-15T16:30:09.590,-11.872,0,,0,48,29,5
2026-04-15T16:30:10.580,-11.859,0,,0,48,29,5
2026-04-15T16:30:11.580,-11.889,0,,0,48,29,5
2026-04-15T16:30:12.580,-11.883,0,,0,48,29,5
2026-04-15T16:30:13.580,-11.880,0,,0,48,29,5
2026-04-15T16:30:14.580,-11.880,0,,0,48,29,5
2026-04-15T16:30:15.580,-11.866,0,,0,48,29,5
2026-04-15T16:30:16.580,-11.849,0,,0,48,29,5
2026-04-15T16:30:17.580,-11.851,0,,0,48,29,5
2026-04-15T16:30:18.580,-11.859,0,,0,48,29,5
2026-04-15T16:30:19.590,-11.892,0,,0,48,29,5
2026-04-15T16:30:20.580,-11.876,0,,0,48,29,5
2026-04-15T16:30:21.580,-11.872,0,,0,48,29,5
2026-04-15T16:30:22.580,-11.850,0,,0,48,29,5
2026-04-15T16:30:23.580,-11.833,0,,0,48,29,5
2026-04-15T16:30:24.590,-11.831,0,,0,48,29,5
2026-04-15T16:30:25.580,-11.849,0,,0,48,29,5
2026-04-15T16:30:26.580,-11.861,0,,0,48,29,5
2026-04-15T16:30:27.580,-11.874,0,,0,48,29,5
2026-04-15T16:30:28.590,-11.879,0,,0,48,29,5
2026-04-15T16:30:29.580,-11.854,0,,0,48,29,5
2026-04-15T16:30:30.580,-11.835,0,,0,48,29,5
2026-04-15T16:30:31.590,-11.818,0,,0,48,29,5
2026-04-15T16:30:32.590,-11.818,0,,0,48,29,5
2026-04-15T16:30:33.580,-11.817,0,,0,48,29,5
2026-04-15T16:30:34.580,-11.840,0,,0,48,29,5
2026-04-15T16:30:35.590,-11.855,0,,0,48,29,5
2026-04-15T16:30:36.580,-11.858,0,,0,48,29,5
2026-04-15T16:30:37.580,-11.848,0,,0,48,29,5
2026-04-15T16:30:38.580,-11.833,0,,0,48,29,5
2026-04-15T16:30:39.590,-11.844,0,,0,48,29,5
2026-04-15T16:30:40.580,-11.842,0,,0,48,29,5
2026-04-15T16:30:41.580,-11.825,0,,0,48,29,5
2026-04-15T16:30:42.580,-11.816,0,Image_207.png,0,48,29,5
2026-04-15T16:30:44.020,-11.807,0,,0,48,29,5
2026-04-15T16:30:44.590,-11.818,0,,0,48,29,5
2026-04-15T16:30:45.590,-11.823,0,,0,48,29,5
2026-04-15T16:30:46.590,-11.833,0,,0,48,29,5
2026-04-15T16:30:47.590,-11.821,0,,0,48,29,5
2026-04-15T16:30:48.590,-11.828,0,,0,48,29,5
2026-04-15T16:30:49.590,-11.819,0,,0,48,29,5
2026-04-15T16:30:50.590,-11.819,0,,0,48,29,5
2026-04-15T16:30:51.590,-11.807,0,,0,48,29,5
2026-04-15T16:30:52.590,-11.829,0,,0,48,29,5
2026-04-15T16:30:53.580,-11.799,0,,0,48,29,5
2026-04-15T16:30:54.580,-11.797,0,,0,48,29,5
2026-04-15T16:30:55.580,-11.782,0,,0,48,29,5
2026-04-15T16:30:56.580,-11.768,0,,0,48,29,5
2026-04-15T16:30:57.590,-11.762,0,,0,48,29,5
2026-04-15T16:30:58.590,-11.766,0,,0,48,29,5
2026-04-15T16:30:59.580,-11.770,0,,0,48,29,5
2026-04-15T16:31:00.580,-11.770,0,,0,48,29,5
2026-04-15T16:31:01.580,-11.775,0,,0,48,29,5
2026-04-15T16:31:02.590,-11.783,0,,0,48,29,5
2026-04-15T16:31:03.590,-11.801,0,,0,48,29,5
2026-04-15T16:31:04.580,-11.817,0,,0,48,29,5
2026-04-15T16:31:05.580,-11.817,0,,0,48,29,5
2026-04-15T16:31:06.590,-11.822,0,,0,48,29,5
2026-04-15T16:31:07.590,-11.790,0,,0,48,29,5
2026-04-15T16:31:09.020,-11.799,0,,0,48,29,5
2026-04-15T16:31:09.580,-11.790,0,,0,48,29,5
2026-04-15T16:31:10.590,-11.809,0,,0,48,29,5
2026-04-15T16:31:11.590,-11.820,0,,0,48,29,5
2026-04-15T16:31:12.580,-11.807,0,,0,48,29,5
2026-04-15T16:31:13.590,-11.810,0,,0,48,29,5
2026-04-15T16:31:14.960,-11.817,0,,0,48,29,5
2026-04-15T16:31:15.580,-11.804,0,,0,48,29,5
2026-04-15T16:31:16.580,-11.809,0,,0,48,29,5
2026-04-15T16:31:17.580,-11.782,0,,0,48,29,5
2026-04-15T16:31:18.580,-11.780,0,,0,48,29,5
2026-04-15T16:31:19.590,-11.800,0,,0,48,29,5
2026-04-15T16:31:20.590,-11.795,0,,0,48,29,5
2026-04-15T16:31:21.600,-11.814,0,,0,48,29,5
2026-04-15T16:31:22.590,-11.804,0,,0,48,29,5
2026-04-15T16:31:23.590,-11.785,0,,0,48,29,5
2026-04-15T16:31:24.580,-11.783,0,,0,48,29,5
2026-04-15T16:31:25.590,-11.777,0,,0,48,29,5
2026-04-15T16:31:26.580,-11.763,0,,0,48,29,5
2026-04-15T16:31:27.580,-11.758,0,,0,48,29,5
2026-04-15T16:31:28.580,-11.773,0,,0,48,29,5
2026-04-15T16:31:29.580,-11.754,0,,0,48,29,5
2026-04-15T16:31:30.590,-11.766,0,,0,48,29,5
2026-04-15T16:31:31.580,-11.758,0,,0,48,29,5
2026-04-15T16:31:32.580,-11.756,0,,0,48,29,5
2026-04-15T16:31:33.590,-11.769,0,,0,48,29,5
2026-04-15T16:31:34.580,-11.774,0,,0,48,29,5
2026-04-15T16:31:35.600,-11.757,0,,0,48,29,5
2026-04-15T16:31:36.580,-11.765,0,,0,48,29,5
2026-04-15T16:31:37.580,-11.761,0,,0,48,29,5
2026-04-15T16:31:38.580,-11.763,0,,0,48,29,5
2026-04-15T16:31:39.580,-11.767,0,,0,48,29,5
2026-04-15T16:31:40.580,-11.752,0,,0,48,29,5
2026-04-15T16:31:41.590,-11.755,0,,0,48,29,5
2026-04-15T16:31:42.590,-11.742,0,Image_208.png,0,48,29,5
2026-04-15T16:31:44.020,-11.744,0,,0,48,29,5
2026-04-15T16:31:44.590,-11.738,0,,0,48,29,5
2026-04-15T16:31:45.580,-11.739,0,,0,48,29,5
2026-04-15T16:31:46.590,-11.741,0,,0,48,29,5
2026-04-15T16:31:47.580,-11.751,0,,0,48,29,5
2026-04-15T16:31:48.590,-11.754,0,,0,48,29,5
2026-04-15T16:31:49.580,-11.729,0,,0,48,29,5
2026-04-15T16:31:50.590,-11.733,0,,0,48,29,5
2026-04-15T16:31:51.580,-11.733,0,,0,48,29,5
2026-04-15T16:31:52.590,-11.733,0,,0,48,29,5
2026-04-15T16:31:53.580,-11.752,0,,0,48,29,5
2026-04-15T16:31:54.590,-11.749,0,,0,48,29,5
2026-04-15T16:31:55.590,-11.744,0,,0,48,29,5
2026-04-15T16:31:56.580,-11.744,0,,0,48,29,5
2026-04-15T16:31:57.590,-11.746,0,,0,48,29,5
2026-04-15T16:31:58.590,-11.737,0,,0,48,29,5
2026-04-15T16:31:59.590,-11.743,0,,0,48,29,5
2026-04-15T16:32:00.610,-11.740,0,,0,48,29,5
2026-04-15T16:32:01.590,-11.719,0,,0,48,29,5
2026-04-15T16:32:02.590,-11.733,0,,0,48,29,5
2026-04-15T16:32:03.580,-11.733,0,,0,48,29,5
2026-04-15T16:32:04.590,-11.728,0,,0,48,29,5
2026-04-15T16:32:05.590,-11.725,0,,0,48,29,5
2026-04-15T16:32:06.590,-11.719,0,,0,48,29,5
2026-04-15T16:32:07.580,-11.724,0,,0,48,29,5
2026-04-15T16:32:08.580,-11.725,0,,0,48,29,5
2026-04-15T16:32:09.590,-11.703,0,,0,48,29,5
2026-04-15T16:32:10.590,-11.719,0,,0,48,29,5
2026-04-15T16:32:11.590,-11.731,0,,0,48,29,5
2026-04-15T16:32:12.600,-11.714,0,,0,48,29,5
2026-04-15T16:32:13.580,-11.717,0,,0,48,29,5
2026-04-15T16:32:14.590,-11.696,0,,0,48,29,5
2026-04-15T16:32:15.590,-11.693,0,,0,48,29,5
2026-04-15T16:32:16.590,-11.702,0,,0,48,29,5
2026-04-15T16:32:17.590,-11.689,0,,0,48,29,5
2026-04-15T16:32:18.590,-11.692,0,,0,48,29,5
2026-04-15T16:32:19.590,-11.691,0,,0,48,29,5
2026-04-15T16:32:20.580,-11.677,0,,0,48,29,5
2026-04-15T16:32:21.590,-11.679,0,,0,48,29,5
2026-04-15T16:32:22.590,-11.707,0,,0,48,29,5
2026-04-15T16:32:23.580,-11.718,0,,0,48,29,5
2026-04-15T16:32:24.580,-11.707,0,,0,48,29,5
2026-04-15T16:32:25.580,-11.714,0,,0,48,29,5
2026-04-15T16:32:26.590,-11.699,0,,0,48,29,5
2026-04-15T16:32:27.580,-11.692,0,,0,48,29,5
2026-04-15T16:32:28.580,-11.694,0,,0,48,29,5
2026-04-15T16:32:29.580,-11.716,0,,0,48,29,5
2026-04-15T16:32:30.590,-11.703,0,,0,48,29,5
2026-04-15T16:32:31.590,-11.700,0,,0,48,29,5
2026-04-15T16:32:32.590,-11.690,0,,0,48,29,5
2026-04-15T16:32:33.590,-11.665,0,,0,48,29,5
2026-04-15T16:32:34.590,-11.668,0,,0,48,29,5
2026-04-15T16:32:35.580,-11.663,0,,0,48,29,5
2026-04-15T16:32:36.600,-11.679,0,,0,48,29,5
2026-04-15T16:32:37.580,-11.681,0,,0,48,29,5
2026-04-15T16:32:38.580,-11.694,0,,0,48,29,5
2026-04-15T16:32:39.600,-11.674,0,,0,48,29,5
2026-04-15T16:32:40.580,-11.669,0,,0,48,29,5
2026-04-15T16:32:41.580,-11.672,0,,0,48,29,5
2026-04-15T16:32:42.580,-11.679,0,,0,48,29,5
2026-04-15T16:32:43.590,-11.678,0,Image_209.png,0,48,29,5
2026-04-15T16:32:45.010,-11.707,0,,0,48,29,5
2026-04-15T16:32:45.580,-11.714,0,,0,48,29,5
2026-04-15T16:32:46.590,-11.699,0,,0,48,29,5
2026-04-15T16:32:47.590,-11.705,0,,0,48,29,5
2026-04-15T16:32:48.590,-11.699,0,,0,48,29,5
2026-04-15T16:32:49.580,-11.705,0,,0,48,29,5
2026-04-15T16:32:50.590,-11.701,0,,0,48,29,5
2026-04-15T16:32:51.590,-11.712,0,,0,48,29,5
2026-04-15T16:32:52.590,-11.696,0,,0,48,29,5
2026-04-15T16:32:53.590,-11.683,0,,0,48,29,5
2026-04-15T16:32:54.580,-11.705,0,,0,48,29,5
2026-04-15T16:32:55.580,-11.686,0,,0,48,29,5
2026-04-15T16:32:56.590,-11.719,0,,0,48,29,5
2026-04-15T16:32:57.600,-11.744,0,,0,48,29,5
2026-04-15T16:32:58.590,-11.726,0,,0,48,29,5
2026-04-15T16:32:59.590,-11.742,0,,0,48,29,5
2026-04-15T16:33:00.590,-11.765,0,,0,48,29,5
2026-04-15T16:33:01.580,-11.746,0,,0,48,29,5
2026-04-15T16:33:02.580,-11.719,0,,0,48,29,5
2026-04-15T16:33:03.580,-11.709,0,,0,48,29,5
2026-04-15T16:33:04.590,-11.712,0,,0,48,29,5
2026-04-15T16:33:05.590,-11.716,0,,0,48,29,5
2026-04-15T16:33:06.580,-11.718,0,,0,48,29,5
2026-04-15T16:33:07.590,-11.732,0,,0,48,29,5
2026-04-15T16:33:08.590,-11.722,0,,0,48,29,5
2026-04-15T16:33:09.600,-11.733,0,,0,48,29,5
2026-04-15T16:33:10.600,-11.714,0,,0,48,29,5
2026-04-15T16:33:11.590,-11.708,0,,0,48,29,5
2026-04-15T16:33:12.590,-11.716,0,,0,48,29,5
2026-04-15T16:33:13.590,-11.730,0,,0,48,29,5
2026-04-15T16:33:14.580,-11.752,0,,0,48,29,5
2026-04-15T16:33:15.580,-11.765,0,,0,48,29,5
2026-04-15T16:33:16.580,-11.755,0,,0,48,29,5
2026-04-15T16:33:17.580,-11.764,0,,0,48,29,5
2026-04-15T16:33:18.580,-11.756,0,,0,48,29,5
2026-04-15T16:33:19.580,-11.762,0,,0,48,29,5
2026-04-15T16:33:20.590,-11.753,0,,0,48,29,5
2026-04-15T16:33:21.580,-11.754,0,,0,48,29,5
2026-04-15T16:33:22.580,-11.759,0,,0,48,29,5
2026-04-15T16:33:23.590,-11.753,0,,0,48,29,5
2026-04-15T16:33:24.600,-11.770,0,,0,48,29,5
2026-04-15T16:33:25.590,-11.774,0,,0,48,29,5
2026-04-15T16:33:26.580,-11.765,0,,0,48,29,5
2026-04-15T16:33:27.590,-11.763,0,,0,48,29,5
2026-04-15T16:33:28.580,-11.741,0,,0,48,29,5
2026-04-15T16:33:29.580,-11.753,0,,0,48,29,5
2026-04-15T16:33:30.580,-11.750,0,,0,48,29,5
2026-04-15T16:33:31.590,-11.742,0,,0,48,29,5
2026-04-15T16:33:32.590,-11.739,0,,0,48,29,5
2026-04-15T16:33:33.590,-11.754,0,,0,48,29,5
2026-04-15T16:33:34.890,-11.742,0,,0,48,29,5
2026-04-15T16:33:35.590,-11.728,0,,0,48,29,5
2026-04-15T16:33:36.590,-11.732,0,,0,48,29,5
2026-04-15T16:33:37.580,-11.727,0,,0,48,29,5
2026-04-15T16:33:38.590,-11.742,0,,0,48,29,5
2026-04-15T16:33:39.590,-11.729,0,,0,48,29,5
2026-04-15T16:33:40.580,-11.745,0,,0,48,29,5
2026-04-15T16:33:41.580,-11.737,0,,0,48,29,5
2026-04-15T16:33:42.590,-11.737,0,,0,48,29,5
2026-04-15T16:33:43.590,-11.736,0,Image_210.png,0,48,29,5
2026-04-15T16:33:45.000,-11.726,0,,0,48,29,5
2026-04-15T16:33:45.600,-11.714,0,,0,48,29,5
2026-04-15T16:33:46.590,-11.710,0,,0,48,29,5
2026-04-15T16:33:47.590,-11.708,0,,0,48,29,5
2026-04-15T16:33:48.580,-11.720,0,,0,48,29,5
2026-04-15T16:33:49.590,-11.707,0,,0,48,29,5
2026-04-15T16:33:50.580,-11.714,0,,0,48,29,5
2026-04-15T16:33:51.580,-11.705,0,,0,48,29,5
2026-04-15T16:33:52.580,-11.700,0,,0,48,29,5
2026-04-15T16:33:53.580,-11.696,0,,0,48,29,5
2026-04-15T16:33:54.590,-11.701,0,,0,48,29,5
2026-04-15T16:33:55.580,-11.691,0,,0,48,29,5
2026-04-15T16:33:56.580,-11.692,0,,0,48,29,5
2026-04-15T16:33:57.580,-11.687,0,,0,48,29,5
2026-04-15T16:33:58.580,-11.683,0,,0,48,29,5
2026-04-15T16:33:59.580,-11.688,0,,0,48,29,5
2026-04-15T16:34:00.590,-11.690,0,,0,48,29,5
2026-04-15T16:34:01.580,-11.686,0,,0,48,29,5
2026-04-15T16:34:02.590,-11.686,0,,0,48,29,5
2026-04-15T16:34:03.580,-11.683,0,,0,48,29,5
2026-04-15T16:34:04.590,-11.686,0,,0,48,29,5
2026-04-15T16:34:05.580,-11.682,0,,0,48,29,5
2026-04-15T16:34:06.590,-11.683,0,,0,48,29,5
2026-04-15T16:34:07.580,-11.675,0,,0,48,29,5
2026-04-15T16:34:08.580,-11.679,0,,0,48,29,5
2026-04-15T16:34:09.580,-11.676,0,,0,48,29,5
2026-04-15T16:34:10.580,-11.659,0,,0,48,29,5
2026-04-15T16:34:11.590,-11.662,0,,0,48,29,5
2026-04-15T16:34:12.590,-11.683,0,,0,48,29,5
2026-04-15T16:34:13.590,-11.669,0,,0,48,29,5
2026-04-15T16:34:14.600,-11.664,0,,0,48,29,5
2026-04-15T16:34:15.580,-11.655,0,,0,48,29,5
2026-04-15T16:34:16.580,-11.655,0,,0,48,29,5
2026-04-15T16:34:17.580,-11.657,0,,0,48,29,5
2026-04-15T16:34:18.580,-11.648,0,,0,48,29,5
2026-04-15T16:34:19.580,-11.652,0,,0,48,29,5
2026-04-15T16:34:20.610,-11.650,0,,0,48,29,5
2026-04-15T16:34:21.580,-11.639,0,,0,48,29,5
2026-04-15T16:34:22.580,-11.639,0,,0,48,29,5
2026-04-15T16:34:23.580,-11.644,0,,0,48,29,5
2026-04-15T16:34:24.580,-11.631,0,,0,48,29,5
2026-04-15T16:34:25.600,-11.632,0,,0,48,29,5
2026-04-15T16:34:26.590,-11.626,0,,0,48,29,5
2026-04-15T16:34:27.600,-11.633,0,,0,48,29,5
2026-04-15T16:34:28.590,-11.621,0,,0,48,29,5
2026-04-15T16:34:29.610,-11.652,0,,0,48,29,5
2026-04-15T16:34:30.610,-11.657,0,,0,48,29,5
2026-04-15T16:34:31.600,-11.656,0,,0,48,29,5
2026-04-15T16:34:32.610,-11.654,0,,0,48,29,5
2026-04-15T16:34:33.610,-11.650,0,,0,48,29,5
2026-04-15T16:34:34.590,-11.664,0,,0,48,29,5
2026-04-15T16:34:35.580,-11.673,0,,0,48,29,5
2026-04-15T16:34:36.580,-11.670,0,,0,48,29,5
2026-04-15T16:34:37.580,-11.663,0,,0,48,29,5
2026-04-15T16:34:38.590,-11.669,0,,0,48,29,5
2026-04-15T16:34:39.580,-11.666,0,,0,48,29,5
2026-04-15T16:34:40.590,-11.680,0,,0,48,29,5
2026-04-15T16:34:41.610,-11.660,0,,0,48,29,5
2026-04-15T16:34:42.600,-11.641,0,,0,48,29,5
2026-04-15T16:34:43.580,-11.626,0,Image_211.png,0,48,29,5
2026-04-15T16:34:44.920,-11.618,0,,0,48,29,5
2026-04-15T16:34:45.600,-11.634,0,,0,48,29,5
2026-04-15T16:34:46.600,-11.653,0,,0,48,29,5
2026-04-15T16:34:47.580,-11.657,0,,0,48,29,5
2026-04-15T16:34:48.580,-11.625,0,,0,48,29,5
2026-04-15T16:34:49.600,-11.630,0,,0,48,29,5
2026-04-15T16:34:50.590,-11.619,0,,0,48,29,5
2026-04-15T16:34:51.580,-11.609,0,,0,48,29,5
2026-04-15T16:34:52.590,-11.619,0,,0,48,29,5
2026-04-15T16:34:53.580,-11.616,0,,0,48,29,5
2026-04-15T16:34:54.580,-11.631,0,,0,48,29,5
2026-04-15T16:34:55.580,-11.649,0,,0,48,29,5
2026-04-15T16:34:56.590,-11.655,0,,0,48,29,5
2026-04-15T16:34:57.580,-11.653,0,,0,48,29,5
2026-04-15T16:34:58.580,-11.637,0,,0,48,29,5
2026-04-15T16:34:59.580,-11.637,0,,0,48,29,5
2026-04-15T16:35:00.610,-11.643,0,,0,48,29,5
2026-04-15T16:35:01.600,-11.639,0,,0,48,29,5
2026-04-15T16:35:02.600,-11.649,0,,0,48,29,5
2026-04-15T16:35:03.600,-11.644,0,,0,48,29,5
2026-04-15T16:35:04.580,-11.632,0,,0,48,29,5
2026-04-15T16:35:05.580,-11.632,0,,0,48,29,5
2026-04-15T16:35:06.580,-11.634,0,,0,48,29,5
2026-04-15T16:35:07.590,-11.621,0,,0,48,29,5
2026-04-15T16:35:08.580,-11.618,0,,0,48,29,5
2026-04-15T16:35:09.580,-11.633,0,,0,48,29,5
2026-04-15T16:35:10.580,-11.634,0,,0,48,29,5
2026-04-15T16:35:11.590,-11.624,0,,0,48,29,5
2026-04-15T16:35:12.580,-11.611,0,,0,48,29,5
2026-04-15T16:35:13.580,-11.626,0,,0,48,29,5
2026-04-15T16:35:14.590,-11.619,0,,0,48,29,5
2026-04-15T16:35:15.580,-11.608,0,,0,48,29,5
2026-04-15T16:35:16.600,-11.613,0,,0,48,29,5
2026-04-15T16:35:17.610,-11.602,0,,0,48,29,5
2026-04-15T16:35:18.600,-11.607,0,,0,48,29,5
2026-04-15T16:35:19.600,-11.596,0,,0,48,29,5
2026-04-15T16:35:20.610,-11.597,0,,0,48,29,5
2026-04-15T16:35:21.600,-11.605,0,,0,48,29,5
2026-04-15T16:35:22.580,-11.583,0,,0,48,29,5
2026-04-15T16:35:23.580,-11.602,0,,0,48,29,5
2026-04-15T16:35:24.590,-11.612,0,,0,48,29,5
2026-04-15T16:35:25.590,-11.597,0,,0,48,29,5
2026-04-15T16:35:26.920,-11.600,0,,0,48,29,5
2026-04-15T16:35:27.600,-11.604,0,,0,48,29,5
2026-04-15T16:35:28.590,-11.600,0,,0,48,29,5
2026-04-15T16:35:29.590,-11.600,0,,0,48,29,5
2026-04-15T16:35:30.590,-11.599,0,,0,48,29,5
2026-04-15T16:35:31.580,-11.614,0,,0,48,29,5
2026-04-15T16:35:32.580,-11.605,0,,0,48,29,5
2026-04-15T16:35:33.580,-11.609,0,,0,48,29,5
2026-04-15T16:35:34.580,-11.604,0,,0,48,29,5
2026-04-15T16:35:35.580,-11.592,0,,0,48,29,5
2026-04-15T16:35:36.590,-11.583,0,,0,48,29,5
2026-04-15T16:35:37.590,-11.586,0,,0,48,29,5
2026-04-15T16:35:38.580,-11.595,0,,0,48,29,5
2026-04-15T16:35:39.580,-11.599,0,,0,48,29,5
2026-04-15T16:35:40.580,-11.604,0,,0,48,29,5
2026-04-15T16:35:41.580,-11.603,0,,0,48,29,5
2026-04-15T16:35:42.600,-11.601,0,,0,48,29,5
2026-04-15T16:35:43.600,-11.598,0,,0,48,29,5
2026-04-15T16:35:44.610,-11.615,0,Image_212.png,0,48,29,5
2026-04-15T16:35:45.940,-11.601,0,,0,48,29,5
2026-04-15T16:35:46.600,-11.605,0,,0,48,29,5
2026-04-15T16:35:47.610,-11.611,0,,0,48,29,5
2026-04-15T16:35:48.590,-11.635,0,,0,48,29,5
2026-04-15T16:35:49.600,-11.648,0,,0,48,29,5
2026-04-15T16:35:50.610,-11.647,0,,0,48,29,5
2026-04-15T16:35:51.600,-11.652,0,,0,48,29,5
2026-04-15T16:35:52.600,-11.674,0,,0,48,29,5
2026-04-15T16:35:53.590,-11.656,0,,0,48,29,5
2026-04-15T16:35:54.610,-11.683,0,,0,48,29,5
2026-04-15T16:35:55.590,-11.676,0,,0,48,29,5
2026-04-15T16:35:56.610,-11.642,0,,0,48,29,5
2026-04-15T16:35:57.610,-11.632,0,,0,48,29,5
2026-04-15T16:35:58.590,-11.629,0,,0,48,29,5
2026-04-15T16:35:59.580,-11.624,0,,0,48,29,5
2026-04-15T16:36:00.580,-11.632,0,,0,48,29,5
2026-04-15T16:36:01.580,-11.643,0,,0,48,29,5
2026-04-15T16:36:03.600,-11.653,0,,0,48,29,5
2026-04-15T16:36:04.590,-11.661,0,,0,48,29,5
2026-04-15T16:36:05.580,-11.664,0,,0,48,29,5
2026-04-15T16:36:06.580,-11.645,0,,0,48,29,5
2026-04-15T16:36:07.600,-11.662,0,,0,48,29,5
2026-04-15T16:36:08.580,-11.653,0,,0,48,29,5
2026-04-15T16:36:09.580,-11.647,0,,0,48,29,5
2026-04-15T16:36:10.580,-11.648,0,,0,48,29,5
2026-04-15T16:36:11.580,-11.639,0,,0,48,29,5
2026-04-15T16:36:12.580,-11.643,0,,0,48,29,5
2026-04-15T16:36:13.580,-11.646,0,,0,48,29,5
2026-04-15T16:36:15.990,-11.631,0,,0,48,29,5
2026-04-15T16:36:16.600,-11.626,0,,0,48,29,5
2026-04-15T16:36:17.610,-11.617,0,,0,48,29,5
2026-04-15T16:36:18.600,-11.623,0,,0,48,29,5
2026-04-15T16:36:19.600,-11.637,0,,0,48,29,5
2026-04-15T16:36:20.610,-11.651,0,,0,48,29,5
2026-04-15T16:36:21.600,-11.667,0,,0,48,29,5
2026-04-15T16:36:22.600,-11.664,0,,0,48,29,5
2026-04-15T16:36:23.610,-11.671,0,,0,48,29,5
2026-04-15T16:36:24.610,-11.643,0,,0,48,29,5
2026-04-15T16:36:25.600,-11.649,0,,0,48,29,5
2026-04-15T16:36:26.610,-11.634,0,,0,48,29,5
2026-04-15T16:36:27.600,-11.632,0,,0,48,29,5
2026-04-15T16:36:28.600,-11.653,0,,0,48,29,5
2026-04-15T16:36:29.610,-11.652,0,,0,48,29,5
2026-04-15T16:36:30.600,-11.645,0,,0,48,29,5
2026-04-15T16:36:31.600,-11.640,0,,0,48,29,5
2026-04-15T16:36:32.590,-11.639,0,,0,48,29,5
2026-04-15T16:36:33.580,-11.631,0,,0,48,29,5
2026-04-15T16:36:34.580,-11.644,0,,0,48,29,5
2026-04-15T16:36:35.580,-11.638,0,,0,48,29,5
2026-04-15T16:36:36.590,-11.637,0,,0,48,29,5
2026-04-15T16:36:37.590,-11.632,0,,0,48,29,5
2026-04-15T16:36:38.590,-11.635,0,,0,48,29,5
2026-04-15T16:36:39.580,-11.644,0,,0,48,29,5
2026-04-15T16:36:40.580,-11.649,0,,0,48,29,5
2026-04-15T16:36:41.580,-11.647,0,,0,48,29,5
2026-04-15T16:36:42.580,-11.646,0,,0,48,29,5
2026-04-15T16:36:43.580,-11.655,0,,0,48,29,5
2026-04-15T16:36:44.580,-11.632,0,,0,48,29,5
2026-04-15T16:36:45.580,-11.623,0,Image_213.png,0,48,29,5
2026-04-15T16:36:47.010,-11.630,0,,0,48,29,5
2026-04-15T16:36:47.580,-11.620,0,,0,48,29,5
2026-04-15T16:36:48.800,-11.625,0,,0,48,29,5
2026-04-15T16:36:49.580,-11.615,0,,0,48,29,5
2026-04-15T16:36:50.580,-11.624,0,,0,48,29,5
2026-04-15T16:36:51.590,-11.618,0,,0,48,29,5
2026-04-15T16:36:52.600,-11.618,0,,0,48,29,5
2026-04-15T16:36:53.590,-11.611,0,,0,48,29,5
2026-04-15T16:36:54.770,-11.617,0,,0,48,29,5
2026-04-15T16:36:55.580,-11.617,0,,0,48,29,5
2026-04-15T16:36:56.590,-11.607,0,,0,48,29,5
2026-04-15T16:36:57.580,-11.613,0,,0,48,29,5
2026-04-15T16:36:58.590,-11.624,0,,0,48,29,5
2026-04-15T16:36:59.590,-11.616,0,,0,48,29,5
2026-04-15T16:37:00.580,-11.608,0,,0,48,29,5
2026-04-15T16:37:01.590,-11.617,0,,0,48,29,5
2026-04-15T16:37:02.580,-11.607,0,,0,48,29,5
2026-04-15T16:37:03.580,-11.596,0,,0,48,29,5
2026-04-15T16:37:04.580,-11.626,0,,0,48,29,5
2026-04-15T16:37:05.580,-11.604,0,,0,48,29,5
2026-04-15T16:37:06.600,-11.607,0,,0,48,29,5
2026-04-15T16:37:07.600,-11.614,0,,0,48,29,5
2026-04-15T16:37:08.840,-11.614,0,,0,48,29,5
2026-04-15T16:37:09.590,-11.624,0,,0,48,29,5
2026-04-15T16:37:10.580,-11.613,0,,0,48,29,5
2026-04-15T16:37:11.580,-11.611,0,,0,48,29,5
2026-04-15T16:37:12.580,-11.623,0,,0,48,29,5
2026-04-15T16:37:13.590,-11.626,0,,0,48,29,5
2026-04-15T16:37:14.590,-11.631,0,,0,48,29,5
2026-04-15T16:37:15.580,-11.638,0,,0,48,29,5
2026-04-15T16:37:16.580,-11.634,0,,0,48,29,5
2026-04-15T16:37:17.580,-11.633,0,,0,48,29,5
2026-04-15T16:37:18.830,-11.642,0,,0,48,29,5
2026-04-15T16:37:19.580,-11.636,0,,0,48,29,5
2026-04-15T16:37:20.900,-11.647,0,,0,48,29,5
2026-04-15T16:37:21.580,-11.650,0,,0,48,29,5
2026-04-15T16:37:22.580,-11.638,0,,0,48,29,5
2026-04-15T16:37:23.590,-11.646,0,,0,48,29,5
2026-04-15T16:37:24.790,-11.647,0,,0,48,29,5
2026-04-15T16:37:25.580,-11.641,0,,0,48,29,5
2026-04-15T16:37:26.580,-11.641,0,,0,48,29,5
2026-04-15T16:37:27.580,-11.635,0,,0,48,29,5
2026-04-15T16:37:28.580,-11.632,0,,0,48,29,5
2026-04-15T16:37:29.580,-11.648,0,,0,48,29,5
2026-04-15T16:37:30.580,-11.652,0,,0,48,29,5
2026-04-15T16:37:31.580,-11.662,0,,0,48,29,5
2026-04-15T16:37:32.580,-11.667,0,,0,48,29,5
2026-04-15T16:37:33.580,-11.661,0,,0,48,29,5
2026-04-15T16:37:34.580,-11.664,0,,0,48,29,5
2026-04-15T16:37:35.580,-11.644,0,,0,48,29,5
2026-04-15T16:37:36.580,-11.644,0,,0,48,29,5
2026-04-15T16:37:37.590,-11.647,0,,0,48,29,5
2026-04-15T16:37:38.580,-11.668,0,,0,48,29,5
2026-04-15T16:37:39.580,-11.665,0,,0,48,29,5
2026-04-15T16:37:40.580,-11.678,0,,0,48,29,5
2026-04-15T16:37:41.580,-11.678,0,,0,48,29,5
2026-04-15T16:37:42.580,-11.646,0,,0,48,29,5
2026-04-15T16:37:43.600,-11.662,0,,0,48,29,5
2026-04-15T16:37:44.590,-11.667,0,,0,48,29,5
2026-04-15T16:37:45.580,-11.651,0,,0,48,29,5
2026-04-15T16:37:46.580,-11.670,0,Image_214.png,0,48,29,5
2026-04-15T16:37:47.960,-11.671,0,,0,48,29,5
2026-04-15T16:37:48.670,-11.687,0,,0,48,29,5
2026-04-15T16:37:49.600,-11.692,0,,0,48,29,5
2026-04-15T16:37:50.580,-11.661,0,,0,48,29,5
2026-04-15T16:37:51.580,-11.649,0,,0,48,29,5
2026-04-15T16:37:52.580,-11.664,0,,0,48,29,5
2026-04-15T16:37:53.580,-11.659,0,,0,48,29,5
2026-04-15T16:37:54.640,-11.656,0,,0,48,29,5
2026-04-15T16:37:55.580,-11.663,0,,0,48,29,5
2026-04-15T16:37:56.590,-11.649,0,,0,48,29,5
2026-04-15T16:37:57.580,-11.635,0,,0,48,29,5
2026-04-15T16:37:58.820,-11.617,0,,0,48,29,5
2026-04-15T16:37:59.580,-11.630,0,,0,48,29,5
2026-04-15T16:38:00.590,-11.620,0,,0,48,29,5
2026-04-15T16:38:01.590,-11.631,0,,0,48,29,5
2026-04-15T16:38:02.590,-11.646,0,,0,48,29,5
2026-04-15T16:38:03.580,-11.655,0,,0,48,29,5
2026-04-15T16:38:04.770,-11.658,0,,0,48,29,5
2026-04-15T16:38:05.590,-11.656,0,,0,48,29,5
2026-04-15T16:38:06.630,-11.661,0,,0,48,29,5
2026-04-15T16:38:07.580,-11.665,0,,0,48,29,5
2026-04-15T16:38:08.590,-11.659,0,,0,48,29,5
2026-04-15T16:38:09.590,-11.644,0,,0,48,29,5
2026-04-15T16:38:10.580,-11.640,0,,0,48,29,5
2026-04-15T16:38:11.580,-11.632,0,,0,48,29,5
2026-04-15T16:38:12.580,-11.631,0,,0,48,29,5
2026-04-15T16:38:13.580,-11.633,0,,0,48,29,5
2026-04-15T16:38:14.580,-11.630,0,,0,48,29,5
2026-04-15T16:38:15.580,-11.630,0,,0,48,29,5
2026-04-15T16:38:16.580,-11.638,0,,0,48,29,5
2026-04-15T16:38:17.580,-11.652,0,,0,48,29,5
2026-04-15T16:38:18.580,-11.641,0,,0,48,29,5
2026-04-15T16:38:19.580,-11.667,0,,0,48,29,5
2026-04-15T16:38:20.580,-11.648,0,,0,48,29,5
2026-04-15T16:38:21.580,-11.650,0,,0,48,29,5
2026-04-15T16:38:22.580,-11.645,0,,0,48,29,5
2026-04-15T16:38:23.580,-11.641,0,,0,48,29,5
2026-04-15T16:38:24.580,-11.636,0,,0,48,29,5
2026-04-15T16:38:25.580,-11.637,0,,0,48,29,5
2026-04-15T16:38:26.580,-11.630,0,,0,48,29,5
2026-04-15T16:38:27.590,-11.636,0,,0,48,29,5
2026-04-15T16:38:28.580,-11.637,0,,0,48,29,5
2026-04-15T16:38:29.580,-11.645,0,,0,48,29,5
2026-04-15T16:38:30.580,-11.628,0,,0,48,29,5
2026-04-15T16:38:31.580,-11.632,0,,0,48,29,5
2026-04-15T16:38:32.770,-11.626,0,,0,48,29,5
2026-04-15T16:38:33.580,-11.632,0,,0,48,29,5
2026-04-15T16:38:34.600,-11.620,0,,0,48,29,5
2026-04-15T16:38:35.580,-11.633,0,,0,48,29,5
2026-04-15T16:38:36.580,-11.624,0,,0,48,29,5
2026-04-15T16:38:37.580,-11.620,0,,0,48,29,5
2026-04-15T16:38:38.590,-11.611,0,,0,48,29,5
2026-04-15T16:38:39.580,-11.622,0,,0,48,29,5
2026-04-15T16:38:40.600,-11.623,0,,0,48,29,5
2026-04-15T16:38:41.580,-11.619,0,,0,48,29,5
2026-04-15T16:38:42.580,-11.629,0,,0,48,29,5
2026-04-15T16:38:43.580,-11.624,0,,0,48,29,5
2026-04-15T16:38:44.590,-11.632,0,,0,48,29,5
2026-04-15T16:38:45.580,-11.624,0,,0,48,29,5
2026-04-15T16:38:46.580,-11.624,0,,0,48,29,5
2026-04-15T16:38:47.580,-11.619,0,Image_215.png,0,48,29,5
2026-04-15T16:38:49.010,-11.625,0,,0,48,29,5
2026-04-15T16:38:49.580,-11.619,0,,0,48,29,5
2026-04-15T16:38:50.590,-11.624,0,,0,48,29,5
2026-04-15T16:38:51.590,-11.615,0,,0,48,29,5
2026-04-15T16:38:52.590,-11.620,0,,0,48,29,5
2026-04-15T16:38:53.590,-11.619,0,,0,48,29,5
2026-04-15T16:38:54.580,-11.635,0,,0,48,29,5
2026-04-15T16:38:55.580,-11.618,0,,0,48,29,5
2026-04-15T16:38:56.580,-11.610,0,,0,48,29,5
2026-04-15T16:38:57.600,-11.607,0,,0,48,29,5
2026-04-15T16:39:00.440,-11.622,0,,0,48,29,5
2026-04-15T16:39:00.810,-11.621,0,,0,48,29,5
2026-04-15T16:39:01.590,-11.624,0,,0,48,29,5
2026-04-15T16:39:02.590,-11.620,0,,0,48,29,5
2026-04-15T16:39:03.590,-11.622,0,,0,48,29,5
2026-04-15T16:39:04.590,-11.634,0,,0,48,29,5
2026-04-15T16:39:05.580,-11.621,0,,0,48,29,5
2026-04-15T16:39:06.580,-11.627,0,,0,48,29,5
2026-04-15T16:39:07.580,-11.634,0,,0,48,29,5
2026-04-15T16:39:08.680,-11.643,0,,0,48,29,5
2026-04-15T16:39:09.580,-11.641,0,,0,48,29,5
2026-04-15T16:39:10.590,-11.632,0,,0,48,29,5
2026-04-15T16:39:11.580,-11.628,0,,0,48,29,5
2026-04-15T16:39:12.590,-11.629,0,,0,48,29,5
2026-04-15T16:39:13.590,-11.650,0,,0,48,29,5
2026-04-15T16:39:14.590,-11.653,0,,0,48,29,5
2026-04-15T16:39:15.590,-11.646,0,,0,48,29,5
2026-04-15T16:39:16.590,-11.652,0,,0,48,29,5
2026-04-15T16:39:17.590,-11.626,0,,0,48,29,5
2026-04-15T16:39:18.590,-11.626,0,,0,48,29,5
2026-04-15T16:39:19.590,-11.652,0,,0,48,29,5
2026-04-15T16:39:20.590,-11.650,0,,0,48,29,5
2026-04-15T16:39:21.580,-11.661,0,,0,48,29,5
2026-04-15T16:39:22.590,-11.663,0,,0,48,29,5
2026-04-15T16:39:23.580,-11.650,0,,0,48,29,5
2026-04-15T16:39:24.580,-11.646,0,,0,48,29,5
2026-04-15T16:39:25.590,-11.622,0,,0,48,29,5
2026-04-15T16:39:26.590,-11.637,0,,0,48,29,5
2026-04-15T16:39:27.580,-11.652,0,,0,48,29,5
2026-04-15T16:39:28.600,-11.662,0,,0,48,29,5
2026-04-15T16:39:29.590,-11.682,0,,0,48,29,5
2026-04-15T16:39:30.590,-11.659,0,,0,48,29,5
2026-04-15T16:39:31.590,-11.654,0,,0,48,29,5
2026-04-15T16:39:32.750,-11.633,0,,0,48,29,5
2026-04-15T16:39:33.580,-11.625,0,,0,48,29,5
2026-04-15T16:39:34.580,-11.639,0,,0,48,29,5
2026-04-15T16:39:35.590,-11.646,0,,0,48,29,5
2026-04-15T16:39:36.580,-11.637,0,,0,48,29,5
2026-04-15T16:39:37.580,-11.653,0,,0,48,29,5
2026-04-15T16:39:38.590,-11.658,0,,0,48,29,5
2026-04-15T16:39:39.580,-11.648,0,,0,48,29,5
2026-04-15T16:39:40.790,-11.658,0,,0,48,29,5
2026-04-15T16:39:41.590,-11.659,0,,0,48,29,5
2026-04-15T16:39:42.590,-11.659,0,,0,48,29,5
2026-04-15T16:39:43.580,-11.676,0,,0,48,29,5
2026-04-15T16:39:44.700,-11.686,0,,0,48,29,5
2026-04-15T16:39:45.580,-11.682,0,,0,48,29,5
2026-04-15T16:39:46.580,-11.688,0,,0,48,29,5
2026-04-15T16:39:47.590,-11.664,0,,0,48,29,5
2026-04-15T16:39:48.620,-11.653,0,Image_216.png,0,48,29,5
2026-04-15T16:39:50.080,-11.662,0,,0,48,29,5
2026-04-15T16:39:50.580,-11.667,0,,0,48,29,5
2026-04-15T16:39:51.580,-11.650,0,,0,48,29,5
2026-04-15T16:39:52.590,-11.689,0,,0,48,29,5
2026-04-15T16:39:53.590,-11.695,0,,0,48,29,5
2026-04-15T16:39:54.590,-11.699,0,,0,48,29,5
2026-04-15T16:39:55.590,-11.724,0,,0,48,29,5
2026-04-15T16:39:56.590,-11.710,0,,0,48,29,5
2026-04-15T16:39:57.580,-11.712,0,,0,48,29,5
2026-04-15T16:39:58.700,-11.714,0,,0,48,29,5
2026-04-15T16:39:59.580,-11.716,0,,0,48,29,5
2026-04-15T16:40:00.590,-11.713,0,,0,48,29,5
2026-04-15T16:40:01.580,-11.706,0,,0,48,29,5
2026-04-15T16:40:02.580,-11.678,0,,0,48,29,5
2026-04-15T16:40:03.600,-11.655,0,,0,48,29,5
2026-04-15T16:40:04.760,-11.688,0,,0,48,29,5
2026-04-15T16:40:05.580,-11.678,0,,0,48,29,5
2026-04-15T16:40:06.600,-11.701,0,,0,48,29,5
2026-04-15T16:40:07.590,-11.698,0,,0,48,29,5
2026-04-15T16:40:08.580,-11.682,0,,0,48,29,5
2026-04-15T16:40:09.590,-11.690,0,,0,48,29,5
2026-04-15T16:40:10.580,-11.668,0,,0,48,29,5
2026-04-15T16:40:11.590,-11.687,0,,0,48,29,5
2026-04-15T16:40:12.580,-11.687,0,,0,48,29,5
2026-04-15T16:40:13.580,-11.672,0,,0,48,29,5
2026-04-15T16:40:14.580,-11.666,0,,0,48,29,5
2026-04-15T16:40:15.580,-11.669,0,,0,48,29,5
2026-04-15T16:40:16.590,-11.684,0,,0,48,29,5
2026-04-15T16:40:17.590,-11.692,0,,0,48,29,5
2026-04-15T16:40:18.590,-11.713,0,,0,48,29,5
2026-04-15T16:40:19.580,-11.704,0,,0,48,29,5
2026-04-15T16:40:20.580,-11.695,0,,0,48,29,5
2026-04-15T16:40:21.590,-11.695,0,,0,48,29,5
2026-04-15T16:40:22.620,-11.690,0,,0,48,29,5
2026-04-15T16:40:23.590,-11.722,0,,0,48,29,5
2026-04-15T16:40:24.600,-11.707,0,,0,48,29,5
2026-04-15T16:40:25.580,-11.699,0,,0,48,29,5
2026-04-15T16:40:26.590,-11.704,0,,0,48,29,5
2026-04-15T16:40:27.580,-11.687,0,,0,48,29,5
2026-04-15T16:40:28.580,-11.710,0,,0,48,29,5
2026-04-15T16:40:29.590,-11.702,0,,0,48,29,5
2026-04-15T16:40:30.700,-11.686,0,,0,48,29,5
2026-04-15T16:40:31.590,-11.707,0,,0,48,29,5
2026-04-15T16:40:32.580,-11.704,0,,0,48,29,5
2026-04-15T16:40:33.580,-11.692,0,,0,48,29,5
2026-04-15T16:40:34.590,-11.709,0,,0,48,29,5
2026-04-15T16:40:35.590,-11.707,0,,0,48,29,5
2026-04-15T16:40:36.590,-11.699,0,,0,48,29,5
2026-04-15T16:40:37.580,-11.697,0,,0,48,29,5
2026-04-15T16:40:38.590,-11.687,0,,0,48,29,5
2026-04-15T16:40:39.590,-11.689,0,,0,48,29,5
2026-04-15T16:40:40.580,-11.710,0,,0,48,29,5
2026-04-15T16:40:41.580,-11.726,0,,0,48,29,5
2026-04-15T16:40:42.580,-11.719,0,,0,48,29,5
2026-04-15T16:40:43.580,-11.731,0,,0,48,29,5
2026-04-15T16:40:44.580,-11.714,0,,0,48,29,5
2026-04-15T16:40:45.580,-11.708,0,,0,48,29,5
2026-04-15T16:40:46.580,-11.704,0,,0,48,29,5
2026-04-15T16:40:47.590,-11.702,0,,0,48,29,5
2026-04-15T16:40:48.590,-11.708,0,,0,48,29,5
2026-04-15T16:40:49.580,-11.709,0,Image_217.png,0,48,29,5
2026-04-15T16:40:51.020,-11.709,0,,0,48,29,5
2026-04-15T16:40:51.580,-11.732,0,,0,48,29,5
2026-04-15T16:40:52.590,-11.751,0,,0,48,29,5
2026-04-15T16:40:53.590,-11.744,0,,0,48,29,5
2026-04-15T16:40:54.590,-11.752,0,,0,48,29,5
2026-04-15T16:40:55.580,-11.734,0,,0,48,29,5
2026-04-15T16:40:56.580,-11.730,0,,0,48,29,5
2026-04-15T16:40:57.640,-11.718,0,,0,48,29,5
2026-04-15T16:40:58.590,-11.711,0,,0,48,29,5
2026-04-15T16:40:59.580,-11.720,0,,0,48,29,5
2026-04-15T16:41:00.750,-11.728,0,,0,48,29,5
2026-04-15T16:41:01.580,-11.727,0,,0,48,29,5
2026-04-15T16:41:02.580,-11.728,0,,0,48,29,5
2026-04-15T16:41:03.590,-11.722,0,,0,48,29,5
2026-04-15T16:41:04.760,-11.728,0,,0,48,29,5
2026-04-15T16:41:05.590,-11.732,0,,0,48,29,5
2026-04-15T16:41:06.580,-11.731,0,,0,48,29,5
2026-04-15T16:41:07.590,-11.739,0,,0,48,29,5
2026-04-15T16:41:08.580,-11.728,0,,0,48,29,5
2026-04-15T16:41:09.580,-11.728,0,,0,48,29,5
2026-04-15T16:41:10.590,-11.729,0,,0,48,29,5
2026-04-15T16:41:11.580,-11.745,0,,0,48,29,5
2026-04-15T16:41:12.580,-11.732,0,,0,48,29,5
2026-04-15T16:41:13.590,-11.740,0,,0,48,29,5
2026-04-15T16:41:14.590,-11.739,0,,0,48,29,5
2026-04-15T16:41:15.590,-11.725,0,,0,48,29,5
2026-04-15T16:41:16.580,-11.713,0,,0,48,29,5
2026-04-15T16:41:17.580,-11.719,0,,0,48,29,5
2026-04-15T16:41:18.580,-11.735,0,,0,48,29,5
2026-04-15T16:41:19.580,-11.755,0,,0,48,29,5
2026-04-15T16:41:20.580,-11.755,0,,0,48,29,5
2026-04-15T16:41:21.580,-11.759,0,,0,48,29,5
2026-04-15T16:41:22.590,-11.766,0,,0,48,29,5
2026-04-15T16:41:23.580,-11.764,0,,0,48,29,5
2026-04-15T16:41:24.590,-11.770,0,,0,48,29,5
2026-04-15T16:41:25.590,-11.771,0,,0,48,29,5
2026-04-15T16:41:26.590,-11.774,0,,0,48,29,5
2026-04-15T16:41:27.590,-11.772,0,,0,48,29,5
2026-04-15T16:41:28.580,-11.743,0,,0,48,29,5
2026-04-15T16:41:29.590,-11.743,0,,0,48,29,5
2026-04-15T16:41:31.150,-11.722,0,,0,48,29,5
2026-04-15T16:41:31.580,-11.709,0,,0,48,29,5
2026-04-15T16:41:32.600,-11.718,0,,0,48,29,5
2026-04-15T16:41:33.580,-11.693,0,,0,48,29,5
2026-04-15T16:41:34.580,-11.713,0,,0,48,29,5
2026-04-15T16:41:35.590,-11.708,0,,0,48,29,5
2026-04-15T16:41:36.580,-11.717,0,,0,48,29,5
2026-04-15T16:41:37.580,-11.735,0,,0,48,29,5
2026-04-15T16:41:38.580,-11.710,0,,0,48,29,5
2026-04-15T16:41:39.580,-11.732,0,,0,48,29,5
2026-04-15T16:41:40.580,-11.731,0,,0,48,29,5
2026-04-15T16:41:41.580,-11.706,0,,0,48,29,5
2026-04-15T16:41:42.590,-11.729,0,,0,48,29,5
2026-04-15T16:41:43.590,-11.707,0,,0,48,29,5
2026-04-15T16:41:44.900,-11.725,0,,0,48,29,5
2026-04-15T16:41:45.580,-11.723,0,,0,48,29,5
2026-04-15T16:41:46.640,-11.717,0,,0,48,29,5
2026-04-15T16:41:47.580,-11.725,0,,0,48,29,5
2026-04-15T16:41:48.580,-11.702,0,,0,48,29,5
2026-04-15T16:41:49.590,-11.716,0,Image_218.png,0,48,29,5
2026-04-15T16:41:51.000,-11.708,0,,0,48,29,5
2026-04-15T16:41:51.580,-11.693,0,,0,48,29,5
2026-04-15T16:41:52.590,-11.682,0,,0,48,29,5
2026-04-15T16:41:53.590,-11.697,0,,0,48,29,5
2026-04-15T16:41:54.580,-11.697,0,,0,48,29,5
2026-04-15T16:41:55.580,-11.704,0,,0,48,29,5
2026-04-15T16:41:56.580,-11.686,0,,0,48,29,5
2026-04-15T16:41:57.580,-11.702,0,,0,48,29,5
2026-04-15T16:41:58.580,-11.701,0,,0,48,29,5
2026-04-15T16:41:59.580,-11.700,0,,0,48,29,5
2026-04-15T16:42:00.580,-11.714,0,,0,48,29,5
2026-04-15T16:42:01.590,-11.706,0,,0,48,29,5
2026-04-15T16:42:02.580,-11.699,0,,0,48,29,5
2026-04-15T16:42:03.580,-11.697,0,,0,48,29,5
2026-04-15T16:42:04.590,-11.697,0,,0,48,29,5
2026-04-15T16:42:05.590,-11.697,0,,0,48,29,5
2026-04-15T16:42:06.590,-11.701,0,,0,48,29,5
2026-04-15T16:42:07.590,-11.707,0,,0,48,29,5
2026-04-15T16:42:08.580,-11.696,0,,0,48,29,5
2026-04-15T16:42:09.600,-11.709,0,,0,48,29,5
2026-04-15T16:42:10.590,-11.713,0,,0,48,29,5
2026-04-15T16:42:11.580,-11.725,0,,0,48,29,5
2026-04-15T16:42:12.590,-11.726,0,,0,48,29,5
2026-04-15T16:42:13.590,-11.728,0,,0,48,29,5
2026-04-15T16:42:14.590,-11.752,0,,0,48,29,5
2026-04-15T16:42:15.580,-11.759,0,,0,48,29,5
2026-04-15T16:42:16.580,-11.747,0,,0,48,29,5
2026-04-15T16:42:17.580,-11.742,0,,0,48,29,5
2026-04-15T16:42:18.680,-11.721,0,,0,48,29,5
2026-04-15T16:42:19.580,-11.747,0,,0,48,29,5
2026-04-15T16:42:20.590,-11.767,0,,0,48,29,5
2026-04-15T16:42:21.590,-11.762,0,,0,48,29,5
2026-04-15T16:42:22.580,-11.763,0,,0,48,29,5
2026-04-15T16:42:23.590,-11.776,0,,0,48,29,5
2026-04-15T16:42:24.580,-11.757,0,,0,48,29,5
2026-04-15T16:42:25.580,-11.736,0,,0,48,29,5
2026-04-15T16:42:26.580,-11.759,0,,0,48,29,5
2026-04-15T16:42:27.580,-11.736,0,,0,48,29,5
2026-04-15T16:42:29.120,-11.743,0,,0,48,29,5
2026-04-15T16:42:29.580,-11.739,0,,0,48,29,5
2026-04-15T16:42:30.580,-11.742,0,,0,48,29,5
2026-04-15T16:42:31.580,-11.744,0,,0,48,29,5
2026-04-15T16:42:32.590,-11.747,0,,0,48,29,5
2026-04-15T16:42:33.600,-11.744,0,,0,48,29,5
2026-04-15T16:42:34.590,-11.754,0,,0,48,29,5
2026-04-15T16:42:35.580,-11.758,0,,0,48,29,5
2026-04-15T16:42:36.580,-11.761,0,,0,48,29,5
2026-04-15T16:42:37.580,-11.761,0,,0,48,29,5
2026-04-15T16:42:38.590,-11.773,0,,0,48,29,5
2026-04-15T16:42:39.590,-11.787,0,,0,48,29,5
2026-04-15T16:42:40.590,-11.783,0,,0,48,29,5
2026-04-15T16:42:41.580,-11.788,0,,0,48,29,5
2026-04-15T16:42:43.040,-11.768,0,,0,48,29,5
2026-04-15T16:42:43.590,-11.767,0,,0,48,29,5
2026-04-15T16:42:44.580,-11.770,0,,0,48,29,5
2026-04-15T16:42:45.590,-11.771,0,,0,48,29,5
2026-04-15T16:42:46.580,-11.792,0,,0,48,29,5
2026-04-15T16:42:47.590,-11.772,0,,0,48,29,5
2026-04-15T16:42:48.580,-11.781,0,,0,48,29,5
2026-04-15T16:42:49.580,-11.776,0,Image_219.png,0,48,29,5
2026-04-15T16:42:51.020,-11.775,0,,0,48,29,5
2026-04-15T16:42:51.580,-11.779,0,,0,48,29,5
2026-04-15T16:42:52.590,-11.780,0,,0,48,29,5
2026-04-15T16:42:53.590,-11.788,0,,0,48,29,5
2026-04-15T16:42:54.580,-11.787,0,,0,48,29,5
2026-04-15T16:42:55.580,-11.789,0,,0,48,29,5
2026-04-15T16:42:56.580,-11.802,0,,0,48,29,5
2026-04-15T16:42:57.590,-11.795,0,,0,48,29,5
2026-04-15T16:42:58.580,-11.788,0,,0,48,29,5
2026-04-15T16:42:59.580,-11.786,0,,0,48,29,5
2026-04-15T16:43:00.580,-11.792,0,,0,48,29,5
2026-04-15T16:43:01.590,-11.791,0,,0,48,29,5
2026-04-15T16:43:02.590,-11.795,0,,0,48,29,5
2026-04-15T16:43:03.590,-11.771,0,,0,48,29,5
2026-04-15T16:43:04.590,-11.785,0,,0,48,29,5
2026-04-15T16:43:05.580,-11.781,0,,0,48,29,5
2026-04-15T16:43:06.580,-11.774,0,,0,48,29,5
2026-04-15T16:43:07.590,-11.786,0,,0,48,29,5
2026-04-15T16:43:08.660,-11.778,0,,0,48,29,5
2026-04-15T16:43:09.590,-11.772,0,,0,48,29,5
2026-04-15T16:43:10.580,-11.774,0,,0,48,29,5
2026-04-15T16:43:11.590,-11.773,0,,0,48,29,5
2026-04-15T16:43:12.580,-11.776,0,,0,48,29,5
2026-04-15T16:43:13.590,-11.770,0,,0,48,29,5
2026-04-15T16:43:14.610,-11.764,0,,0,48,29,5
2026-04-15T16:43:15.590,-11.761,0,,0,48,29,5
2026-04-15T16:43:16.580,-11.775,0,,0,48,29,5
2026-04-15T16:43:17.580,-11.778,0,,0,48,29,5
2026-04-15T16:43:18.600,-11.763,0,,0,48,29,5
2026-04-15T16:43:19.590,-11.772,0,,0,48,29,5
2026-04-15T16:43:20.590,-11.758,0,,0,48,29,5
2026-04-15T16:43:21.590,-11.745,0,,0,48,29,5
2026-04-15T16:43:22.580,-11.761,0,,0,48,29,5
2026-04-15T16:43:23.590,-11.764,0,,0,48,29,5
2026-04-15T16:43:24.610,-11.775,0,,0,48,29,5
2026-04-15T16:43:25.580,-11.768,0,,0,48,29,5
2026-04-15T16:43:26.590,-11.750,0,,0,48,29,5
2026-04-15T16:43:27.580,-11.745,0,,0,48,29,5
2026-04-15T16:43:28.590,-11.748,0,,0,48,29,5
2026-04-15T16:43:29.590,-11.747,0,,0,48,29,5
2026-04-15T16:43:30.580,-11.756,0,,0,48,29,5
2026-04-15T16:43:31.590,-11.767,0,,0,48,29,5
2026-04-15T16:43:32.590,-11.756,0,,0,48,29,5
2026-04-15T16:43:33.580,-11.775,0,,0,48,29,5
2026-04-15T16:43:34.580,-11.761,0,,0,48,29,5
2026-04-15T16:43:35.590,-11.777,0,,0,48,29,5
2026-04-15T16:43:36.580,-11.770,0,,0,48,29,5
2026-04-15T16:43:37.590,-11.757,0,,0,48,29,5
2026-04-15T16:43:38.590,-11.765,0,,0,48,29,5
2026-04-15T16:43:39.600,-11.761,0,,0,48,29,5
2026-04-15T16:43:40.580,-11.752,0,,0,48,29,5
2026-04-15T16:43:41.580,-11.745,0,,0,48,29,5
2026-04-15T16:43:42.580,-11.773,0,,0,48,29,5
2026-04-15T16:43:43.590,-11.772,0,,0,48,29,5
2026-04-15T16:43:44.590,-11.798,0,,0,48,29,5
2026-04-15T16:43:45.590,-11.801,0,,0,48,29,5
2026-04-15T16:43:47.070,-11.810,0,,0,48,29,5
2026-04-15T16:43:47.590,-11.805,0,,0,48,29,5
2026-04-15T16:43:48.590,-11.796,0,,0,48,29,5
2026-04-15T16:43:49.590,-11.802,0,Image_220.png,0,48,29,5
2026-04-15T16:43:50.980,-11.809,0,,0,48,29,5
2026-04-15T16:43:51.600,-11.800,0,,0,48,29,5
2026-04-15T16:43:52.580,-11.797,0,,0,48,29,5
2026-04-15T16:43:53.590,-11.779,0,,0,48,29,5
2026-04-15T16:43:54.600,-11.770,0,,0,48,29,5
2026-04-15T16:43:55.590,-11.772,0,,0,48,29,5
2026-04-15T16:43:56.590,-11.778,0,,0,48,29,5
2026-04-15T16:43:57.590,-11.782,0,,0,48,29,5
2026-04-15T16:43:58.590,-11.771,0,,0,48,29,5
2026-04-15T16:43:59.580,-11.788,0,,0,48,29,5
2026-04-15T16:44:00.600,-11.789,0,,0,48,29,5
2026-04-15T16:44:01.580,-11.797,0,,0,48,29,5
2026-04-15T16:44:02.710,-11.793,0,,0,48,29,5
2026-04-15T16:44:03.590,-11.801,0,,0,48,29,5
2026-04-15T16:44:04.740,-11.808,0,,0,48,29,5
2026-04-15T16:44:05.580,-11.808,0,,0,48,29,5
2026-04-15T16:44:06.600,-11.822,0,,0,48,29,5
2026-04-15T16:44:07.580,-11.822,0,,0,48,29,5
2026-04-15T16:44:08.820,-11.831,0,,0,48,29,5
2026-04-15T16:44:09.590,-11.832,0,,0,48,29,5
2026-04-15T16:44:10.950,-11.838,0,,0,48,29,5
2026-04-15T16:44:11.590,-11.852,0,,0,48,29,5
2026-04-15T16:44:12.590,-11.846,0,,0,48,29,5
2026-04-15T16:44:13.590,-11.854,0,,0,48,29,5
2026-04-15T16:44:14.590,-11.858,0,,0,48,29,5
2026-04-15T16:44:15.590,-11.865,0,,0,48,29,5
2026-04-15T16:44:16.590,-11.876,0,,0,48,29,5
2026-04-15T16:44:17.580,-11.862,0,,0,48,29,5
2026-04-15T16:44:18.590,-11.865,0,,0,48,29,5
2026-04-15T16:44:19.590,-11.873,0,,0,48,29,5
2026-04-15T16:44:20.590,-11.863,0,,0,48,29,5
2026-04-15T16:44:21.590,-11.866,0,,0,48,29,5
2026-04-15T16:44:22.580,-11.884,0,,0,48,29,5
2026-04-15T16:44:23.590,-11.892,0,,0,48,29,5
2026-04-15T16:44:24.580,-11.888,0,,0,48,29,5
2026-04-15T16:44:25.590,-11.893,0,,0,48,29,5
2026-04-15T16:44:26.580,-11.892,0,,0,48,29,5
2026-04-15T16:44:27.580,-11.897,0,,0,48,29,5
2026-04-15T16:44:28.580,-11.890,0,,0,48,29,5
2026-04-15T16:44:29.580,-11.890,0,,0,48,29,5
2026-04-15T16:44:30.830,-11.865,0,,0,48,29,5
2026-04-15T16:44:31.590,-11.861,0,,0,48,29,5
2026-04-15T16:44:32.590,-11.859,0,,0,48,29,5
2026-04-15T16:44:33.580,-11.859,0,,0,48,29,5
2026-04-15T16:44:34.580,-11.874,0,,0,48,29,5
2026-04-15T16:44:35.580,-11.876,0,,0,48,29,5
2026-04-15T16:44:36.580,-11.856,0,,0,48,29,5
2026-04-15T16:44:37.590,-11.873,0,,0,48,29,5
2026-04-15T16:44:38.800,-11.853,0,,0,48,29,5
2026-04-15T16:44:39.580,-11.880,0,,0,48,29,5
2026-04-15T16:44:40.670,-11.873,0,,0,48,29,5
2026-04-15T16:44:41.590,-11.856,0,,0,48,29,5
2026-04-15T16:44:42.590,-11.863,0,,0,48,29,5
2026-04-15T16:44:43.590,-11.880,0,,0,48,29,5
2026-04-15T16:44:44.580,-11.878,0,,0,48,29,5
2026-04-15T16:44:45.590,-11.881,0,,0,48,29,5
2026-04-15T16:44:48.070,-11.852,0,,0,48,29,5
2026-04-15T16:44:48.590,-11.851,0,,0,48,29,5
2026-04-15T16:44:49.590,-11.865,0,,0,48,29,5
2026-04-15T16:44:50.590,-11.861,0,Image_221.png,0,48,29,5
2026-04-15T16:44:51.980,-11.879,0,,0,48,29,5
2026-04-15T16:44:52.590,-11.872,0,,0,48,29,5
2026-04-15T16:44:53.590,-11.856,0,,0,48,29,5
2026-04-15T16:44:54.590,-11.862,0,,0,48,29,5
2026-04-15T16:44:55.590,-11.859,0,,0,48,29,5
2026-04-15T16:44:56.590,-11.860,0,,0,48,29,5
2026-04-15T16:44:57.590,-11.859,0,,0,48,29,5
2026-04-15T16:44:58.590,-11.862,0,,0,48,29,5
2026-04-15T16:44:59.590,-11.852,0,,0,48,29,5
2026-04-15T16:45:00.580,-11.856,0,,0,48,29,5
2026-04-15T16:45:01.580,-11.880,0,,0,48,29,5
2026-04-15T16:45:02.590,-11.867,0,,0,48,29,5
2026-04-15T16:45:03.580,-11.854,0,,0,48,29,5
2026-04-15T16:45:04.600,-11.853,0,,0,48,29,5
2026-04-15T16:45:05.590,-11.861,0,,0,48,29,5
2026-04-15T16:45:06.590,-11.858,0,,0,48,29,5
2026-04-15T16:45:07.590,-11.866,0,,0,48,29,5
2026-04-15T16:45:08.590,-11.864,0,,0,48,29,5
2026-04-15T16:45:09.580,-11.860,0,,0,48,29,5
2026-04-15T16:45:10.580,-11.865,0,,0,48,29,5
2026-04-15T16:45:11.590,-11.854,0,,0,48,29,5
2026-04-15T16:45:12.580,-11.849,0,,0,48,29,5
2026-04-15T16:45:13.590,-11.842,0,,0,48,29,5
2026-04-15T16:45:14.590,-11.825,0,,0,48,29,5
2026-04-15T16:45:15.590,-11.839,0,,0,48,29,5
2026-04-15T16:45:16.580,-11.835,0,,0,48,29,5
2026-04-15T16:45:17.580,-11.833,0,,0,48,29,5
2026-04-15T16:45:18.580,-11.850,0,,0,48,29,5
2026-04-15T16:45:19.580,-11.866,0,,0,48,29,5
2026-04-15T16:45:20.590,-11.884,0,,0,48,29,5
2026-04-15T16:45:21.590,-11.894,0,,0,48,29,5
2026-04-15T16:45:22.590,-11.886,0,,0,48,29,5
2026-04-15T16:45:23.590,-11.882,0,,0,48,29,5
2026-04-15T16:45:24.590,-11.883,0,,0,48,29,5
2026-04-15T16:45:25.580,-11.890,0,,0,48,29,5
2026-04-15T16:45:26.590,-11.885,0,,0,48,29,5
2026-04-15T16:45:27.580,-11.894,0,,0,48,29,5
2026-04-15T16:45:28.590,-11.872,0,,0,48,29,5
2026-04-15T16:45:29.580,-11.856,0,,0,48,29,5
2026-04-15T16:45:30.580,-11.844,0,,0,48,29,5
2026-04-15T16:45:31.590,-11.853,0,,0,48,29,5
2026-04-15T16:45:32.620,-11.872,0,,0,48,29,5
2026-04-15T16:45:33.580,-11.881,0,,0,48,29,5
2026-04-15T16:45:34.590,-11.879,0,,0,48,29,5
2026-04-15T16:45:35.590,-11.888,0,,0,48,29,5
2026-04-15T16:45:36.580,-11.870,0,,0,48,29,5
2026-04-15T16:45:37.580,-11.855,0,,0,48,29,5
2026-04-15T16:45:38.590,-11.848,0,,0,48,29,5
2026-04-15T16:45:39.580,-11.860,0,,0,48,29,5
2026-04-15T16:45:40.610,-11.854,0,,0,48,29,5
2026-04-15T16:45:41.590,-11.852,0,,0,48,29,5
2026-04-15T16:45:42.580,-11.856,0,,0,48,29,5
2026-04-15T16:45:43.590,-11.861,0,,0,48,29,5
2026-04-15T16:45:44.590,-11.847,0,,0,48,29,5
2026-04-15T16:45:45.600,-11.841,0,,0,48,29,5
2026-04-15T16:45:46.580,-11.852,0,,0,48,29,5
2026-04-15T16:45:47.580,-11.860,0,,0,48,29,5
2026-04-15T16:45:48.580,-11.865,0,,0,48,29,5
2026-04-15T16:45:49.580,-11.854,0,,0,48,29,5
2026-04-15T16:45:50.590,-11.853,0,,0,48,29,5
2026-04-15T16:45:51.580,-11.852,0,Image_222.png,0,48,29,5
2026-04-15T16:45:53.300,-11.864,0,,0,48,29,5
2026-04-15T16:45:53.600,-11.857,0,,0,48,29,5
2026-04-15T16:45:54.580,-11.852,0,,0,48,29,5
2026-04-15T16:45:55.580,-11.852,0,,0,48,29,5
2026-04-15T16:45:56.590,-11.862,0,,0,48,29,5
2026-04-15T16:45:57.580,-11.873,0,,0,48,29,5
2026-04-15T16:45:58.590,-11.891,0,,0,48,29,5
2026-04-15T16:45:59.580,-11.879,0,,0,48,29,5
2026-04-15T16:46:00.580,-11.868,0,,0,48,29,5
2026-04-15T16:46:01.590,-11.852,0,,0,48,29,5
2026-04-15T16:46:02.590,-11.838,0,,0,48,29,5
2026-04-15T16:46:03.580,-11.828,0,,0,48,29,5
2026-04-15T16:46:04.580,-11.823,0,,0,48,29,5
2026-04-15T16:46:05.590,-11.824,0,,0,48,29,5
2026-04-15T16:46:06.580,-11.831,0,,0,48,29,5
2026-04-15T16:46:07.580,-11.826,0,,0,48,29,5
2026-04-15T16:46:08.580,-11.832,0,,0,48,29,5
2026-04-15T16:46:09.580,-11.829,0,,0,48,29,5
2026-04-15T16:46:10.590,-11.834,0,,0,48,29,5
2026-04-15T16:46:11.580,-11.823,0,,0,48,29,5
2026-04-15T16:46:12.660,-11.831,0,,0,48,29,5
2026-04-15T16:46:13.590,-11.832,0,,0,48,29,5
2026-04-15T16:46:14.590,-11.824,0,,0,48,29,5
2026-04-15T16:46:15.600,-11.833,0,,0,48,29,5
2026-04-15T16:46:16.580,-11.836,0,,0,48,29,5
2026-04-15T16:46:17.590,-11.827,0,,0,48,29,5
2026-04-15T16:46:18.600,-11.842,0,,0,48,29,5
2026-04-15T16:46:19.580,-11.855,0,,0,48,29,5
2026-04-15T16:46:20.580,-11.861,0,,0,48,29,5
2026-04-15T16:46:21.580,-11.853,0,,0,48,29,5
2026-04-15T16:46:22.600,-11.854,0,,0,48,29,5
2026-04-15T16:46:23.590,-11.848,0,,0,48,29,5
2026-04-15T16:46:24.590,-11.844,0,,0,48,29,5
2026-04-15T16:46:25.580,-11.853,0,,0,48,29,5
2026-04-15T16:46:26.620,-11.855,0,,0,48,29,5
2026-04-15T16:46:27.590,-11.860,0,,0,48,29,5
2026-04-15T16:46:28.590,-11.860,0,,0,48,29,5
2026-04-15T16:46:29.580,-11.864,0,,0,48,29,5
2026-04-15T16:46:30.580,-11.862,0,,0,48,29,5
2026-04-15T16:46:31.590,-11.864,0,,0,48,29,5
2026-04-15T16:46:32.590,-11.877,0,,0,48,29,5
2026-04-15T16:46:33.610,-11.868,0,,0,48,29,5
2026-04-15T16:46:34.700,-11.882,0,,0,48,29,5
2026-04-15T16:46:35.580,-11.858,0,,0,48,29,5
2026-04-15T16:46:36.590,-11.865,0,,0,48,29,5
2026-04-15T16:46:37.590,-11.866,0,,0,48,29,5
2026-04-15T16:46:38.590,-11.864,0,,0,48,29,5
2026-04-15T16:46:39.580,-11.875,0,,0,48,29,5
2026-04-15T16:46:40.670,-11.876,0,,0,48,29,5
2026-04-15T16:46:41.580,-11.878,0,,0,48,29,5
2026-04-15T16:46:42.600,-11.896,0,,0,48,29,5
2026-04-15T16:46:43.580,-11.880,0,,0,48,29,5
2026-04-15T16:46:44.620,-11.878,0,,0,48,29,5
2026-04-15T16:46:45.580,-11.872,0,,0,48,29,5
2026-04-15T16:46:46.580,-11.887,0,,0,48,29,5
2026-04-15T16:46:47.580,-11.875,0,,0,48,29,5
2026-04-15T16:46:48.600,-11.874,0,,0,48,29,5
2026-04-15T16:46:49.590,-11.880,0,,0,48,29,5
2026-04-15T16:46:50.590,-11.858,0,,0,48,29,5
2026-04-15T16:46:51.590,-11.847,0,Image_223.png,0,48,29,5
2026-04-15T16:46:52.990,-11.854,0,,0,48,29,5
2026-04-15T16:46:53.590,-11.843,0,,0,48,29,5
2026-04-15T16:46:54.590,-11.855,0,,0,48,29,5
2026-04-15T16:46:55.590,-11.830,0,,0,48,29,5
2026-04-15T16:46:56.580,-11.834,0,,0,48,29,5
2026-04-15T16:46:57.580,-11.833,0,,0,48,29,5
2026-04-15T16:46:58.590,-11.847,0,,0,48,29,5
2026-04-15T16:46:59.590,-11.862,0,,0,48,29,5
2026-04-15T16:47:00.600,-11.836,0,,0,48,29,5
2026-04-15T16:47:01.590,-11.839,0,,0,48,29,5
2026-04-15T16:47:02.580,-11.846,0,,0,48,29,5
2026-04-15T16:47:03.590,-11.820,0,,0,48,29,5
2026-04-15T16:47:04.590,-11.836,0,,0,48,29,5
2026-04-15T16:47:05.590,-11.841,0,,0,48,29,5
2026-04-15T16:47:06.590,-11.820,0,,0,48,29,5
2026-04-15T16:47:07.590,-11.842,0,,0,48,29,5
2026-04-15T16:47:08.740,-11.827,0,,0,48,29,5
2026-04-15T16:47:09.610,-11.810,0,,0,48,29,5
2026-04-15T16:47:10.590,-11.840,0,,0,48,29,5
2026-04-15T16:47:11.580,-11.830,0,,0,48,29,5
2026-04-15T16:47:12.610,-11.826,0,,0,48,29,5
2026-04-15T16:47:13.580,-11.842,0,,0,48,29,5
2026-04-15T16:47:14.590,-11.840,0,,0,48,29,5
2026-04-15T16:47:15.600,-11.841,0,,0,48,29,5
2026-04-15T16:47:16.590,-11.833,0,,0,48,29,5
2026-04-15T16:47:17.580,-11.838,0,,0,48,29,5
2026-04-15T16:47:18.590,-11.835,0,,0,48,29,5
2026-04-15T16:47:19.580,-11.831,0,,0,48,29,5
2026-04-15T16:47:20.590,-11.829,0,,0,48,29,5
2026-04-15T16:47:21.590,-11.826,0,,0,48,29,5
2026-04-15T16:47:22.580,-11.829,0,,0,48,29,5
2026-04-15T16:47:23.580,-11.822,0,,0,48,29,5
2026-04-15T16:47:24.580,-11.802,0,,0,48,29,5
2026-04-15T16:47:25.580,-11.802,0,,0,48,29,5
2026-04-15T16:47:26.590,-11.787,0,,0,48,29,5
2026-04-15T16:47:27.580,-11.785,0,,0,48,29,5
2026-04-15T16:47:28.590,-11.795,0,,0,48,29,5
2026-04-15T16:47:29.590,-11.792,0,,0,48,29,5
2026-04-15T16:47:30.610,-11.808,0,,0,48,29,5
2026-04-15T16:47:31.590,-11.795,0,,0,48,29,5
2026-04-15T16:47:32.730,-11.805,0,,0,48,29,5
2026-04-15T16:47:33.590,-11.805,0,,0,48,29,5
2026-04-15T16:47:34.580,-11.817,0,,0,48,29,5
2026-04-15T16:47:35.580,-11.811,0,,0,48,29,5
2026-04-15T16:47:36.580,-11.816,0,,0,48,29,5
2026-04-15T16:47:37.580,-11.804,0,,0,48,29,5
2026-04-15T16:47:38.680,-11.806,0,,0,48,29,5
2026-04-15T16:47:39.600,-11.808,0,,0,48,29,5
2026-04-15T16:47:40.600,-11.801,0,,0,48,29,5
2026-04-15T16:47:41.590,-11.813,0,,0,48,29,5
2026-04-15T16:47:42.590,-11.792,0,,0,48,29,5
2026-04-15T16:47:43.590,-11.785,0,,0,48,29,5
2026-04-15T16:47:44.590,-11.772,0,,0,48,29,5
2026-04-15T16:47:45.600,-11.773,0,,0,48,29,5
2026-04-15T16:47:46.580,-11.775,0,,0,48,29,5
2026-04-15T16:47:47.590,-11.797,0,,0,48,29,5
2026-04-15T16:47:48.580,-11.791,0,,0,48,29,5
2026-04-15T16:47:49.580,-11.790,0,,0,48,29,5
2026-04-15T16:47:50.720,-11.808,0,,0,48,29,5
2026-04-15T16:47:51.600,-11.802,0,Image_224.png,0,48,29,5
2026-04-15T16:47:53.000,-11.805,0,,0,48,29,5
2026-04-15T16:47:53.590,-11.797,0,,0,48,29,5
2026-04-15T16:47:54.590,-11.788,0,,0,48,29,5
2026-04-15T16:47:55.590,-11.798,0,,0,48,29,5
2026-04-15T16:47:56.580,-11.808,0,,0,48,29,5
2026-04-15T16:47:57.590,-11.801,0,,0,48,29,5
2026-04-15T16:47:58.590,-11.801,0,,0,48,29,5
2026-04-15T16:47:59.590,-11.794,0,,0,48,29,5
2026-04-15T16:48:00.590,-11.803,0,,0,48,29,5
2026-04-15T16:48:01.580,-11.807,0,,0,48,29,5
2026-04-15T16:48:02.780,-11.797,0,,0,48,29,5
2026-04-15T16:48:03.600,-11.807,0,,0,48,29,5
2026-04-15T16:48:04.590,-11.802,0,,0,48,29,5
2026-04-15T16:48:05.590,-11.810,0,,0,48,29,5
2026-04-15T16:48:06.600,-11.789,0,,0,48,29,5
2026-04-15T16:48:07.590,-11.792,0,,0,48,29,5
2026-04-15T16:48:08.590,-11.793,0,,0,48,29,5
2026-04-15T16:48:09.610,-11.791,0,,0,48,29,5
2026-04-15T16:48:10.590,-11.807,0,,0,48,29,5
2026-04-15T16:48:11.590,-11.802,0,,0,48,29,5
2026-04-15T16:48:12.590,-11.791,0,,0,48,29,5
2026-04-15T16:48:13.580,-11.782,0,,0,48,29,5
2026-04-15T16:48:14.590,-11.802,0,,0,48,29,5
2026-04-15T16:48:15.580,-11.790,0,,0,48,29,5
2026-04-15T16:48:16.590,-11.806,0,,0,48,29,5
2026-04-15T16:48:17.590,-11.809,0,,0,48,29,5
2026-04-15T16:48:18.580,-11.813,0,,0,48,29,5
2026-04-15T16:48:19.580,-11.818,0,,0,48,29,5
2026-04-15T16:48:20.830,-11.819,0,,0,48,29,5
2026-04-15T16:48:21.580,-11.827,0,,0,48,29,5
2026-04-15T16:48:22.590,-11.818,0,,0,48,29,5
2026-04-15T16:48:23.580,-11.807,0,,0,48,29,5
2026-04-15T16:48:24.590,-11.821,0,,0,48,29,5
2026-04-15T16:48:25.580,-11.823,0,,0,48,29,5
2026-04-15T16:48:26.580,-11.808,0,,0,48,29,5
2026-04-15T16:48:27.590,-11.814,0,,0,48,29,5
2026-04-15T16:48:28.580,-11.813,0,,0,48,29,5
2026-04-15T16:48:29.590,-11.821,0,,0,48,29,5
2026-04-15T16:48:30.580,-11.820,0,,0,48,29,5
2026-04-15T16:48:31.580,-11.809,0,,0,48,29,5
2026-04-15T16:48:32.590,-11.794,0,,0,48,29,5
2026-04-15T16:48:33.590,-11.799,0,,0,48,29,5
2026-04-15T16:48:34.610,-11.789,0,,0,48,29,5
2026-04-15T16:48:35.590,-11.812,0,,0,48,29,5
2026-04-15T16:48:36.750,-11.834,0,,0,48,29,5
2026-04-15T16:48:37.590,-11.819,0,,0,48,29,5
2026-04-15T16:48:38.590,-11.839,0,,0,48,29,5
2026-04-15T16:48:39.590,-11.826,0,,0,48,29,5
2026-04-15T16:48:40.580,-11.801,0,,0,48,29,5
2026-04-15T16:48:41.580,-11.810,0,,0,48,29,5
2026-04-15T16:48:42.580,-11.791,0,,0,48,29,5
2026-04-15T16:48:43.580,-11.767,0,,0,48,29,5
2026-04-15T16:48:44.590,-11.757,0,,0,48,29,5
2026-04-15T16:48:45.580,-11.767,0,,0,48,29,5
2026-04-15T16:48:46.580,-11.793,0,,0,48,29,5
2026-04-15T16:48:47.580,-11.808,0,,0,48,29,5
2026-04-15T16:48:48.640,-11.810,0,,0,48,29,5
2026-04-15T16:48:49.580,-11.801,0,,0,48,29,5
2026-04-15T16:48:50.590,-11.797,0,,0,48,29,5
2026-04-15T16:48:51.590,-11.805,0,,0,48,29,5
2026-04-15T16:48:52.590,-11.800,0,Image_225.png,0,48,29,5
2026-04-15T16:48:54.000,-11.799,0,,0,48,29,5
2026-04-15T16:48:54.580,-11.808,0,,0,48,29,5
2026-04-15T16:48:55.580,-11.801,0,,0,48,29,5
2026-04-15T16:48:56.590,-11.791,0,,0,48,29,5
2026-04-15T16:48:57.580,-11.812,0,,0,48,29,5
2026-04-15T16:48:58.580,-11.814,0,,0,48,29,5
2026-04-15T16:48:59.580,-11.810,0,,0,48,29,5
2026-04-15T16:49:00.590,-11.815,0,,0,48,29,5
2026-04-15T16:49:01.590,-11.817,0,,0,48,29,5
2026-04-15T16:49:02.580,-11.804,0,,0,48,29,5
2026-04-15T16:49:03.590,-11.812,0,,0,48,29,5
2026-04-15T16:49:04.580,-11.788,0,,0,48,29,5
2026-04-15T16:49:05.590,-11.797,0,,0,48,29,5
2026-04-15T16:49:06.580,-11.786,0,,0,48,29,5
2026-04-15T16:49:07.580,-11.792,0,,0,48,29,5
2026-04-15T16:49:08.580,-11.817,0,,0,48,29,5
2026-04-15T16:49:09.590,-11.799,0,,0,48,29,5
2026-04-15T16:49:10.590,-11.779,0,,0,48,29,5
2026-04-15T16:49:11.590,-11.760,0,,0,48,29,5
2026-04-15T16:49:12.600,-11.755,0,,0,48,29,5
2026-04-15T16:49:13.590,-11.777,0,,0,48,29,5
2026-04-15T16:49:14.580,-11.806,0,,0,48,29,5
2026-04-15T16:49:15.590,-11.797,0,,0,48,29,5
2026-04-15T16:49:16.590,-11.799,0,,0,48,29,5
2026-04-15T16:49:17.590,-11.788,0,,0,48,29,5
2026-04-15T16:49:18.600,-11.779,0,,0,48,29,5
2026-04-15T16:49:19.600,-11.799,0,,0,48,29,5
2026-04-15T16:49:20.590,-11.800,0,,0,48,29,5
2026-04-15T16:49:21.590,-11.804,0,,0,48,29,5
2026-04-15T16:49:22.580,-11.806,0,,0,48,29,5
2026-04-15T16:49:23.580,-11.790,0,,0,48,29,5
2026-04-15T16:49:24.930,-11.780,0,,0,48,29,5
2026-04-15T16:49:25.580,-11.773,0,,0,48,29,5
2026-04-15T16:49:26.590,-11.783,0,,0,48,29,5
2026-04-15T16:49:27.580,-11.798,0,,0,48,29,5
2026-04-15T16:49:28.580,-11.803,0,,0,48,29,5
2026-04-15T16:49:29.580,-11.803,0,,0,48,29,5
2026-04-15T16:49:30.590,-11.819,0,,0,48,29,5
2026-04-15T16:49:31.580,-11.827,0,,0,48,29,5
2026-04-15T16:49:32.580,-11.812,0,,0,48,29,5
2026-04-15T16:49:33.590,-11.826,0,,0,48,29,5
2026-04-15T16:49:34.580,-11.805,0,,0,48,29,5
2026-04-15T16:49:35.590,-11.791,0,,0,48,29,5
2026-04-15T16:49:36.580,-11.792,0,,0,48,29,5
2026-04-15T16:49:37.590,-11.784,0,,0,48,29,5
2026-04-15T16:49:38.590,-11.779,0,,0,48,29,5
2026-04-15T16:49:39.590,-11.800,0,,0,48,29,5
2026-04-15T16:49:40.590,-11.801,0,,0,48,29,5
2026-04-15T16:49:41.580,-11.790,0,,0,48,29,5
2026-04-15T16:49:42.590,-11.787,0,,0,48,29,5
2026-04-15T16:49:43.590,-11.778,0,,0,48,29,5
2026-04-15T16:49:44.590,-11.777,0,,0,48,29,5
2026-04-15T16:49:45.590,-11.789,0,,0,48,29,5
2026-04-15T16:49:46.590,-11.808,0,,0,48,29,5
2026-04-15T16:49:47.590,-11.785,0,,0,48,29,5
2026-04-15T16:49:48.580,-11.821,0,,0,48,29,5
2026-04-15T16:49:49.580,-11.784,0,,0,48,29,5
2026-04-15T16:49:50.590,-11.785,0,,0,48,29,5
2026-04-15T16:49:51.580,-11.805,0,,0,48,29,5
2026-04-15T16:49:52.590,-11.802,0,,0,48,29,5
2026-04-15T16:49:53.580,-11.819,0,Image_226.png,0,48,29,5
2026-04-15T16:49:54.970,-11.792,0,,0,48,29,5
2026-04-15T16:49:55.590,-11.795,0,,0,48,29,5
2026-04-15T16:49:56.580,-11.805,0,,0,48,29,5
2026-04-15T16:49:57.580,-11.783,0,,0,48,29,5
2026-04-15T16:49:58.580,-11.807,0,,0,48,29,5
2026-04-15T16:49:59.580,-11.781,0,,0,48,29,5
2026-04-15T16:50:00.590,-11.771,0,,0,48,29,5
2026-04-15T16:50:01.590,-11.792,0,,0,48,29,5
2026-04-15T16:50:02.590,-11.792,0,,0,48,29,5
2026-04-15T16:50:03.590,-11.796,0,,0,48,29,5
2026-04-15T16:50:04.580,-11.809,0,,0,48,29,5
2026-04-15T16:50:05.580,-11.786,0,,0,48,29,5
2026-04-15T16:50:06.580,-11.769,0,,0,48,29,5
2026-04-15T16:50:07.580,-11.766,0,,0,48,29,5
2026-04-15T16:50:08.660,-11.749,0,,0,48,29,5
2026-04-15T16:50:09.590,-11.751,0,,0,48,29,5
2026-04-15T16:50:10.800,-11.748,0,,0,48,29,5
2026-04-15T16:50:11.580,-11.775,0,,0,48,29,5
2026-04-15T16:50:12.580,-11.769,0,,0,48,29,5
2026-04-15T16:50:13.580,-11.773,0,,0,48,29,5
2026-04-15T16:50:14.590,-11.791,0,,0,48,29,5
2026-04-15T16:50:15.580,-11.773,0,,0,48,29,5
2026-04-15T16:50:16.580,-11.770,0,,0,48,29,5
2026-04-15T16:50:17.590,-11.781,0,,0,48,29,5
2026-04-15T16:50:18.580,-11.763,0,,0,48,29,5
2026-04-15T16:50:19.590,-11.764,0,,0,48,29,5
2026-04-15T16:50:21.250,-11.783,0,,0,48,29,5
2026-04-15T16:50:21.590,-11.790,0,,0,48,29,5
2026-04-15T16:50:22.580,-11.781,0,,0,48,29,5
2026-04-15T16:50:23.590,-11.790,0,,0,48,29,5
2026-04-15T16:50:24.580,-11.794,0,,0,48,29,5
2026-04-15T16:50:25.580,-11.784,0,,0,48,29,5
2026-04-15T16:50:26.840,-11.785,0,,0,48,29,5
2026-04-15T16:50:27.580,-11.783,0,,0,48,29,5
2026-04-15T16:50:28.590,-11.796,0,,0,48,29,5
2026-04-15T16:50:29.580,-11.792,0,,0,48,29,5
2026-04-15T16:50:30.580,-11.787,0,,0,48,29,5
2026-04-15T16:50:31.580,-11.791,0,,0,48,29,5
2026-04-15T16:50:32.580,-11.795,0,,0,48,29,5
2026-04-15T16:50:33.580,-11.800,0,,0,48,29,5
2026-04-15T16:50:34.670,-11.792,0,,0,48,29,5
2026-04-15T16:50:35.590,-11.803,0,,0,48,29,5
2026-04-15T16:50:36.590,-11.805,0,,0,48,29,5
2026-04-15T16:50:37.590,-11.795,0,,0,48,29,5
2026-04-15T16:50:38.590,-11.801,0,,0,48,29,5
2026-04-15T16:50:39.590,-11.797,0,,0,48,29,5
2026-04-15T16:50:40.580,-11.793,0,,0,48,29,5
2026-04-15T16:50:41.590,-11.795,0,,0,48,29,5
2026-04-15T16:50:42.580,-11.812,0,,0,48,29,5
2026-04-15T16:50:43.580,-11.808,0,,0,48,29,5
2026-04-15T16:50:44.590,-11.798,0,,0,48,29,5
2026-04-15T16:50:45.580,-11.803,0,,0,48,29,5
2026-04-15T16:50:46.580,-11.801,0,,0,48,29,5
2026-04-15T16:50:47.590,-11.806,0,,0,48,29,5
2026-04-15T16:50:48.850,-11.802,0,,0,48,29,5
2026-04-15T16:50:49.580,-11.792,0,,0,48,29,5
2026-04-15T16:50:50.580,-11.797,0,,0,48,29,5
2026-04-15T16:50:51.590,-11.779,0,,0,48,29,5
2026-04-15T16:50:52.580,-11.791,0,,0,48,29,5
2026-04-15T16:50:53.590,-11.789,0,Image_227.png,0,48,29,5
2026-04-15T16:50:54.960,-11.793,0,,0,48,29,5
2026-04-15T16:50:55.580,-11.783,0,,0,48,29,5
2026-04-15T16:50:56.590,-11.786,0,,0,48,29,5
2026-04-15T16:50:57.590,-11.801,0,,0,48,29,5
2026-04-15T16:50:58.590,-11.794,0,,0,48,29,5
2026-04-15T16:50:59.580,-11.795,0,,0,48,29,5
2026-04-15T16:51:00.590,-11.803,0,,0,48,29,5
2026-04-15T16:51:01.580,-11.793,0,,0,48,29,5
2026-04-15T16:51:02.580,-11.791,0,,0,48,29,5
2026-04-15T16:51:03.590,-11.777,0,,0,48,29,5
2026-04-15T16:51:04.580,-11.806,0,,0,48,29,5
2026-04-15T16:51:05.580,-11.809,0,,0,48,29,5
2026-04-15T16:51:06.580,-11.786,0,,0,48,29,5
2026-04-15T16:51:07.580,-11.796,0,,0,48,29,5
2026-04-15T16:51:08.590,-11.777,0,,0,48,29,5
2026-04-15T16:51:09.580,-11.760,0,,0,48,29,5
2026-04-15T16:51:10.590,-11.764,0,,0,48,29,5
2026-04-15T16:51:11.590,-11.763,0,,0,48,29,5
2026-04-15T16:51:12.590,-11.762,0,,0,48,29,5
2026-04-15T16:51:13.580,-11.773,0,,0,48,29,5
2026-04-15T16:51:14.650,-11.767,0,,0,48,29,5
2026-04-15T16:51:15.590,-11.756,0,,0,48,29,5
2026-04-15T16:51:17.390,-11.756,0,,0,48,29,5
2026-04-15T16:51:17.710,-11.744,0,,0,48,29,5
2026-04-15T16:51:18.590,-11.765,0,,0,48,29,5
2026-04-15T16:51:19.580,-11.767,0,,0,48,29,5
2026-04-15T16:51:20.760,-11.758,0,,0,48,29,5
2026-04-15T16:51:21.600,-11.752,0,,0,48,29,5
2026-04-15T16:51:22.790,-11.755,0,,0,48,29,5
2026-04-15T16:51:23.590,-11.750,0,,0,48,29,5
2026-04-15T16:51:24.590,-11.757,0,,0,48,29,5
2026-04-15T16:51:25.590,-11.761,0,,0,48,29,5
2026-04-15T16:51:26.590,-11.761,0,,0,48,29,5
2026-04-15T16:51:27.580,-11.764,0,,0,48,29,5
2026-04-15T16:51:28.580,-11.754,0,,0,48,29,5
2026-04-15T16:51:29.590,-11.770,0,,0,48,29,5
2026-04-15T16:51:30.600,-11.777,0,,0,48,29,5
2026-04-15T16:51:31.590,-11.772,0,,0,48,29,5
2026-04-15T16:51:32.590,-11.776,0,,0,48,29,5
2026-04-15T16:51:33.590,-11.781,0,,0,48,29,5
2026-04-15T16:51:34.780,-11.775,0,,0,48,29,5
2026-04-15T16:51:35.590,-11.774,0,,0,48,29,5
2026-04-15T16:51:36.580,-11.768,0,,0,48,29,5
2026-04-15T16:51:37.590,-11.778,0,,0,48,29,5
2026-04-15T16:51:38.590,-11.784,0,,0,48,29,5
2026-04-15T16:51:39.580,-11.783,0,,0,48,29,5
2026-04-15T16:51:40.580,-11.791,0,,0,48,29,5
2026-04-15T16:51:41.590,-11.798,0,,0,48,29,5
2026-04-15T16:51:42.590,-11.796,0,,0,48,29,5
2026-04-15T16:51:43.580,-11.803,0,,0,48,29,5
2026-04-15T16:51:44.590,-11.803,0,,0,48,29,5
2026-04-15T16:51:45.580,-11.797,0,,0,48,29,5
2026-04-15T16:51:46.580,-11.804,0,,0,48,29,5
2026-04-15T16:51:47.590,-11.813,0,,0,48,29,5
2026-04-15T16:51:48.600,-11.800,0,,0,48,29,5
2026-04-15T16:51:49.590,-11.821,0,,0,48,29,5
2026-04-15T16:51:50.590,-11.808,0,,0,48,29,5
2026-04-15T16:51:51.600,-11.804,0,,0,48,29,5
2026-04-15T16:51:52.630,-11.814,0,,0,48,29,5
2026-04-15T16:51:53.580,-11.822,0,Image_228.png,0,48,29,5
2026-04-15T16:51:54.990,-11.821,0,,0,48,29,5
2026-04-15T16:51:55.590,-11.808,0,,0,48,29,5
2026-04-15T16:51:56.580,-11.810,0,,0,48,29,5
2026-04-15T16:51:57.590,-11.815,0,,0,48,29,5
2026-04-15T16:51:58.590,-11.812,0,,0,48,29,5
2026-04-15T16:51:59.590,-11.820,0,,0,48,29,5
2026-04-15T16:52:00.590,-11.818,0,,0,48,29,5
2026-04-15T16:52:01.590,-11.811,0,,0,48,29,5
2026-04-15T16:52:02.590,-11.825,0,,0,48,29,5
2026-04-15T16:52:03.580,-11.813,0,,0,48,29,5
2026-04-15T16:52:04.580,-11.809,0,,0,48,29,5
2026-04-15T16:52:05.590,-11.811,0,,0,48,29,5
2026-04-15T16:52:06.580,-11.805,0,,0,48,29,5
2026-04-15T16:52:07.590,-11.785,0,,0,48,29,5
2026-04-15T16:52:08.590,-11.791,0,,0,48,29,5
2026-04-15T16:52:09.590,-11.794,0,,0,48,29,5
2026-04-15T16:52:10.590,-11.797,0,,0,48,29,5
2026-04-15T16:52:11.590,-11.808,0,,0,48,29,5
2026-04-15T16:52:12.580,-11.799,0,,0,48,29,5
2026-04-15T16:52:13.590,-11.792,0,,0,48,29,5
2026-04-15T16:52:14.590,-11.794,0,,0,48,29,5
2026-04-15T16:52:15.590,-11.801,0,,0,48,29,5
2026-04-15T16:52:16.590,-11.804,0,,0,48,29,5
2026-04-15T16:52:17.580,-11.795,0,,0,48,29,5
2026-04-15T16:52:18.590,-11.795,0,,0,48,29,5
2026-04-15T16:52:19.580,-11.795,0,,0,48,29,5
2026-04-15T16:52:20.580,-11.785,0,,0,48,29,5
2026-04-15T16:52:21.580,-11.789,0,,0,48,29,5
2026-04-15T16:52:22.580,-11.780,0,,0,48,29,5
2026-04-15T16:52:23.590,-11.786,0,,0,48,29,5
2026-04-15T16:52:24.590,-11.797,0,,0,48,29,5
2026-04-15T16:52:25.580,-11.782,0,,0,48,29,5
2026-04-15T16:52:26.590,-11.776,0,,0,48,29,5
2026-04-15T16:52:27.600,-11.767,0,,0,48,29,5
2026-04-15T16:52:28.590,-11.755,0,,0,48,29,5
2026-04-15T16:52:29.580,-11.753,0,,0,48,29,5
2026-04-15T16:52:30.590,-11.747,0,,0,48,29,5
2026-04-15T16:52:31.580,-11.742,0,,0,48,29,5
2026-04-15T16:52:32.800,-11.763,0,,0,48,29,5
2026-04-15T16:52:33.590,-11.774,0,,0,48,29,5
2026-04-15T16:52:34.590,-11.770,0,,0,48,29,5
2026-04-15T16:52:35.580,-11.768,0,,0,48,29,5
2026-04-15T16:52:36.580,-11.770,0,,0,48,29,5
2026-04-15T16:52:37.580,-11.771,0,,0,48,29,5
2026-04-15T16:52:38.600,-11.778,0,,0,48,29,5
2026-04-15T16:52:39.590,-11.760,0,,0,48,29,5
2026-04-15T16:52:40.590,-11.751,0,,0,48,29,5
2026-04-15T16:52:41.590,-11.750,0,,0,48,29,5
2026-04-15T16:52:42.590,-11.753,0,,0,48,29,5
2026-04-15T16:52:43.590,-11.756,0,,0,48,29,5
2026-04-15T16:52:44.590,-11.776,0,,0,48,29,5
2026-04-15T16:52:45.580,-11.761,0,,0,48,29,5
2026-04-15T16:52:46.600,-11.767,0,,0,48,29,5
2026-04-15T16:52:47.580,-11.764,0,,0,48,29,5
2026-04-15T16:52:48.580,-11.764,0,,0,48,29,5
2026-04-15T16:52:49.580,-11.775,0,,0,48,29,5
2026-04-15T16:52:50.580,-11.782,0,,0,48,29,5
2026-04-15T16:52:51.590,-11.787,0,,0,48,29,5
2026-04-15T16:52:52.580,-11.780,0,,0,48,29,5
2026-04-15T16:52:53.580,-11.765,0,,0,48,29,5
2026-04-15T16:52:54.590,-11.777,0,Image_229.png,0,48,29,5
2026-04-15T16:52:56.000,-11.766,0,,0,48,29,5
2026-04-15T16:52:56.590,-11.776,0,,0,48,29,5
2026-04-15T16:52:57.590,-11.779,0,,0,48,29,5
2026-04-15T16:52:58.580,-11.775,0,,0,48,29,5
2026-04-15T16:52:59.590,-11.774,0,,0,48,29,5
2026-04-15T16:53:00.590,-11.763,0,,0,48,29,5
2026-04-15T16:53:01.590,-11.752,0,,0,48,29,5
2026-04-15T16:53:02.590,-11.763,0,,0,48,29,5
2026-04-15T16:53:03.590,-11.755,0,,0,48,29,5
2026-04-15T16:53:04.590,-11.750,0,,0,48,29,5
2026-04-15T16:53:05.590,-11.755,0,,0,48,29,5
2026-04-15T16:53:06.590,-11.752,0,,0,48,29,5
2026-04-15T16:53:07.580,-11.749,0,,0,48,29,5
2026-04-15T16:53:08.590,-11.758,0,,0,48,29,5
2026-04-15T16:53:09.580,-11.749,0,,0,48,29,5
2026-04-15T16:53:10.590,-11.747,0,,0,48,29,5
2026-04-15T16:53:11.600,-11.747,0,,0,48,29,5
2026-04-15T16:53:12.690,-11.747,0,,0,48,29,5
2026-04-15T16:53:13.580,-11.752,0,,0,48,29,5
2026-04-15T16:53:14.590,-11.745,0,,0,48,29,5
2026-04-15T16:53:15.600,-11.754,0,,0,48,29,5
2026-04-15T16:53:16.590,-11.747,0,,0,48,29,5
2026-04-15T16:53:17.590,-11.745,0,,0,48,29,5
2026-04-15T16:53:18.580,-11.746,0,,0,48,29,5
2026-04-15T16:53:19.590,-11.735,0,,0,48,29,5
2026-04-15T16:53:20.590,-11.741,0,,0,48,29,5
2026-04-15T16:53:22.200,-11.741,0,,0,48,29,5
2026-04-15T16:53:22.630,-11.735,0,,0,48,29,5
2026-04-15T16:53:23.580,-11.746,0,,0,48,29,5
2026-04-15T16:53:24.590,-11.736,0,,0,48,29,5
2026-04-15T16:53:25.580,-11.740,0,,0,48,29,5
2026-04-15T16:53:26.580,-11.741,0,,0,48,29,5
2026-04-15T16:53:27.580,-11.731,0,,0,48,29,5
2026-04-15T16:53:28.590,-11.737,0,,0,48,29,5
2026-04-15T16:53:29.590,-11.734,0,,0,48,29,5
2026-04-15T16:53:30.590,-11.729,0,,0,48,29,5
2026-04-15T16:53:31.590,-11.731,0,,0,48,29,5
2026-04-15T16:53:32.650,-11.726,0,,0,48,29,5
2026-04-15T16:53:33.590,-11.735,0,,0,48,29,5
2026-04-15T16:53:34.790,-11.741,0,,0,48,29,5
2026-04-15T16:53:35.590,-11.728,0,,0,48,29,5
2026-04-15T16:53:36.660,-11.735,0,,0,48,29,5
2026-04-15T16:53:37.590,-11.728,0,,0,48,29,5
2026-04-15T16:53:38.590,-11.739,0,,0,48,29,5
2026-04-15T16:53:39.590,-11.737,0,,0,48,29,5
2026-04-15T16:53:40.580,-11.737,0,,0,48,29,5
2026-04-15T16:53:41.590,-11.743,0,,0,48,29,5
2026-04-15T16:53:42.580,-11.742,0,,0,48,29,5
2026-04-15T16:53:43.590,-11.747,0,,0,48,29,5
2026-04-15T16:53:44.580,-11.745,0,,0,48,29,5
2026-04-15T16:53:45.580,-11.744,0,,0,48,29,5
2026-04-15T16:53:46.580,-11.752,0,,0,48,29,5
2026-04-15T16:53:47.580,-11.756,0,,0,48,29,5
2026-04-15T16:53:48.580,-11.749,0,,0,48,29,5
2026-04-15T16:53:49.590,-11.763,0,,0,48,29,5
2026-04-15T16:53:50.590,-11.766,0,,0,48,29,5
2026-04-15T16:53:51.590,-11.774,0,,0,48,29,5
2026-04-15T16:53:52.590,-11.753,0,,0,48,29,5
2026-04-15T16:53:53.590,-11.771,0,,0,48,29,5
2026-04-15T16:53:54.590,-11.780,0,,0,48,29,5
2026-04-15T16:53:55.590,-11.783,0,Image_230.png,0,48,29,5
2026-04-15T16:53:57.000,-11.782,0,,0,48,29,5
2026-04-15T16:53:57.600,-11.789,0,,0,48,29,5
2026-04-15T16:53:58.590,-11.780,0,,0,48,29,5
2026-04-15T16:53:59.590,-11.787,0,,0,48,29,5
2026-04-15T16:54:00.590,-11.800,0,,0,48,29,5
2026-04-15T16:54:01.590,-11.784,0,,0,48,29,5
2026-04-15T16:54:02.590,-11.794,0,,0,48,29,5
2026-04-15T16:54:03.590,-11.790,0,,0,48,29,5
2026-04-15T16:54:04.590,-11.804,0,,0,48,29,5
2026-04-15T16:54:05.580,-11.805,0,,0,48,29,5
2026-04-15T16:54:06.720,-11.795,0,,0,48,29,5
2026-04-15T16:54:07.580,-11.799,0,,0,48,29,5
2026-04-15T16:54:08.590,-11.793,0,,0,48,29,5
2026-04-15T16:54:09.590,-11.787,0,,0,48,29,5
2026-04-15T16:54:10.590,-11.781,0,,0,48,29,5
2026-04-15T16:54:11.590,-11.794,0,,0,48,29,5
2026-04-15T16:54:12.610,-11.807,0,,0,48,29,5
2026-04-15T16:54:13.590,-11.788,0,,0,48,29,5
2026-04-15T16:54:14.580,-11.782,0,,0,48,29,5
2026-04-15T16:54:15.580,-11.780,0,,0,48,29,5
2026-04-15T16:54:16.590,-11.790,0,,0,48,29,5
2026-04-15T16:54:17.580,-11.807,0,,0,48,29,5
2026-04-15T16:54:18.590,-11.811,0,,0,48,29,5
2026-04-15T16:54:19.580,-11.799,0,,0,48,29,5
2026-04-15T16:54:20.580,-11.779,0,,0,48,29,5
2026-04-15T16:54:21.580,-11.781,0,,0,48,29,5
2026-04-15T16:54:22.580,-11.776,0,,0,48,29,5
2026-04-15T16:54:23.590,-11.780,0,,0,48,29,5
2026-04-15T16:54:24.580,-11.789,0,,0,48,29,5
2026-04-15T16:54:25.580,-11.801,0,,0,48,29,5
2026-04-15T16:54:26.590,-11.801,0,,0,48,29,5
2026-04-15T16:54:27.590,-11.786,0,,0,48,29,5
2026-04-15T16:54:28.580,-11.787,0,,0,48,29,5
2026-04-15T16:54:29.580,-11.763,0,,0,48,29,5
2026-04-15T16:54:30.590,-11.770,0,,0,48,29,5
2026-04-15T16:54:31.590,-11.760,0,,0,48,29,5
2026-04-15T16:54:32.580,-11.774,0,,0,48,29,5
2026-04-15T16:54:33.580,-11.790,0,,0,48,29,5
2026-04-15T16:54:34.580,-11.772,0,,0,48,29,5
2026-04-15T16:54:35.590,-11.774,0,,0,48,29,5
2026-04-15T16:54:36.580,-11.772,0,,0,48,29,5
2026-04-15T16:54:37.580,-11.786,0,,0,48,29,5
2026-04-15T16:54:38.720,-11.810,0,,0,48,29,5
2026-04-15T16:54:39.580,-11.815,0,,0,48,29,5
2026-04-15T16:54:40.590,-11.801,0,,0,48,29,5
2026-04-15T16:54:41.580,-11.778,0,,0,48,29,5
2026-04-15T16:54:42.590,-11.763,0,,0,48,29,5
2026-04-15T16:54:43.580,-11.753,0,,0,48,29,5
2026-04-15T16:54:44.590,-11.749,0,,0,48,29,5
2026-04-15T16:54:45.580,-11.760,0,,0,48,29,5
2026-04-15T16:54:46.580,-11.768,0,,0,48,29,5
2026-04-15T16:54:47.580,-11.781,0,,0,48,29,5
2026-04-15T16:54:48.750,-11.801,0,,0,48,29,5
2026-04-15T16:54:49.580,-11.799,0,,0,48,29,5
2026-04-15T16:54:50.590,-11.794,0,,0,48,29,5
2026-04-15T16:54:51.580,-11.787,0,,0,48,29,5
2026-04-15T16:54:52.580,-11.787,0,,0,48,29,5
2026-04-15T16:54:53.580,-11.781,0,,0,48,29,5
2026-04-15T16:54:54.580,-11.791,0,,0,48,29,5
2026-04-15T16:54:55.580,-11.819,0,Image_231.png,0,48,29,5
2026-04-15T16:54:57.000,-11.812,0,,0,48,29,5
2026-04-15T16:54:57.590,-11.804,0,,0,48,29,5
2026-04-15T16:54:58.580,-11.792,0,,0,48,29,5
2026-04-15T16:54:59.590,-11.795,0,,0,48,29,5
2026-04-15T16:55:00.600,-11.775,0,,0,48,29,5
2026-04-15T16:55:01.580,-11.756,0,,0,48,29,5
2026-04-15T16:55:02.590,-11.767,0,,0,48,29,5
2026-04-15T16:55:03.590,-11.747,0,,0,48,29,5
2026-04-15T16:55:04.590,-11.751,0,,0,48,29,5
2026-04-15T16:55:05.580,-11.746,0,,0,48,29,5
2026-04-15T16:55:06.730,-11.747,0,,0,48,29,5
2026-04-15T16:55:07.580,-11.757,0,,0,48,29,5
2026-04-15T16:55:08.690,-11.797,0,,0,48,29,5
2026-04-15T16:55:09.590,-11.786,0,,0,48,29,5
2026-04-15T16:55:10.590,-11.782,0,,0,48,29,5
2026-04-15T16:55:11.580,-11.791,0,,0,48,29,5
2026-04-15T16:55:12.580,-11.776,0,,0,48,29,5
2026-04-15T16:55:13.580,-11.772,0,,0,48,29,5
2026-04-15T16:55:14.590,-11.790,0,,0,48,29,5
2026-04-15T16:55:15.580,-11.771,0,,0,48,29,5
2026-04-15T16:55:16.590,-11.786,0,,0,48,29,5
2026-04-15T16:55:17.590,-11.825,0,,0,48,29,5
2026-04-15T16:55:18.600,-11.815,0,,0,48,29,5
2026-04-15T16:55:19.590,-11.827,0,,0,48,29,5
2026-04-15T16:55:20.590,-11.798,0,,0,48,29,5
2026-04-15T16:55:21.580,-11.778,0,,0,48,29,5
2026-04-15T16:55:22.760,-11.769,0,,0,48,29,5
2026-04-15T16:55:23.590,-11.786,0,,0,48,29,5
2026-04-15T16:55:24.590,-11.800,0,,0,48,29,5
2026-04-15T16:55:25.590,-11.799,0,,0,48,29,5
2026-04-15T16:55:26.590,-11.809,0,,0,48,29,5
2026-04-15T16:55:27.590,-11.798,0,,0,48,29,5
2026-04-15T16:55:28.580,-11.785,0,,0,48,29,5
2026-04-15T16:55:29.580,-11.788,0,,0,48,29,5
2026-04-15T16:55:30.590,-11.801,0,,0,48,29,5
2026-04-15T16:55:31.590,-11.804,0,,0,48,29,5
2026-04-15T16:55:32.590,-11.794,0,,0,48,29,5
2026-04-15T16:55:33.600,-11.802,0,,0,48,29,5
2026-04-15T16:55:34.590,-11.786,0,,0,48,29,5
2026-04-15T16:55:35.600,-11.768,0,,0,48,29,5
2026-04-15T16:55:36.720,-11.772,0,,0,48,29,5
2026-04-15T16:55:37.590,-11.780,0,,0,48,29,5
2026-04-15T16:55:38.590,-11.789,0,,0,48,29,5
2026-04-15T16:55:39.590,-11.789,0,,0,48,29,5
2026-04-15T16:55:40.580,-11.774,0,,0,48,29,5
2026-04-15T16:55:41.590,-11.782,0,,0,48,29,5
2026-04-15T16:55:42.610,-11.766,0,,0,48,29,5
2026-04-15T16:55:43.580,-11.774,0,,0,48,29,5
2026-04-15T16:55:44.590,-11.777,0,,0,48,29,5
2026-04-15T16:55:45.580,-11.782,0,,0,48,29,5
2026-04-15T16:55:46.590,-11.783,0,,0,48,29,5
2026-04-15T16:55:47.590,-11.773,0,,0,48,29,5
2026-04-15T16:55:48.680,-11.765,0,,0,48,29,5
2026-04-15T16:55:49.580,-11.761,0,,0,48,29,5
2026-04-15T16:55:50.590,-11.763,0,,0,48,29,5
2026-04-15T16:55:51.580,-11.773,0,,0,48,29,5
2026-04-15T16:55:52.590,-11.781,0,,0,48,29,5
2026-04-15T16:55:53.590,-11.786,0,,0,48,29,5
2026-04-15T16:55:54.590,-11.778,0,,0,48,29,5
2026-04-15T16:55:55.580,-11.767,0,,0,48,29,5
2026-04-15T16:55:56.590,-11.756,0,Image_232.png,0,48,29,5
2026-04-15T16:55:57.970,-11.752,0,,0,48,29,5
2026-04-15T16:55:58.600,-11.767,0,,0,48,29,5
2026-04-15T16:55:59.590,-11.776,0,,0,48,29,5
2026-04-15T16:56:00.590,-11.770,0,,0,48,29,5
2026-04-15T16:56:01.590,-11.768,0,,0,48,29,5
2026-04-15T16:56:02.580,-11.747,0,,0,48,29,5
2026-04-15T16:56:03.590,-11.757,0,,0,48,29,5
2026-04-15T16:56:04.590,-11.748,0,,0,48,29,5
2026-04-15T16:56:05.590,-11.742,0,,0,48,29,5
2026-04-15T16:56:06.590,-11.740,0,,0,48,29,5
2026-04-15T16:56:07.580,-11.742,0,,0,48,29,5
2026-04-15T16:56:08.590,-11.742,0,,0,48,29,5
2026-04-15T16:56:09.590,-11.733,0,,0,48,29,5
2026-04-15T16:56:10.850,-11.726,0,,0,48,29,5
2026-04-15T16:56:11.590,-11.727,0,,0,48,29,5
2026-04-15T16:56:12.600,-11.735,0,,0,48,29,5
2026-04-15T16:56:13.580,-11.729,0,,0,48,29,5
2026-04-15T16:56:15.120,-11.737,0,,0,48,29,5
2026-04-15T16:56:15.590,-11.730,0,,0,48,29,5
2026-04-15T16:56:16.580,-11.727,0,,0,48,29,5
2026-04-15T16:56:17.590,-11.729,0,,0,48,29,5
2026-04-15T16:56:18.590,-11.740,0,,0,48,29,5
2026-04-15T16:56:19.580,-11.728,0,,0,48,29,5
2026-04-15T16:56:21.030,-11.732,0,,0,48,29,5
2026-04-15T16:56:21.600,-11.739,0,,0,48,29,5
2026-04-15T16:56:22.590,-11.738,0,,0,48,29,5
2026-04-15T16:56:23.580,-11.726,0,,0,48,29,5
2026-04-15T16:56:24.600,-11.729,0,,0,48,29,5
2026-04-15T16:56:25.590,-11.744,0,,0,48,29,5
2026-04-15T16:56:26.590,-11.729,0,,0,48,29,5
2026-04-15T16:56:27.590,-11.740,0,,0,48,29,5
2026-04-15T16:56:28.750,-11.739,0,,0,48,29,5
2026-04-15T16:56:29.580,-11.740,0,,0,48,29,5
2026-04-15T16:56:30.590,-11.743,0,,0,48,29,5
2026-04-15T16:56:31.580,-11.745,0,,0,48,29,5
2026-04-15T16:56:32.580,-11.750,0,,0,48,29,5
2026-04-15T16:56:33.580,-11.745,0,,0,48,29,5
2026-04-15T16:56:34.580,-11.743,0,,0,48,29,5
2026-04-15T16:56:35.580,-11.737,0,,0,48,29,5
2026-04-15T16:56:36.580,-11.735,0,,0,48,29,5
2026-04-15T16:56:37.580,-11.740,0,,0,48,29,5
2026-04-15T16:56:38.580,-11.750,0,,0,48,29,5
2026-04-15T16:56:39.580,-11.732,0,,0,48,29,5
2026-04-15T16:56:40.580,-11.732,0,,0,48,29,5
2026-04-15T16:56:41.580,-11.744,0,,0,48,29,5
2026-04-15T16:56:42.780,-11.711,0,,0,48,29,5
2026-04-15T16:56:43.580,-11.709,0,,0,48,29,5
2026-04-15T16:56:44.590,-11.725,0,,0,48,29,5
2026-04-15T16:56:45.590,-11.730,0,,0,48,29,5
2026-04-15T16:56:46.590,-11.727,0,,0,48,29,5
2026-04-15T16:56:47.580,-11.751,0,,0,48,29,5
2026-04-15T16:56:48.590,-11.747,0,,0,48,29,5
2026-04-15T16:56:49.590,-11.746,0,,0,48,29,5
2026-04-15T16:56:50.580,-11.747,0,,0,48,29,5
2026-04-15T16:56:51.600,-11.729,0,,0,48,29,5
2026-04-15T16:56:52.580,-11.706,0,,0,48,29,5
2026-04-15T16:56:53.580,-11.707,0,,0,48,29,5
2026-04-15T16:56:54.590,-11.706,0,,0,48,29,5
2026-04-15T16:56:55.590,-11.728,0,,0,48,29,5
2026-04-15T16:56:56.590,-11.731,0,Image_233.png,0,48,29,5
2026-04-15T16:56:57.980,-11.724,0,,0,48,29,5
2026-04-15T16:56:58.580,-11.716,0,,0,48,29,5
2026-04-15T16:56:59.590,-11.720,0,,0,48,29,5
2026-04-15T16:57:00.590,-11.719,0,,0,48,29,5
2026-04-15T16:57:01.580,-11.716,0,,0,48,29,5
2026-04-15T16:57:02.590,-11.736,0,,0,48,29,5
2026-04-15T16:57:03.600,-11.723,0,,0,48,29,5
2026-04-15T16:57:04.580,-11.715,0,,0,48,29,5
2026-04-15T16:57:05.580,-11.724,0,,0,48,29,5
2026-04-15T16:57:06.590,-11.723,0,,0,48,29,5
2026-04-15T16:57:07.590,-11.738,0,,0,48,29,5
2026-04-15T16:57:08.580,-11.737,0,,0,48,29,5
2026-04-15T16:57:09.590,-11.755,0,,0,48,29,5
2026-04-15T16:57:10.590,-11.720,0,,0,48,29,5
2026-04-15T16:57:11.590,-11.719,0,,0,48,29,5
2026-04-15T16:57:12.580,-11.731,0,,0,48,29,5
2026-04-15T16:57:13.580,-11.747,0,,0,48,29,5
2026-04-15T16:57:14.590,-11.728,0,,0,48,29,5
2026-04-15T16:57:15.590,-11.742,0,,0,48,29,5
2026-04-15T16:57:16.590,-11.725,0,,0,48,29,5
2026-04-15T16:57:17.580,-11.703,0,,0,48,29,5
2026-04-15T16:57:18.580,-11.699,0,,0,48,29,5
2026-04-15T16:57:19.590,-11.693,0,,0,48,29,5
2026-04-15T16:57:20.730,-11.698,0,,0,48,29,5
2026-04-15T16:57:21.590,-11.695,0,,0,48,29,5
2026-04-15T16:57:22.840,-11.704,0,,0,48,29,5
2026-04-15T16:57:23.590,-11.722,0,,0,48,29,5
2026-04-15T16:57:24.610,-11.726,0,,0,48,29,5
2026-04-15T16:57:25.580,-11.727,0,,0,48,29,5
2026-04-15T16:57:26.690,-11.746,0,,0,48,29,5
2026-04-15T16:57:27.580,-11.739,0,,0,48,29,5
2026-04-15T16:57:28.730,-11.744,0,,0,48,29,5
2026-04-15T16:57:29.590,-11.719,0,,0,48,29,5
2026-04-15T16:57:30.600,-11.736,0,,0,48,29,5
2026-04-15T16:57:31.590,-11.714,0,,0,48,29,5
2026-04-15T16:57:32.580,-11.717,0,,0,48,29,5
2026-04-15T16:57:33.590,-11.720,0,,0,48,29,5
2026-04-15T16:57:34.580,-11.715,0,,0,48,29,5
2026-04-15T16:57:35.590,-11.723,0,,0,48,29,5
2026-04-15T16:57:36.590,-11.723,0,,0,48,29,5
2026-04-15T16:57:37.590,-11.747,0,,0,48,29,5
2026-04-15T16:57:38.590,-11.747,0,,0,48,29,5
2026-04-15T16:57:39.590,-11.730,0,,0,48,29,5
2026-04-15T16:57:40.730,-11.725,0,,0,48,29,5
2026-04-15T16:57:41.590,-11.715,0,,0,48,29,5
2026-04-15T16:57:42.580,-11.707,0,,0,48,29,5
2026-04-15T16:57:43.590,-11.732,0,,0,48,29,5
2026-04-15T16:57:44.590,-11.737,0,,0,48,29,5
2026-04-15T16:57:45.600,-11.733,0,,0,48,29,5
2026-04-15T16:57:46.580,-11.738,0,,0,48,29,5
2026-04-15T16:57:47.590,-11.739,0,,0,48,29,5
2026-04-15T16:57:48.590,-11.726,0,,0,48,29,5
2026-04-15T16:57:49.580,-11.741,0,,0,48,29,5
2026-04-15T16:57:50.590,-11.709,0,,0,48,29,5
2026-04-15T16:57:51.590,-11.720,0,,0,48,29,5
2026-04-15T16:57:52.590,-11.703,0,,0,48,29,5
2026-04-15T16:57:53.590,-11.684,0,,0,48,29,5
2026-04-15T16:57:54.590,-11.689,0,,0,48,29,5
2026-04-15T16:57:55.590,-11.657,0,,0,48,29,5
2026-04-15T16:57:56.590,-11.673,0,,0,48,29,5
2026-04-15T16:57:57.590,-11.690,0,Image_234.png,0,48,29,5
2026-04-15T16:57:58.980,-11.704,0,,0,48,29,5
2026-04-15T16:57:59.580,-11.716,0,,0,48,29,5
2026-04-15T16:58:00.600,-11.702,0,,0,48,29,5
2026-04-15T16:58:01.580,-11.702,0,,0,48,29,5
2026-04-15T16:58:02.590,-11.692,0,,0,48,29,5
2026-04-15T16:58:03.600,-11.682,0,,0,48,29,5
2026-04-15T16:58:04.580,-11.696,0,,0,48,29,5
2026-04-15T16:58:05.580,-11.697,0,,0,48,29,5
2026-04-15T16:58:06.610,-11.705,0,,0,48,29,5
2026-04-15T16:58:07.580,-11.689,0,,0,48,29,5
2026-04-15T16:58:08.590,-11.684,0,,0,48,29,5
2026-04-15T16:58:09.600,-11.680,0,,0,48,29,5
2026-04-15T16:58:10.590,-11.698,0,,0,48,29,5
2026-04-15T16:58:11.580,-11.702,0,,0,48,29,5
2026-04-15T16:58:12.590,-11.693,0,,0,48,29,5
2026-04-15T16:58:13.580,-11.699,0,,0,48,29,5
2026-04-15T16:58:14.590,-11.704,0,,0,48,29,5
2026-04-15T16:58:15.590,-11.715,0,,0,48,29,5
2026-04-15T16:58:16.580,-11.710,0,,0,48,29,5
2026-04-15T16:58:17.580,-11.709,0,,0,48,29,5
2026-04-15T16:58:18.580,-11.713,0,,0,48,29,5
2026-04-15T16:58:19.580,-11.705,0,,0,48,29,5
2026-04-15T16:58:20.590,-11.709,0,,0,48,29,5
2026-04-15T16:58:21.600,-11.710,0,,0,48,29,5
2026-04-15T16:58:22.860,-11.704,0,,0,48,29,5
2026-04-15T16:58:23.590,-11.695,0,,0,48,29,5
2026-04-15T16:58:24.600,-11.706,0,,0,48,29,5
2026-04-15T16:58:25.580,-11.713,0,,0,48,29,5
2026-04-15T16:58:26.590,-11.705,0,,0,48,29,5
2026-04-15T16:58:27.590,-11.705,0,,0,48,29,5
2026-04-15T16:58:28.580,-11.693,0,,0,48,29,5
2026-04-15T16:58:29.590,-11.708,0,,0,48,29,5
2026-04-15T16:58:30.590,-11.709,0,,0,48,29,5
2026-04-15T16:58:31.580,-11.695,0,,0,48,29,5
2026-04-15T16:58:32.580,-11.700,0,,0,48,29,5
2026-04-15T16:58:33.580,-11.703,0,,0,48,29,5
2026-04-15T16:58:34.590,-11.706,0,,0,48,29,5
2026-04-15T16:58:35.590,-11.700,0,,0,48,29,5
2026-04-15T16:58:36.590,-11.701,0,,0,48,29,5
2026-04-15T16:58:37.590,-11.695,0,,0,48,29,5
2026-04-15T16:58:38.590,-11.691,0,,0,48,29,5
2026-04-15T16:58:39.590,-11.700,0,,0,48,29,5
2026-04-15T16:58:40.580,-11.694,0,,0,48,29,5
2026-04-15T16:58:41.590,-11.698,0,,0,48,29,5
2026-04-15T16:58:42.680,-11.699,0,,0,48,29,5
2026-04-15T16:58:43.590,-11.686,0,,0,48,29,5
2026-04-15T16:58:44.740,-11.689,0,,0,48,29,5
2026-04-15T16:58:45.600,-11.697,0,,0,48,29,5
2026-04-15T16:58:46.590,-11.688,0,,0,48,29,5
2026-04-15T16:58:47.590,-11.689,0,,0,48,29,5
2026-04-15T16:58:48.590,-11.693,0,,0,48,29,5
2026-04-15T16:58:49.590,-11.686,0,,0,48,29,5
2026-04-15T16:58:50.620,-11.677,0,,0,48,29,5
2026-04-15T16:58:51.580,-11.688,0,,0,48,29,5
2026-04-15T16:58:52.590,-11.680,0,,0,48,29,5
2026-04-15T16:58:53.580,-11.670,0,,0,48,29,5
2026-04-15T16:58:54.590,-11.667,0,,0,48,29,5
2026-04-15T16:58:55.580,-11.673,0,,0,48,29,5
2026-04-15T16:58:56.590,-11.653,0,,0,48,29,5
2026-04-15T16:58:57.580,-11.666,0,,0,48,29,5
2026-04-15T16:58:58.580,-11.663,0,Image_235.png,0,48,29,5
2026-04-15T16:59:00.000,-11.663,0,,0,48,29,5
2026-04-15T16:59:00.580,-11.664,0,,0,48,29,5
2026-04-15T16:59:01.590,-11.657,0,,0,48,29,5
2026-04-15T16:59:02.590,-11.645,0,,0,48,29,5
2026-04-15T16:59:03.590,-11.642,0,,0,48,29,5
2026-04-15T16:59:04.590,-11.657,0,,0,48,29,5
2026-04-15T16:59:05.590,-11.646,0,,0,48,29,5
2026-04-15T16:59:06.580,-11.662,0,,0,48,29,5
2026-04-15T16:59:07.590,-11.641,0,,0,48,29,5
2026-04-15T16:59:08.800,-11.648,0,,0,48,29,5
2026-04-15T16:59:09.580,-11.649,0,,0,48,29,5
2026-04-15T16:59:10.580,-11.646,0,,0,48,29,5
2026-04-15T16:59:11.590,-11.651,0,,0,48,29,5
2026-04-15T16:59:12.580,-11.651,0,,0,48,29,5
2026-04-15T16:59:13.590,-11.664,0,,0,48,29,5
2026-04-15T16:59:14.590,-11.657,0,,0,48,29,5
2026-04-15T16:59:15.590,-11.653,0,,0,48,29,5
2026-04-15T16:59:16.590,-11.668,0,,0,48,29,5
2026-04-15T16:59:17.580,-11.677,0,,0,48,29,5
2026-04-15T16:59:18.580,-11.667,0,,0,48,29,5
2026-04-15T16:59:19.580,-11.659,0,,0,48,29,5
2026-04-15T16:59:20.580,-11.640,0,,0,48,29,5
2026-04-15T16:59:21.580,-11.633,0,,0,48,29,5
2026-04-15T16:59:22.580,-11.653,0,,0,48,29,5
2026-04-15T16:59:23.590,-11.636,0,,0,48,29,5
2026-04-15T16:59:24.770,-11.654,0,,0,48,29,5
2026-04-15T16:59:25.580,-11.665,0,,0,48,29,5
2026-04-15T16:59:26.590,-11.663,0,,0,48,29,5
2026-04-15T16:59:27.590,-11.676,0,,0,48,29,5
2026-04-15T16:59:28.630,-11.668,0,,0,48,29,5
2026-04-15T16:59:29.580,-11.652,0,,0,48,29,5
2026-04-15T16:59:30.750,-11.670,0,,0,48,29,5
2026-04-15T16:59:31.580,-11.674,0,,0,48,29,5
2026-04-15T16:59:33.020,-11.668,0,,0,48,29,5
2026-04-15T16:59:33.580,-11.667,0,,0,48,29,5
2026-04-15T16:59:34.580,-11.657,0,,0,48,29,5
2026-04-15T16:59:35.580,-11.665,0,,0,48,29,5
2026-04-15T16:59:36.580,-11.661,0,,0,48,29,5
2026-04-15T16:59:37.580,-11.661,0,,0,48,29,5
2026-04-15T16:59:38.900,-11.643,0,,0,48,29,5
2026-04-15T16:59:39.590,-11.636,0,,0,48,29,5
2026-04-15T16:59:40.580,-11.633,0,,0,48,29,5
2026-04-15T16:59:41.590,-11.645,0,,0,48,29,5
2026-04-15T16:59:42.720,-11.645,0,,0,48,29,5
2026-04-15T16:59:43.590,-11.639,0,,0,48,29,5
2026-04-15T16:59:44.590,-11.635,0,,0,48,29,5
2026-04-15T16:59:45.590,-11.660,0,,0,48,29,5
2026-04-15T16:59:46.580,-11.655,0,,0,48,29,5
2026-04-15T16:59:47.590,-11.663,0,,0,48,29,5
2026-04-15T16:59:48.580,-11.671,0,,0,48,29,5
2026-04-15T16:59:49.580,-11.664,0,,0,48,29,5
2026-04-15T16:59:50.710,-11.651,0,,0,48,29,5
2026-04-15T16:59:51.580,-11.656,0,,0,48,29,5
2026-04-15T16:59:52.590,-11.633,0,,0,48,29,5
2026-04-15T16:59:53.590,-11.637,0,,0,48,30,5
2026-04-15T16:59:54.580,-11.643,0,,0,48,30,5
2026-04-15T16:59:55.590,-11.646,0,,0,48,30,5
2026-04-15T16:59:56.590,-11.655,0,,0,48,30,5
2026-04-15T16:59:57.590,-11.671,0,,0,48,30,5
2026-04-15T16:59:58.590,-11.672,0,,0,48,30,5
2026-04-15T16:59:59.590,-11.654,0,Image_236.png,0,48,30,5
2026-04-15T17:00:01.000,-11.658,0,,0,48,30,5
2026-04-15T17:00:01.580,-11.659,0,,0,48,30,5
2026-04-15T17:00:02.580,-11.652,0,,0,48,30,5
2026-04-15T17:00:03.590,-11.653,0,,0,48,30,5
2026-04-15T17:00:04.580,-11.647,0,,0,48,30,5
2026-04-15T17:00:05.580,-11.641,0,,0,48,30,5
2026-04-15T17:00:06.600,-11.660,0,,0,48,30,5
2026-04-15T17:00:07.590,-11.644,0,,0,48,30,5
2026-04-15T17:00:08.590,-11.641,0,,0,48,30,5
2026-04-15T17:00:09.580,-11.630,0,,0,48,30,5
2026-04-15T17:00:10.590,-11.628,0,,0,48,30,5
2026-04-15T17:00:11.590,-11.632,0,,0,48,30,5
2026-04-15T17:00:12.590,-11.637,0,,0,48,30,5
2026-04-15T17:00:13.600,-11.630,0,,0,48,30,5
2026-04-15T17:00:14.590,-11.634,0,,0,48,30,5
2026-04-15T17:00:15.590,-11.627,0,,0,48,30,5
2026-04-15T17:00:16.590,-11.636,0,,0,48,30,5
2026-04-15T17:00:17.590,-11.613,0,,0,48,30,5
2026-04-15T17:00:18.590,-11.612,0,,0,48,30,5
2026-04-15T17:00:19.580,-11.622,0,,0,48,30,5
2026-04-15T17:00:20.580,-11.617,0,,0,48,30,5
2026-04-15T17:00:21.580,-11.622,0,,0,48,30,5
2026-04-15T17:00:22.590,-11.619,0,,0,48,30,5
2026-04-15T17:00:23.580,-11.636,0,,0,48,30,5
2026-04-15T17:00:24.590,-11.627,0,,0,48,30,5
2026-04-15T17:00:25.580,-11.620,0,,0,48,30,5
2026-04-15T17:00:26.580,-11.648,0,,0,48,30,5
2026-04-15T17:00:27.580,-11.621,0,,0,48,30,5
2026-04-15T17:00:28.590,-11.622,0,,0,48,30,5
2026-04-15T17:00:29.590,-11.623,0,,0,48,30,5
2026-04-15T17:00:30.600,-11.612,0,,0,48,30,5
2026-04-15T17:00:31.580,-11.601,0,,0,48,30,5
2026-04-15T17:00:32.590,-11.600,0,,0,48,30,5
2026-04-15T17:00:33.580,-11.608,0,,0,48,30,5
2026-04-15T17:00:34.590,-11.626,0,,0,48,30,5
2026-04-15T17:00:35.580,-11.629,0,,0,48,30,5
2026-04-15T17:00:36.590,-11.636,0,,0,48,30,5
2026-04-15T17:00:37.590,-11.622,0,,0,48,30,5
2026-04-15T17:00:38.590,-11.616,0,,0,48,30,5
2026-04-15T17:00:39.580,-11.613,0,,0,48,30,5
2026-04-15T17:00:40.580,-11.616,0,,0,48,30,5
2026-04-15T17:00:41.590,-11.602,0,,0,48,30,5
2026-04-15T17:00:42.590,-11.580,0,,0,48,30,5
2026-04-15T17:00:43.580,-11.592,0,,0,48,30,5
2026-04-15T17:00:44.820,-11.615,0,,0,48,30,5
2026-04-15T17:00:45.580,-11.614,0,,0,48,30,5
2026-04-15T17:00:46.590,-11.632,0,,0,48,30,5
2026-04-15T17:00:47.580,-11.632,0,,0,48,30,5
2026-04-15T17:00:48.580,-11.610,0,,0,48,30,5
2026-04-15T17:00:49.590,-11.612,0,,0,48,30,5
2026-04-15T17:00:50.600,-11.605,0,,0,48,30,5
2026-04-15T17:00:51.590,-11.605,0,,0,48,30,5
2026-04-15T17:00:53.870,-11.623,0,,0,48,30,5
2026-04-15T17:00:54.580,-11.617,0,,0,48,30,5
2026-04-15T17:00:55.580,-11.616,0,,0,48,30,5
2026-04-15T17:00:56.590,-11.626,0,,0,48,30,5
2026-04-15T17:00:57.580,-11.621,0,,0,48,30,5
2026-04-15T17:00:59.160,-11.607,0,,0,48,30,5
2026-04-15T17:00:59.580,-11.610,0,,0,48,30,5
2026-04-15T17:01:00.960,-11.609,0,Image_237.png,0,48,30,5
2026-04-15T17:01:02.010,-11.610,0,,0,48,30,5
2026-04-15T17:01:02.590,-11.613,0,,0,48,30,5
2026-04-15T17:01:03.580,-11.620,0,,0,48,30,5
2026-04-15T17:01:04.580,-11.600,0,,0,48,30,5
2026-04-15T17:01:05.590,-11.601,0,,0,48,30,5
2026-04-15T17:01:06.600,-11.597,0,,0,48,30,5
2026-04-15T17:01:07.580,-11.591,0,,0,48,30,5
2026-04-15T17:01:08.590,-11.594,0,,0,48,30,5
2026-04-15T17:01:09.590,-11.600,0,,0,48,30,5
2026-04-15T17:01:10.590,-11.594,0,,0,48,30,5
2026-04-15T17:01:11.590,-11.582,0,,0,48,30,5
2026-04-15T17:01:12.910,-11.584,0,,0,48,30,5
2026-04-15T17:01:13.580,-11.597,0,,0,48,30,5
2026-04-15T17:01:14.590,-11.587,0,,0,48,30,5
2026-04-15T17:01:15.580,-11.578,0,,0,48,30,5
2026-04-15T17:01:16.580,-11.588,0,,0,48,30,5
2026-04-15T17:01:17.590,-11.587,0,,0,48,30,5
2026-04-15T17:01:18.960,-11.585,0,,0,48,30,5
2026-04-15T17:01:19.580,-11.588,0,,0,48,30,5
2026-04-15T17:01:20.590,-11.595,0,,0,48,30,5
2026-04-15T17:01:21.580,-11.578,0,,0,48,30,5
2026-04-15T17:01:22.580,-11.580,0,,0,48,30,5
2026-04-15T17:01:23.580,-11.580,0,,0,48,30,5
2026-04-15T17:01:24.590,-11.594,0,,0,48,30,5
2026-04-15T17:01:25.580,-11.579,0,,0,48,30,5
2026-04-15T17:01:26.590,-11.592,0,,0,48,30,5
2026-04-15T17:01:27.600,-11.594,0,,0,48,30,5
2026-04-15T17:01:28.590,-11.600,0,,0,48,30,5
2026-04-15T17:01:29.590,-11.612,0,,0,48,30,5
2026-04-15T17:01:30.590,-11.590,0,,0,48,30,5
2026-04-15T17:01:31.580,-11.592,0,,0,48,30,5
2026-04-15T17:01:32.720,-11.596,0,,0,48,30,5
2026-04-15T17:01:33.590,-11.580,0,,0,48,30,5
2026-04-15T17:01:34.580,-11.566,0,,0,48,30,5
2026-04-15T17:01:35.580,-11.568,0,,0,48,30,5
2026-04-15T17:01:36.630,-11.572,0,,0,48,30,5
2026-04-15T17:01:37.590,-11.577,0,,0,48,30,5
2026-04-15T17:01:38.590,-11.586,0,,0,48,30,5
2026-04-15T17:01:39.600,-11.568,0,,0,48,30,5
2026-04-15T17:01:40.590,-11.579,0,,0,48,30,5
2026-04-15T17:01:41.590,-11.595,0,,0,48,30,5
2026-04-15T17:01:42.590,-11.604,0,,0,48,30,5
2026-04-15T17:01:43.580,-11.606,0,,0,48,30,5
2026-04-15T17:01:44.590,-11.587,0,,0,48,30,5
2026-04-15T17:01:45.600,-11.613,0,,0,48,30,5
2026-04-15T17:01:46.580,-11.606,0,,0,48,30,5
2026-04-15T17:01:47.580,-11.618,0,,0,48,30,5
2026-04-15T17:01:48.590,-11.639,0,,0,48,30,5
2026-04-15T17:01:49.580,-11.625,0,,0,48,30,5
2026-04-15T17:01:50.730,-11.628,0,,0,48,30,5
2026-04-15T17:01:51.580,-11.626,0,,0,48,30,5
2026-04-15T17:01:52.590,-11.617,0,,0,48,30,5
2026-04-15T17:01:53.590,-11.621,0,,0,48,30,5
2026-04-15T17:01:54.590,-11.603,0,,0,48,30,5
2026-04-15T17:01:55.590,-11.604,0,,0,48,30,5
2026-04-15T17:01:56.590,-11.602,0,,0,48,30,5
2026-04-15T17:01:57.590,-11.591,0,,0,48,30,5
2026-04-15T17:01:58.600,-11.611,0,,0,48,30,5
2026-04-15T17:01:59.590,-11.615,0,,0,48,30,5
2026-04-15T17:02:00.590,-11.607,0,,0,48,30,5
2026-04-15T17:02:01.580,-11.611,0,Image_238.png,0,48,30,5
2026-04-15T17:02:02.970,-11.610,0,,0,48,30,5
2026-04-15T17:02:03.590,-11.603,0,,0,48,30,5
2026-04-15T17:02:04.580,-11.612,0,,0,48,30,5
2026-04-15T17:02:05.590,-11.602,0,,0,48,30,5
2026-04-15T17:02:06.600,-11.595,0,,0,48,30,5
2026-04-15T17:02:07.580,-11.603,0,,0,48,30,5
2026-04-15T17:02:08.580,-11.600,0,,0,48,30,5
2026-04-15T17:02:09.590,-11.591,0,,0,48,30,5
2026-04-15T17:02:10.580,-11.597,0,,0,48,30,5
2026-04-15T17:02:11.580,-11.601,0,,0,48,30,5
2026-04-15T17:02:12.580,-11.597,0,,0,48,30,5
2026-04-15T17:02:13.580,-11.595,0,,0,48,30,5
2026-04-15T17:02:14.580,-11.585,0,,0,48,30,5
2026-04-15T17:02:15.580,-11.591,0,,0,48,30,5
2026-04-15T17:02:16.580,-11.597,0,,0,48,30,5
2026-04-15T17:02:17.590,-11.610,0,,0,48,30,5
2026-04-15T17:02:18.580,-11.597,0,,0,48,30,5
2026-04-15T17:02:19.590,-11.594,0,,0,48,30,5
2026-04-15T17:02:20.750,-11.583,0,,0,48,30,5
2026-04-15T17:02:21.580,-11.593,0,,0,48,30,5
2026-04-15T17:02:22.580,-11.606,0,,0,48,30,5
2026-04-15T17:02:23.580,-11.599,0,,0,48,30,5
2026-04-15T17:02:24.580,-11.608,0,,0,48,30,5
2026-04-15T17:02:25.580,-11.588,0,,0,48,30,5
2026-04-15T17:02:27.090,-11.601,0,,0,48,30,5
2026-04-15T17:02:27.590,-11.624,0,,0,48,30,5
2026-04-15T17:02:28.590,-11.597,0,,0,48,30,5
2026-04-15T17:02:29.590,-11.589,0,,0,48,30,5
2026-04-15T17:02:30.590,-11.585,0,,0,48,30,5
2026-04-15T17:02:31.590,-11.550,0,,0,48,30,5
2026-04-15T17:02:32.580,-11.563,0,,0,48,30,5
2026-04-15T17:02:33.590,-11.547,0,,0,48,30,5
2026-04-15T17:02:34.580,-11.556,0,,0,48,30,5
2026-04-15T17:02:35.580,-11.541,0,,0,48,30,5
2026-04-15T17:02:36.590,-11.552,0,,0,48,30,5
2026-04-15T17:02:37.580,-11.543,0,,0,48,30,5
2026-04-15T17:02:38.590,-11.542,0,,0,48,30,5
2026-04-15T17:02:39.590,-11.530,0,,0,48,30,5
2026-04-15T17:02:40.580,-11.539,0,,0,48,30,5
2026-04-15T17:02:41.590,-11.554,0,,0,48,30,5
2026-04-15T17:02:42.600,-11.555,0,,0,48,30,5
2026-04-15T17:02:43.590,-11.565,0,,0,48,30,5
2026-04-15T17:02:44.580,-11.582,0,,0,48,30,5
2026-04-15T17:02:45.590,-11.590,0,,0,48,30,5
2026-04-15T17:02:46.580,-11.602,0,,0,48,30,5
2026-04-15T17:02:47.580,-11.597,0,,0,48,30,5
2026-04-15T17:02:48.590,-11.602,0,,0,48,30,5
2026-04-15T17:02:49.580,-11.583,0,,0,48,30,5
2026-04-15T17:02:50.580,-11.585,0,,0,48,30,5
2026-04-15T17:02:51.580,-11.565,0,,0,48,30,5
2026-04-15T17:02:52.590,-11.560,0,,0,48,30,5
2026-04-15T17:02:53.590,-11.572,0,,0,48,30,5
2026-04-15T17:02:54.580,-11.569,0,,0,48,30,5
2026-04-15T17:02:55.580,-11.574,0,,0,48,30,5
2026-04-15T17:02:56.580,-11.575,0,,0,48,30,5
2026-04-15T17:02:57.580,-11.556,0,,0,48,30,5
2026-04-15T17:02:58.590,-11.550,0,,0,48,30,5
2026-04-15T17:02:59.580,-11.545,0,,0,48,30,5
2026-04-15T17:03:00.580,-11.523,0,,0,48,30,5
2026-04-15T17:03:01.590,-11.531,0,Image_239.png,0,48,30,5
2026-04-15T17:03:02.980,-11.552,0,,0,48,30,5
2026-04-15T17:03:03.600,-11.539,0,,0,48,30,5
2026-04-15T17:03:04.580,-11.560,0,,0,48,30,5
2026-04-15T17:03:05.580,-11.578,0,,0,48,30,5
2026-04-15T17:03:06.590,-11.584,0,,0,48,30,5
2026-04-15T17:03:07.590,-11.565,0,,0,48,30,5
2026-04-15T17:03:08.590,-11.557,0,,0,48,30,5
2026-04-15T17:03:09.600,-11.558,0,,0,48,30,5
2026-04-15T17:03:10.590,-11.557,0,,0,48,30,5
2026-04-15T17:03:11.590,-11.557,0,,0,48,30,5
2026-04-15T17:03:12.590,-11.556,0,,0,48,30,5
2026-04-15T17:03:13.590,-11.559,0,,0,48,30,5
2026-04-15T17:03:14.580,-11.555,0,,0,48,30,5
2026-04-15T17:03:15.590,-11.546,0,,0,48,30,5
2026-04-15T17:03:16.590,-11.557,0,,0,48,30,5
2026-04-15T17:03:17.590,-11.551,0,,0,48,30,5
2026-04-15T17:03:18.580,-11.552,0,,0,48,30,5
2026-04-15T17:03:19.580,-11.548,0,,0,48,30,5
2026-04-15T17:03:20.590,-11.544,0,,0,48,30,5
2026-04-15T17:03:21.590,-11.552,0,,0,48,30,5
2026-04-15T17:03:22.580,-11.570,0,,0,48,30,5
2026-04-15T17:03:23.590,-11.564,0,,0,48,30,5
2026-04-15T17:03:24.790,-11.584,0,,0,48,30,5
2026-04-15T17:03:25.590,-11.580,0,,0,48,30,5
2026-04-15T17:03:26.750,-11.578,0,,0,48,30,5
2026-04-15T17:03:27.590,-11.572,0,,0,48,30,5
2026-04-15T17:03:28.580,-11.552,0,,0,48,30,5
2026-04-15T17:03:29.580,-11.559,0,,0,48,30,5
2026-04-15T17:03:30.580,-11.543,0,,0,48,30,5
2026-04-15T17:03:31.580,-11.541,0,,0,48,30,5
2026-04-15T17:03:32.590,-11.540,0,,0,48,30,5
2026-04-15T17:03:33.610,-11.540,0,,0,48,30,5
2026-04-15T17:03:34.590,-11.531,0,,0,48,30,5
2026-04-15T17:03:35.590,-11.544,0,,0,48,30,5
2026-04-15T17:03:36.590,-11.535,0,,0,48,30,5
2026-04-15T17:03:37.590,-11.528,0,,0,48,30,5
2026-04-15T17:03:38.750,-11.530,0,,0,48,30,5
2026-04-15T17:03:39.580,-11.530,0,,0,48,30,5
2026-04-15T17:03:40.590,-11.540,0,,0,48,30,5
2026-04-15T17:03:41.590,-11.538,0,,0,48,30,5
2026-04-15T17:03:42.670,-11.539,0,,0,48,30,5
2026-04-15T17:03:43.590,-11.541,0,,0,48,30,5
2026-04-15T17:03:44.590,-11.528,0,,0,48,30,5
2026-04-15T17:03:45.590,-11.544,0,,0,48,30,5
2026-04-15T17:03:46.580,-11.536,0,,0,48,30,5
2026-04-15T17:03:47.590,-11.542,0,,0,48,30,5
2026-04-15T17:03:48.580,-11.528,0,,0,48,30,5
2026-04-15T17:03:49.590,-11.545,0,,0,48,30,5
2026-04-15T17:03:50.580,-11.525,0,,0,48,30,5
2026-04-15T17:03:51.580,-11.539,0,,0,48,30,5
2026-04-15T17:03:52.610,-11.548,0,,0,48,30,5
2026-04-15T17:03:53.590,-11.554,0,,0,48,30,5
2026-04-15T17:03:54.590,-11.570,0,,0,48,30,5
2026-04-15T17:03:55.590,-11.571,0,,0,48,30,5
2026-04-15T17:03:56.590,-11.569,0,,0,48,30,5
2026-04-15T17:03:57.580,-11.565,0,,0,48,30,5
2026-04-15T17:03:58.580,-11.561,0,,0,48,30,5
2026-04-15T17:03:59.590,-11.577,0,,0,48,30,5
2026-04-15T17:04:00.590,-11.576,0,,0,48,30,5
2026-04-15T17:04:01.590,-11.607,0,,0,48,30,5
2026-04-15T17:04:02.600,-11.599,0,Image_240.png,0,48,30,5
2026-04-15T17:04:03.980,-11.588,0,,0,48,30,5
2026-04-15T17:04:04.580,-11.595,0,,0,48,30,5
2026-04-15T17:04:05.590,-11.575,0,,0,48,30,5
2026-04-15T17:04:06.590,-11.568,0,,0,48,30,5
2026-04-15T17:04:07.580,-11.565,0,,0,48,30,5
2026-04-15T17:04:08.590,-11.564,0,,0,48,30,5
2026-04-15T17:04:09.580,-11.585,0,,0,48,30,5
2026-04-15T17:04:10.580,-11.583,0,,0,48,30,5
2026-04-15T17:04:11.580,-11.581,0,,0,48,30,5
2026-04-15T17:04:12.600,-11.578,0,,0,48,30,5
2026-04-15T17:04:13.580,-11.579,0,,0,48,30,5
2026-04-15T17:04:14.580,-11.587,0,,0,48,30,5
2026-04-15T17:04:15.580,-11.574,0,,0,48,30,5
2026-04-15T17:04:16.590,-11.583,0,,0,48,30,5
2026-04-15T17:04:17.580,-11.569,0,,0,48,30,5
2026-04-15T17:04:18.890,-11.574,0,,0,48,30,5
2026-04-15T17:04:19.590,-11.578,0,,0,48,30,5
2026-04-15T17:04:20.590,-11.575,0,,0,48,30,5
2026-04-15T17:04:21.580,-11.564,0,,0,48,30,5
2026-04-15T17:04:22.590,-11.579,0,,0,48,30,5
2026-04-15T17:04:23.590,-11.566,0,,0,48,30,5
2026-04-15T17:04:24.590,-11.566,0,,0,48,30,5
2026-04-15T17:04:25.580,-11.571,0,,0,48,30,5
2026-04-15T17:04:26.590,-11.566,0,,0,48,30,5
2026-04-15T17:04:27.590,-11.563,0,,0,48,30,5
2026-04-15T17:04:28.590,-11.566,0,,0,48,30,5
2026-04-15T17:04:29.590,-11.572,0,,0,48,30,5
2026-04-15T17:04:30.590,-11.583,0,,0,48,30,5
2026-04-15T17:04:31.590,-11.582,0,,0,48,30,5
2026-04-15T17:04:32.590,-11.575,0,,0,48,30,5
2026-04-15T17:04:33.590,-11.570,0,,0,48,30,5
2026-04-15T17:04:34.580,-11.557,0,,0,48,30,5
2026-04-15T17:04:35.590,-11.554,0,,0,48,30,5
2026-04-15T17:04:36.580,-11.557,0,,0,48,30,5
2026-04-15T17:04:37.580,-11.556,0,,0,48,30,5
2026-04-15T17:04:38.590,-11.542,0,,0,48,30,5
2026-04-15T17:04:39.580,-11.567,0,,0,48,30,5
2026-04-15T17:04:40.580,-11.566,0,,0,48,30,5
2026-04-15T17:04:41.590,-11.552,0,,0,48,30,5
2026-04-15T17:04:42.580,-11.563,0,,0,48,30,5
2026-04-15T17:04:43.590,-11.547,0,,0,48,30,5
2026-04-15T17:04:44.580,-11.540,0,,0,48,30,5
2026-04-15T17:04:45.600,-11.542,0,,0,48,30,5
2026-04-15T17:04:46.580,-11.562,0,,0,48,30,5
2026-04-15T17:04:47.580,-11.565,0,,0,48,30,5
2026-04-15T17:04:48.800,-11.567,0,,0,48,30,5
2026-04-15T17:04:49.590,-11.567,0,,0,48,30,5
2026-04-15T17:04:50.590,-11.559,0,,0,48,30,5
2026-04-15T17:04:51.580,-11.575,0,,0,48,30,5
2026-04-15T17:04:52.590,-11.568,0,,0,48,30,5
2026-04-15T17:04:53.590,-11.554,0,,0,48,30,5
2026-04-15T17:04:54.580,-11.556,0,,0,48,30,5
2026-04-15T17:04:55.580,-11.544,0,,0,48,30,5
2026-04-15T17:04:56.580,-11.535,0,,0,48,30,5
2026-04-15T17:04:57.600,-11.556,0,,0,48,30,5
2026-04-15T17:04:58.770,-11.546,0,,0,48,30,5
2026-04-15T17:04:59.590,-11.546,0,,0,48,30,5
2026-04-15T17:05:00.600,-11.555,0,,0,48,30,5
2026-04-15T17:05:01.590,-11.538,0,,0,48,30,5
2026-04-15T17:05:02.590,-11.527,0,Image_241.png,0,48,30,5
2026-04-15T17:05:03.990,-11.539,0,,0,48,30,5
2026-04-15T17:05:04.580,-11.568,0,,0,48,30,5
2026-04-15T17:05:05.590,-11.575,0,,0,48,30,5
2026-04-15T17:05:06.600,-11.601,0,,0,48,30,5
2026-04-15T17:05:07.590,-11.589,0,,0,48,30,5
2026-04-15T17:05:08.590,-11.564,0,,0,48,30,5
2026-04-15T17:05:09.590,-11.549,0,,0,48,30,5
2026-04-15T17:05:10.590,-11.550,0,,0,48,30,5
2026-04-15T17:05:11.590,-11.561,0,,0,48,30,5
2026-04-15T17:05:12.890,-11.589,0,,0,48,30,5
2026-04-15T17:05:13.580,-11.593,0,,0,48,30,5
2026-04-15T17:05:14.590,-11.583,0,,0,48,30,5
2026-04-15T17:05:15.580,-11.580,0,,0,48,30,5
2026-04-15T17:05:16.580,-11.593,0,,0,48,30,5
2026-04-15T17:05:17.590,-11.596,0,,0,48,30,5
2026-04-15T17:05:18.610,-11.584,0,,0,48,30,5
2026-04-15T17:05:19.580,-11.585,0,,0,48,30,5
2026-04-15T17:05:20.600,-11.583,0,,0,48,30,5
2026-04-15T17:05:21.580,-11.583,0,,0,48,30,5
2026-04-15T17:05:22.590,-11.579,0,,0,48,30,5
2026-04-15T17:05:23.580,-11.575,0,,0,48,30,5
2026-04-15T17:05:24.590,-11.576,0,,0,48,30,5
2026-04-15T17:05:25.580,-11.576,0,,0,48,30,5
2026-04-15T17:05:26.590,-11.575,0,,0,48,30,5
2026-04-15T17:05:27.590,-11.580,0,,0,48,30,5
2026-04-15T17:05:28.590,-11.581,0,,0,48,30,5
2026-04-15T17:05:29.580,-11.577,0,,0,48,30,5
2026-04-15T17:05:30.600,-11.570,0,,0,48,30,5
2026-04-15T17:05:31.590,-11.575,0,,0,48,30,5
2026-04-15T17:05:32.590,-11.574,0,,0,48,30,5
2026-04-15T17:05:33.600,-11.571,0,,0,48,30,5
2026-04-15T17:05:34.650,-11.572,0,,0,48,30,5
2026-04-15T17:05:35.590,-11.566,0,,0,48,30,5
2026-04-15T17:05:36.670,-11.568,0,,0,48,30,5
2026-04-15T17:05:37.580,-11.572,0,,0,48,30,5
2026-04-15T17:05:38.650,-11.567,0,,0,48,30,5
2026-04-15T17:05:39.590,-11.570,0,,0,48,30,5
2026-04-15T17:05:40.590,-11.571,0,,0,48,30,5
2026-04-15T17:05:41.590,-11.561,0,,0,48,30,5
2026-04-15T17:05:42.610,-11.555,0,,0,48,30,5
2026-04-15T17:05:43.580,-11.552,0,,0,48,30,5
2026-04-15T17:05:44.590,-11.567,0,,0,48,30,5
2026-04-15T17:05:45.580,-11.557,0,,0,48,30,5
2026-04-15T17:05:46.590,-11.558,0,,0,48,30,5
2026-04-15T17:05:47.590,-11.552,0,,0,48,30,5
2026-04-15T17:05:48.620,-11.556,0,,0,48,30,5
2026-04-15T17:05:49.580,-11.563,0,,0,48,30,5
2026-04-15T17:05:50.590,-11.544,0,,0,48,30,5
2026-04-15T17:05:51.580,-11.552,0,,0,48,30,5
2026-04-15T17:05:52.590,-11.555,0,,0,48,30,5
2026-04-15T17:05:53.590,-11.544,0,,0,48,30,5
2026-04-15T17:05:54.810,-11.565,0,,0,48,30,5
2026-04-15T17:05:55.590,-11.553,0,,0,48,30,5
2026-04-15T17:05:56.590,-11.566,0,,0,48,30,5
2026-04-15T17:05:57.580,-11.575,0,,0,48,30,5
2026-04-15T17:05:58.580,-11.567,0,,0,48,30,5
2026-04-15T17:05:59.590,-11.558,0,,0,48,30,5
2026-04-15T17:06:00.590,-11.546,0,,0,48,30,5
2026-04-15T17:06:01.590,-11.551,0,,0,48,30,5
2026-04-15T17:06:02.610,-11.568,0,Image_242.png,0,48,30,5
2026-04-15T17:06:04.000,-11.562,0,,0,48,30,5
2026-04-15T17:06:04.590,-11.579,0,,0,48,30,5
2026-04-15T17:06:05.580,-11.563,0,,0,48,30,5
2026-04-15T17:06:06.590,-11.571,0,,0,48,30,5
2026-04-15T17:06:07.580,-11.575,0,,0,48,30,5
2026-04-15T17:06:08.590,-11.567,0,,0,48,30,5
2026-04-15T17:06:09.590,-11.589,0,,0,48,30,5
2026-04-15T17:06:10.580,-11.590,0,,0,48,30,5
2026-04-15T17:06:11.590,-11.582,0,,0,48,30,5
2026-04-15T17:06:12.580,-11.564,0,,0,48,30,5
2026-04-15T17:06:13.590,-11.579,0,,0,48,30,5
2026-04-15T17:06:14.590,-11.568,0,,0,48,30,5
2026-04-15T17:06:15.590,-11.585,0,,0,48,30,5
2026-04-15T17:06:16.590,-11.598,0,,0,48,30,5
2026-04-15T17:06:17.590,-11.602,0,,0,48,30,5
2026-04-15T17:06:18.580,-11.604,0,,0,48,30,5
2026-04-15T17:06:19.580,-11.588,0,,0,48,30,5
2026-04-15T17:06:20.790,-11.601,0,,0,48,30,5
2026-04-15T17:06:21.580,-11.579,0,,0,48,30,5
2026-04-15T17:06:22.580,-11.571,0,,0,48,30,5
2026-04-15T17:06:23.590,-11.583,0,,0,48,30,5
2026-04-15T17:06:24.590,-11.583,0,,0,48,30,5
2026-04-15T17:06:25.590,-11.595,0,,0,48,30,5
2026-04-15T17:06:26.580,-11.586,0,,0,48,30,5
2026-04-15T17:06:27.590,-11.584,0,,0,48,30,5
2026-04-15T17:06:28.580,-11.584,0,,0,48,30,5
2026-04-15T17:06:29.590,-11.583,0,,0,48,30,5
2026-04-15T17:06:30.590,-11.585,0,,0,48,30,5
2026-04-15T17:06:31.580,-11.580,0,,0,48,30,5
2026-04-15T17:06:32.590,-11.586,0,,0,48,30,5
2026-04-15T17:06:33.580,-11.593,0,,0,48,30,5
2026-04-15T17:06:34.580,-11.583,0,,0,48,30,5
2026-04-15T17:06:35.590,-11.583,0,,0,48,30,5
2026-04-15T17:06:37.090,-11.581,0,,0,48,30,5
2026-04-15T17:06:37.590,-11.588,0,,0,48,30,5
2026-04-15T17:06:38.590,-11.575,0,,0,48,30,5
2026-04-15T17:06:39.610,-11.580,0,,0,48,30,5
2026-04-15T17:06:40.580,-11.578,0,,0,48,30,5
2026-04-15T17:06:41.590,-11.593,0,,0,48,30,5
2026-04-15T17:06:42.990,-11.590,0,,0,48,30,5
2026-04-15T17:06:43.590,-11.593,0,,0,48,30,5
2026-04-15T17:06:44.580,-11.591,0,,0,48,30,5
2026-04-15T17:06:45.580,-11.598,0,,0,48,30,5
2026-04-15T17:06:46.580,-11.581,0,,0,48,30,5
2026-04-15T17:06:47.590,-11.602,0,,0,48,30,5
2026-04-15T17:06:48.580,-11.597,0,,0,48,30,5
2026-04-15T17:06:49.580,-11.579,0,,0,48,30,5
2026-04-15T17:06:50.590,-11.594,0,,0,48,30,5
2026-04-15T17:06:51.580,-11.586,0,,0,48,30,5
2026-04-15T17:06:52.820,-11.588,0,,0,48,30,5
2026-04-15T17:06:53.590,-11.580,0,,0,48,30,5
2026-04-15T17:06:54.590,-11.589,0,,0,48,30,5
2026-04-15T17:06:55.580,-11.592,0,,0,48,30,5
2026-04-15T17:06:56.590,-11.578,0,,0,48,30,5
2026-04-15T17:06:57.580,-11.584,0,,0,48,30,5
2026-04-15T17:06:58.580,-11.574,0,,0,48,30,5
2026-04-15T17:06:59.580,-11.580,0,,0,48,30,5
2026-04-15T17:07:00.600,-11.581,0,,0,48,30,5
2026-04-15T17:07:01.590,-11.594,0,,0,48,30,5
2026-04-15T17:07:02.590,-11.604,0,,0,48,30,5
2026-04-15T17:07:03.590,-11.611,0,Image_243.png,0,48,30,5
2026-04-15T17:07:05.000,-11.590,0,,0,48,30,5
2026-04-15T17:07:05.580,-11.575,0,,0,48,30,5
2026-04-15T17:07:06.600,-11.567,0,,0,48,30,5
2026-04-15T17:07:07.590,-11.586,0,,0,48,30,5
2026-04-15T17:07:08.590,-11.589,0,,0,48,30,5
2026-04-15T17:07:09.590,-11.605,0,,0,48,30,5
2026-04-15T17:07:10.580,-11.597,0,,0,48,30,5
2026-04-15T17:07:11.590,-11.594,0,,0,48,30,5
2026-04-15T17:07:12.610,-11.588,0,,0,48,30,5
2026-04-15T17:07:13.590,-11.583,0,,0,48,30,5
2026-04-15T17:07:14.590,-11.569,0,,0,48,30,5
2026-04-15T17:07:15.580,-11.564,0,,0,48,30,5
2026-04-15T17:07:16.840,-11.567,0,,0,48,30,5
2026-04-15T17:07:17.600,-11.570,0,,0,48,30,5
2026-04-15T17:07:18.670,-11.602,0,,0,48,30,5
2026-04-15T17:07:19.590,-11.589,0,,0,48,30,5
2026-04-15T17:07:20.590,-11.603,0,,0,48,30,5
2026-04-15T17:07:21.590,-11.594,0,,0,48,30,5
2026-04-15T17:07:22.580,-11.602,0,,0,48,30,5
2026-04-15T17:07:23.590,-11.586,0,,0,48,30,5
2026-04-15T17:07:24.590,-11.609,0,,0,48,30,5
2026-04-15T17:07:25.580,-11.591,0,,0,48,30,5
2026-04-15T17:07:26.590,-11.560,0,,0,48,30,5
2026-04-15T17:07:27.580,-11.558,0,,0,48,30,5
2026-04-15T17:07:28.610,-11.557,0,,0,48,30,5
2026-04-15T17:07:29.590,-11.555,0,,0,48,30,5
2026-04-15T17:07:30.600,-11.575,0,,0,48,30,5
2026-04-15T17:07:31.590,-11.572,0,,0,48,30,5
2026-04-15T17:07:32.590,-11.604,0,,0,48,30,5
2026-04-15T17:07:33.590,-11.600,0,,0,48,30,5
2026-04-15T17:07:34.580,-11.581,0,,0,48,30,5
2026-04-15T17:07:35.590,-11.575,0,,0,48,30,5
2026-04-15T17:07:36.590,-11.582,0,,0,48,30,5
2026-04-15T17:07:37.580,-11.566,0,,0,48,30,5
2026-04-15T17:07:38.580,-11.591,0,,0,48,30,5
2026-04-15T17:07:39.580,-11.566,0,,0,48,30,5
2026-04-15T17:07:40.710,-11.573,0,,0,48,30,5
2026-04-15T17:07:41.590,-11.579,0,,0,48,30,5
2026-04-15T17:07:42.790,-11.586,0,,0,48,30,5
2026-04-15T17:07:43.590,-11.604,0,,0,48,30,5
2026-04-15T17:07:44.590,-11.592,0,,0,48,30,5
2026-04-15T17:07:45.580,-11.601,0,,0,48,30,5
2026-04-15T17:07:46.580,-11.610,0,,0,48,30,5
2026-04-15T17:07:47.590,-11.600,0,,0,48,30,5
2026-04-15T17:07:48.620,-11.579,0,,0,48,30,5
2026-04-15T17:07:49.590,-11.582,0,,0,48,30,5
2026-04-15T17:07:50.590,-11.593,0,,0,48,30,5
2026-04-15T17:07:51.600,-11.582,0,,0,48,30,5
2026-04-15T17:07:52.870,-11.586,0,,0,48,30,5
2026-04-15T17:07:53.590,-11.593,0,,0,48,30,5
2026-04-15T17:07:54.600,-11.588,0,,0,48,30,5
2026-04-15T17:07:55.590,-11.597,0,,0,48,30,5
2026-04-15T17:07:56.600,-11.587,0,,0,48,30,5
2026-04-15T17:07:57.580,-11.587,0,,0,48,30,5
2026-04-15T17:07:58.580,-11.579,0,,0,48,30,5
2026-04-15T17:07:59.590,-11.589,0,,0,48,30,5
2026-04-15T17:08:00.580,-11.581,0,,0,48,30,5
2026-04-15T17:08:01.600,-11.582,0,,0,48,30,5
2026-04-15T17:08:02.590,-11.586,0,,0,48,30,5
2026-04-15T17:08:03.580,-11.577,0,Image_244.png,0,48,30,5
2026-04-15T17:08:05.310,-11.582,0,,0,48,30,5
2026-04-15T17:08:05.620,-11.584,0,,0,48,30,5
2026-04-15T17:08:06.600,-11.581,0,,0,48,30,5
2026-04-15T17:08:07.580,-11.580,0,,0,48,30,5
2026-04-15T17:08:08.590,-11.585,0,,0,48,30,5
2026-04-15T17:08:09.600,-11.574,0,,0,48,30,5
2026-04-15T17:08:10.590,-11.581,0,,0,48,30,5
2026-04-15T17:08:11.590,-11.567,0,,0,48,30,5
2026-04-15T17:08:12.590,-11.576,0,,0,48,30,5
2026-04-15T17:08:13.590,-11.588,0,,0,48,30,5
2026-04-15T17:08:14.790,-11.581,0,,0,48,30,5
2026-04-15T17:08:15.580,-11.592,0,,0,48,30,5
2026-04-15T17:08:16.580,-11.594,0,,0,48,30,5
2026-04-15T17:08:17.590,-11.563,0,,0,48,30,5
2026-04-15T17:08:18.610,-11.577,0,,0,48,30,5
2026-04-15T17:08:19.590,-11.566,0,,0,48,30,5
2026-04-15T17:08:20.580,-11.566,0,,0,48,30,5
2026-04-15T17:08:21.580,-11.580,0,,0,48,30,5
2026-04-15T17:08:22.690,-11.586,0,,0,48,30,5
2026-04-15T17:08:23.590,-11.585,0,,0,48,30,5
2026-04-15T17:08:24.580,-11.588,0,,0,48,30,5
2026-04-15T17:08:25.580,-11.565,0,,0,48,30,5
2026-04-15T17:08:26.580,-11.567,0,,0,48,30,5
2026-04-15T17:08:27.590,-11.563,0,,0,48,30,5
2026-04-15T17:08:28.580,-11.568,0,,0,48,30,5
2026-04-15T17:08:29.580,-11.553,0,,0,48,30,5
2026-04-15T17:08:30.810,-11.552,0,,0,48,30,5
2026-04-15T17:08:31.590,-11.570,0,,0,48,30,5
2026-04-15T17:08:32.590,-11.558,0,,0,48,30,5
2026-04-15T17:08:33.590,-11.574,0,,0,48,30,5
2026-04-15T17:08:34.610,-11.594,0,,0,48,30,5
2026-04-15T17:08:35.590,-11.588,0,,0,48,30,5
2026-04-15T17:08:36.590,-11.589,0,,0,48,30,5
2026-04-15T17:08:37.590,-11.595,0,,0,48,30,5
2026-04-15T17:08:38.590,-11.571,0,,0,48,30,5
2026-04-15T17:08:39.600,-11.569,0,,0,48,30,5
2026-04-15T17:08:40.580,-11.576,0,,0,48,30,5
2026-04-15T17:08:41.590,-11.567,0,,0,48,30,5
2026-04-15T17:08:42.580,-11.583,0,,0,48,30,5
2026-04-15T17:08:43.590,-11.588,0,,0,48,30,5
2026-04-15T17:08:44.590,-11.596,0,,0,48,30,5
2026-04-15T17:08:45.580,-11.600,0,,0,48,30,5
2026-04-15T17:08:46.580,-11.593,0,,0,48,30,5
2026-04-15T17:08:47.580,-11.616,0,,0,48,30,5
2026-04-15T17:08:48.580,-11.612,0,,0,48,30,5
2026-04-15T17:08:49.580,-11.609,0,,0,48,30,5
2026-04-15T17:08:50.660,-11.608,0,,0,48,30,5
2026-04-15T17:08:51.590,-11.607,0,,0,48,30,5
2026-04-15T17:08:52.590,-11.592,0,,0,48,30,5
2026-04-15T17:08:53.590,-11.596,0,,0,48,30,5
2026-04-15T17:08:54.590,-11.580,0,,0,48,30,5
2026-04-15T17:08:55.590,-11.560,0,,0,48,30,5
2026-04-15T17:08:56.590,-11.566,0,,0,48,30,5
2026-04-15T17:08:57.580,-11.551,0,,0,48,30,5
2026-04-15T17:08:58.580,-11.555,0,,0,48,30,5
2026-04-15T17:08:59.590,-11.560,0,,0,48,30,5
2026-04-15T17:09:00.580,-11.584,0,,0,48,30,5
2026-04-15T17:09:01.580,-11.598,0,,0,48,30,5
2026-04-15T17:09:02.670,-11.610,0,,0,48,30,5
2026-04-15T17:09:03.590,-11.614,0,,0,48,30,5
2026-04-15T17:09:04.710,-11.616,0,Image_245.png,0,48,30,5
2026-04-15T17:09:06.000,-11.609,0,,0,48,30,5
2026-04-15T17:09:06.600,-11.618,0,,0,48,30,5
2026-04-15T17:09:07.580,-11.618,0,,0,48,30,5
2026-04-15T17:09:08.590,-11.613,0,,0,48,30,5
2026-04-15T17:09:09.590,-11.613,0,,0,48,30,5
2026-04-15T17:09:10.590,-11.620,0,,0,48,30,5
2026-04-15T17:09:11.590,-11.616,0,,0,48,30,5
2026-04-15T17:09:12.590,-11.605,0,,0,48,30,5
2026-04-15T17:09:13.580,-11.614,0,,0,48,30,5
2026-04-15T17:09:14.590,-11.606,0,,0,48,30,5
2026-04-15T17:09:15.580,-11.608,0,,0,48,30,5
2026-04-15T17:09:16.590,-11.616,0,,0,48,30,5
2026-04-15T17:09:17.580,-11.618,0,,0,48,30,5
2026-04-15T17:09:18.590,-11.613,0,,0,48,30,5
2026-04-15T17:09:19.580,-11.602,0,,0,48,30,5
2026-04-15T17:09:20.590,-11.594,0,,0,48,30,5
2026-04-15T17:09:21.590,-11.582,0,,0,48,30,5
2026-04-15T17:09:22.580,-11.593,0,,0,48,30,5
2026-04-15T17:09:23.590,-11.592,0,,0,48,30,5
2026-04-15T17:09:25.110,-11.615,0,,0,48,30,5
2026-04-15T17:09:25.590,-11.612,0,,0,48,30,5
2026-04-15T17:09:26.600,-11.604,0,,0,48,30,5
2026-04-15T17:09:27.580,-11.613,0,,0,48,30,5
2026-04-15T17:09:28.590,-11.612,0,,0,48,30,5
2026-04-15T17:09:29.590,-11.609,0,,0,48,30,5
2026-04-15T17:09:30.580,-11.613,0,,0,48,30,5
2026-04-15T17:09:31.580,-11.617,0,,0,48,30,5
2026-04-15T17:09:32.590,-11.621,0,,0,48,30,5
2026-04-15T17:09:33.590,-11.611,0,,0,48,30,5
2026-04-15T17:09:34.580,-11.609,0,,0,48,30,5
2026-04-15T17:09:35.580,-11.606,0,,0,48,30,5
2026-04-15T17:09:36.630,-11.613,0,,0,48,30,5
2026-04-15T17:09:37.580,-11.617,0,,0,48,30,5
2026-04-15T17:09:38.590,-11.609,0,,0,48,30,5
2026-04-15T17:09:39.590,-11.606,0,,0,48,30,5
2026-04-15T17:09:40.580,-11.609,0,,0,48,30,5
2026-04-15T17:09:41.590,-11.602,0,,0,48,30,5
2026-04-15T17:09:42.610,-11.610,0,,0,48,30,5
2026-04-15T17:09:43.590,-11.597,0,,0,48,30,5
2026-04-15T17:09:44.600,-11.593,0,,0,48,30,5
2026-04-15T17:09:45.590,-11.630,0,,0,48,30,5
2026-04-15T17:09:46.580,-11.644,0,,0,48,30,5
2026-04-15T17:09:47.580,-11.649,0,,0,48,30,5
2026-04-15T17:09:48.590,-11.639,0,,0,48,30,5
2026-04-15T17:09:49.580,-11.631,0,,0,48,30,5
2026-04-15T17:09:50.830,-11.623,0,,0,48,30,5
2026-04-15T17:09:51.580,-11.623,0,,0,48,30,5
2026-04-15T17:09:52.600,-11.635,0,,0,48,30,5
2026-04-15T17:09:53.590,-11.649,0,,0,48,30,5
2026-04-15T17:09:54.620,-11.636,0,,0,48,30,5
2026-04-15T17:09:55.590,-11.647,0,,0,48,30,5
2026-04-15T17:09:56.590,-11.650,0,,0,48,30,5
2026-04-15T17:09:57.580,-11.630,0,,0,48,30,5
2026-04-15T17:09:58.590,-11.642,0,,0,48,30,5
2026-04-15T17:09:59.580,-11.655,0,,0,48,30,5
2026-04-15T17:10:00.600,-11.637,0,,0,48,30,5
2026-04-15T17:10:01.590,-11.661,0,,0,48,30,5
2026-04-15T17:10:02.590,-11.663,0,,0,48,30,5
2026-04-15T17:10:03.590,-11.655,0,,0,48,30,5
2026-04-15T17:10:04.580,-11.656,0,,0,48,30,5
2026-04-15T17:10:05.590,-11.668,0,Image_246.png,0,48,30,5
2026-04-15T17:10:06.970,-11.645,0,,0,48,30,5
2026-04-15T17:10:07.590,-11.655,0,,0,48,30,5
2026-04-15T17:10:08.590,-11.626,0,,0,48,30,5
2026-04-15T17:10:09.580,-11.626,0,,0,48,30,5
2026-04-15T17:10:10.590,-11.631,0,,0,48,30,5
2026-04-15T17:10:11.590,-11.652,0,,0,48,30,5
2026-04-15T17:10:12.590,-11.641,0,,0,48,30,5
2026-04-15T17:10:13.580,-11.632,0,,0,48,30,5
2026-04-15T17:10:14.590,-11.644,0,,0,48,30,5
2026-04-15T17:10:15.580,-11.642,0,,0,48,30,5
2026-04-15T17:10:16.580,-11.662,0,,0,48,30,5
2026-04-15T17:10:17.580,-11.668,0,,0,48,30,5
2026-04-15T17:10:18.580,-11.650,0,,0,48,30,5
2026-04-15T17:10:19.580,-11.654,0,,0,48,30,5
2026-04-15T17:10:20.610,-11.641,0,,0,48,30,5
2026-04-15T17:10:21.600,-11.621,0,,0,48,30,5
2026-04-15T17:10:22.590,-11.647,0,,0,48,30,5
2026-04-15T17:10:23.590,-11.649,0,,0,48,30,5
2026-04-15T17:10:24.580,-11.644,0,,0,48,30,5
2026-04-15T17:10:25.580,-11.646,0,,0,48,30,5
2026-04-15T17:10:26.580,-11.638,0,,0,48,30,5
2026-04-15T17:10:27.590,-11.637,0,,0,48,30,5
2026-04-15T17:10:28.580,-11.625,0,,0,48,30,5
2026-04-15T17:10:29.590,-11.627,0,,0,48,30,5
2026-04-15T17:10:30.910,-11.646,0,,0,48,30,5
2026-04-15T17:10:31.590,-11.647,0,,0,48,30,5
2026-04-15T17:10:32.580,-11.646,0,,0,48,30,5
2026-04-15T17:10:33.590,-11.657,0,,0,48,30,5
2026-04-15T17:10:34.590,-11.653,0,,0,48,30,5
2026-04-15T17:10:35.580,-11.641,0,,0,48,30,5
2026-04-15T17:10:36.590,-11.635,0,,0,48,30,5
2026-04-15T17:10:37.590,-11.647,0,,0,48,30,5
2026-04-15T17:10:38.580,-11.651,0,,0,48,30,5
2026-04-15T17:10:39.590,-11.657,0,,0,48,30,5
2026-04-15T17:10:40.590,-11.650,0,,0,48,30,5
2026-04-15T17:10:41.590,-11.661,0,,0,48,30,5
2026-04-15T17:10:42.580,-11.645,0,,0,48,30,5
2026-04-15T17:10:43.580,-11.664,0,,0,48,30,5
2026-04-15T17:10:44.590,-11.683,0,,0,48,30,5
2026-04-15T17:10:45.580,-11.671,0,,0,48,30,5
2026-04-15T17:10:46.590,-11.678,0,,0,48,30,5
2026-04-15T17:10:47.590,-11.676,0,,0,48,30,5
2026-04-15T17:10:48.580,-11.673,0,,0,48,30,5
2026-04-15T17:10:49.580,-11.682,0,,0,48,30,5
2026-04-15T17:10:50.580,-11.681,0,,0,48,30,5
2026-04-15T17:10:51.590,-11.676,0,,0,48,30,5
2026-04-15T17:10:52.590,-11.681,0,,0,48,30,5
2026-04-15T17:10:53.580,-11.683,0,,0,48,30,5
2026-04-15T17:10:54.600,-11.681,0,,0,48,30,5
2026-04-15T17:10:55.590,-11.680,0,,0,48,30,5
2026-04-15T17:10:56.590,-11.684,0,,0,48,30,5
2026-04-15T17:10:57.580,-11.670,0,,0,48,30,5
2026-04-15T17:10:58.630,-11.666,0,,0,48,30,5
2026-04-15T17:10:59.600,-11.672,0,,0,48,30,5
2026-04-15T17:11:00.980,-11.678,0,,0,48,30,5
2026-04-15T17:11:01.580,-11.690,0,,0,48,30,5
2026-04-15T17:11:02.590,-11.702,0,,0,48,30,5
2026-04-15T17:11:03.590,-11.699,0,,0,48,30,5
2026-04-15T17:11:04.820,-11.680,0,,0,48,30,5
2026-04-15T17:11:05.590,-11.694,0,,0,48,30,5
2026-04-15T17:11:06.580,-11.662,0,Image_247.png,0,48,30,5
2026-04-15T17:11:08.000,-11.656,0,,0,48,30,5
2026-04-15T17:11:08.590,-11.682,0,,0,48,30,5
2026-04-15T17:11:09.590,-11.666,0,,0,48,30,5
2026-04-15T17:11:10.580,-11.688,0,,0,48,30,5
2026-04-15T17:11:11.590,-11.706,0,,0,48,30,5
2026-04-15T17:11:12.580,-11.714,0,,0,48,30,5
2026-04-15T17:11:13.580,-11.704,0,,0,48,30,5
2026-04-15T17:11:14.580,-11.711,0,,0,48,30,5
2026-04-15T17:11:15.580,-11.712,0,,0,48,30,5
2026-04-15T17:11:16.580,-11.711,0,,0,48,30,5
2026-04-15T17:11:17.590,-11.694,0,,0,48,30,5
2026-04-15T17:11:18.590,-11.715,0,,0,48,30,5
2026-04-15T17:11:19.590,-11.695,0,,0,48,30,5
2026-04-15T17:11:20.600,-11.695,0,,0,48,30,5
2026-04-15T17:11:21.580,-11.679,0,,0,48,30,5
2026-04-15T17:11:22.580,-11.667,0,,0,48,30,5
2026-04-15T17:11:23.590,-11.678,0,,0,48,30,5
2026-04-15T17:11:24.590,-11.684,0,,0,48,30,5
2026-04-15T17:11:25.590,-11.689,0,,0,48,30,5
2026-04-15T17:11:26.590,-11.704,0,,0,48,30,5
2026-04-15T17:11:27.590,-11.706,0,,0,48,30,5
2026-04-15T17:11:28.790,-11.699,0,,0,48,30,5
2026-04-15T17:11:29.590,-11.700,0,,0,48,30,5
2026-04-15T17:11:30.920,-11.698,0,,0,48,30,5
2026-04-15T17:11:31.580,-11.708,0,,0,48,30,5
2026-04-15T17:11:32.590,-11.702,0,,0,48,30,5
2026-04-15T17:11:33.610,-11.700,0,,0,48,30,5
2026-04-15T17:11:34.590,-11.689,0,,0,48,30,5
2026-04-15T17:11:35.590,-11.689,0,,0,48,30,5
2026-04-15T17:11:36.590,-11.683,0,,0,48,30,5
2026-04-15T17:11:37.590,-11.683,0,,0,48,30,5
2026-04-15T17:11:38.800,-11.703,0,,0,48,30,5
2026-04-15T17:11:39.590,-11.704,0,,0,48,30,5
2026-04-15T17:11:40.600,-11.695,0,,0,48,30,5
2026-04-15T17:11:41.590,-11.718,0,,0,48,30,5
2026-04-15T17:11:42.590,-11.712,0,,0,48,30,5
2026-04-15T17:11:43.590,-11.708,0,,0,48,30,5
2026-04-15T17:11:44.600,-11.706,0,,0,48,30,5
2026-04-15T17:11:45.590,-11.719,0,,0,48,30,5
2026-04-15T17:11:46.780,-11.713,0,,0,48,30,5
2026-04-15T17:11:47.590,-11.716,0,,0,48,30,5
2026-04-15T17:11:48.590,-11.718,0,,0,48,30,5
2026-04-15T17:11:49.590,-11.711,0,,0,48,30,5
2026-04-15T17:11:50.590,-11.708,0,,0,48,30,5
2026-04-15T17:11:51.590,-11.706,0,,0,48,30,5
2026-04-15T17:11:52.590,-11.712,0,,0,48,30,5
2026-04-15T17:11:53.590,-11.708,0,,0,48,30,5
2026-04-15T17:11:54.580,-11.704,0,,0,48,30,5
2026-04-15T17:11:55.580,-11.697,0,,0,48,30,5
2026-04-15T17:11:56.590,-11.703,0,,0,48,30,5
2026-04-15T17:11:57.590,-11.714,0,,0,48,30,5
2026-04-15T17:11:58.580,-11.707,0,,0,48,30,5
2026-04-15T17:11:59.590,-11.692,0,,0,48,30,5
2026-04-15T17:12:00.590,-11.694,0,,0,48,30,5
2026-04-15T17:12:01.600,-11.693,0,,0,48,30,5
2026-04-15T17:12:02.980,-11.713,0,,0,48,30,5
2026-04-15T17:12:03.590,-11.712,0,,0,48,30,5
2026-04-15T17:12:04.590,-11.710,0,,0,48,30,5
2026-04-15T17:12:05.590,-11.707,0,,0,48,30,5
2026-04-15T17:12:06.580,-11.707,0,Image_248.png,0,48,30,5
2026-04-15T17:12:08.010,-11.691,0,,0,48,30,5
2026-04-15T17:12:08.590,-11.693,0,,0,48,30,5
2026-04-15T17:12:09.600,-11.702,0,,0,48,30,5
2026-04-15T17:12:10.580,-11.698,0,,0,48,30,5
2026-04-15T17:12:11.590,-11.720,0,,0,48,30,5
2026-04-15T17:12:12.580,-11.710,0,,0,48,30,5
2026-04-15T17:12:13.580,-11.718,0,,0,48,30,5
2026-04-15T17:12:14.580,-11.717,0,,0,48,30,5
2026-04-15T17:12:15.590,-11.717,0,,0,48,30,5
2026-04-15T17:12:16.580,-11.721,0,,0,48,30,5
2026-04-15T17:12:17.590,-11.722,0,,0,48,30,5
2026-04-15T17:12:18.600,-11.718,0,,0,48,30,5
2026-04-15T17:12:19.590,-11.709,0,,0,48,30,5
2026-04-15T17:12:20.590,-11.718,0,,0,48,30,5
2026-04-15T17:12:21.590,-11.704,0,,0,48,30,5
2026-04-15T17:12:22.590,-11.706,0,,0,48,30,5
2026-04-15T17:12:23.590,-11.737,0,,0,48,30,5
2026-04-15T17:12:24.590,-11.738,0,,0,48,30,5
2026-04-15T17:12:25.590,-11.719,0,,0,48,30,5
2026-04-15T17:12:26.590,-11.731,0,,0,48,30,5
2026-04-15T17:12:27.590,-11.702,0,,0,48,30,5
2026-04-15T17:12:28.590,-11.711,0,,0,48,30,5
2026-04-15T17:12:29.590,-11.697,0,,0,48,30,5
2026-04-15T17:12:30.590,-11.687,0,,0,48,30,5
2026-04-15T17:12:31.590,-11.717,0,,0,48,30,5
2026-04-15T17:12:32.580,-11.713,0,,0,48,30,5
2026-04-15T17:12:33.580,-11.738,0,,0,48,30,5
2026-04-15T17:12:34.580,-11.742,0,,0,48,30,5
2026-04-15T17:12:35.590,-11.735,0,,0,48,30,5
2026-04-15T17:12:36.590,-11.714,0,,0,48,30,5
2026-04-15T17:12:37.580,-11.699,0,,0,48,30,5
2026-04-15T17:12:38.590,-11.726,0,,0,48,30,5
2026-04-15T17:12:39.580,-11.710,0,,0,48,30,5
2026-04-15T17:12:40.580,-11.734,0,,0,48,30,5
2026-04-15T17:12:41.590,-11.741,0,,0,48,30,5
2026-04-15T17:12:42.580,-11.739,0,,0,48,30,5
2026-04-15T17:12:43.580,-11.763,0,,0,48,30,5
2026-04-15T17:12:44.580,-11.760,0,,0,48,30,5
2026-04-15T17:12:45.590,-11.737,0,,0,48,30,5
2026-04-15T17:12:46.590,-11.736,0,,0,48,30,5
2026-04-15T17:12:47.590,-11.717,0,,0,48,30,5
2026-04-15T17:12:48.580,-11.727,0,,0,48,30,5
2026-04-15T17:12:49.580,-11.756,0,,0,48,30,5
2026-04-15T17:12:50.820,-11.770,0,,0,48,30,5
2026-04-15T17:12:51.600,-11.789,0,,0,48,30,5
2026-04-15T17:12:52.590,-11.800,0,,0,48,30,5
2026-04-15T17:12:53.590,-11.771,0,,0,48,30,5
2026-04-15T17:12:54.580,-11.778,0,,0,48,30,5
2026-04-15T17:12:55.580,-11.791,0,,0,48,30,5
2026-04-15T17:12:56.590,-11.783,0,,0,48,30,5
2026-04-15T17:12:57.590,-11.786,0,,0,48,30,5
2026-04-15T17:12:58.590,-11.769,0,,0,48,30,5
2026-04-15T17:12:59.580,-11.763,0,,0,48,30,5
2026-04-15T17:13:00.580,-11.749,0,,0,48,30,5
2026-04-15T17:13:01.580,-11.737,0,,0,48,30,5
2026-04-15T17:13:02.590,-11.743,0,,0,48,30,5
2026-04-15T17:13:03.590,-11.755,0,,0,48,30,5
2026-04-15T17:13:04.590,-11.738,0,,0,48,30,5
2026-04-15T17:13:05.590,-11.766,0,,0,48,30,5
2026-04-15T17:13:06.580,-11.743,0,,0,48,30,5
2026-04-15T17:13:07.580,-11.763,0,Image_249.png,0,48,30,5
2026-04-15T17:13:09.020,-11.766,0,,0,48,30,5
2026-04-15T17:13:09.580,-11.765,0,,0,48,30,5
2026-04-15T17:13:10.580,-11.760,0,,0,48,30,5
2026-04-15T17:13:11.590,-11.764,0,,0,48,30,5
2026-04-15T17:13:12.600,-11.778,0,,0,48,30,5
2026-04-15T17:13:13.580,-11.784,0,,0,48,30,5
2026-04-15T17:13:14.590,-11.782,0,,0,48,30,5
2026-04-15T17:13:15.590,-11.774,0,,0,48,30,5
2026-04-15T17:13:16.600,-11.772,0,,0,48,30,5
2026-04-15T17:13:17.590,-11.777,0,,0,48,30,5
2026-04-15T17:13:18.590,-11.770,0,,0,48,30,5
2026-04-15T17:13:19.580,-11.768,0,,0,48,30,5
2026-04-15T17:13:20.590,-11.775,0,,0,48,30,5
2026-04-15T17:13:21.580,-11.774,0,,0,48,30,5
2026-04-15T17:13:22.580,-11.772,0,,0,48,30,5
2026-04-15T17:13:23.590,-11.778,0,,0,48,30,5
2026-04-15T17:13:24.600,-11.781,0,,0,48,30,5
2026-04-15T17:13:25.600,-11.777,0,,0,48,30,5
2026-04-15T17:13:26.590,-11.767,0,,0,48,30,5
2026-04-15T17:13:27.590,-11.783,0,,0,48,30,5
2026-04-15T17:13:28.590,-11.788,0,,0,48,30,5
2026-04-15T17:13:29.590,-11.801,0,,0,48,30,5
2026-04-15T17:13:30.580,-11.780,0,,0,48,30,5
2026-04-15T17:13:31.580,-11.784,0,,0,48,30,5
2026-04-15T17:13:32.590,-11.774,0,,0,48,30,5
2026-04-15T17:13:33.600,-11.782,0,,0,48,30,5
2026-04-15T17:13:34.590,-11.781,0,,0,48,30,5
2026-04-15T17:13:35.580,-11.774,0,,0,48,30,5
2026-04-15T17:13:36.590,-11.778,0,,0,48,30,5
2026-04-15T17:13:37.590,-11.762,0,,0,48,30,5
2026-04-15T17:13:38.590,-11.773,0,,0,48,30,5
2026-04-15T17:13:39.590,-11.774,0,,0,48,30,5
2026-04-15T17:13:40.730,-11.768,0,,0,48,30,5
2026-04-15T17:13:41.580,-11.777,0,,0,48,30,5
2026-04-15T17:13:42.580,-11.769,0,,0,48,30,5
2026-04-15T17:13:43.580,-11.764,0,,0,48,30,5
2026-04-15T17:13:44.590,-11.774,0,,0,48,30,5
2026-04-15T17:13:45.580,-11.775,0,,0,48,30,5
2026-04-15T17:13:46.580,-11.765,0,,0,48,30,5
2026-04-15T17:13:47.590,-11.771,0,,0,48,30,5
2026-04-15T17:13:48.580,-11.776,0,,0,48,30,5
2026-04-15T17:13:49.580,-11.767,0,,0,48,30,5
2026-04-15T17:13:50.590,-11.764,0,,0,48,30,5
2026-04-15T17:13:51.580,-11.776,0,,0,48,30,5
2026-04-15T17:13:52.580,-11.777,0,,0,48,30,5
2026-04-15T17:13:53.590,-11.776,0,,0,48,30,5
2026-04-15T17:13:54.580,-11.778,0,,0,48,30,5
2026-04-15T17:13:55.580,-11.777,0,,0,48,30,5
2026-04-15T17:13:56.590,-11.754,0,,0,48,30,5
2026-04-15T17:13:57.580,-11.771,0,,0,48,30,5
2026-04-15T17:13:58.580,-11.770,0,,0,48,30,5
2026-04-15T17:13:59.580,-11.769,0,,0,48,30,5
2026-04-15T17:14:00.580,-11.763,0,,0,48,30,5
2026-04-15T17:14:01.580,-11.767,0,,0,48,30,5
2026-04-15T17:14:02.590,-11.760,0,,0,48,30,5
2026-04-15T17:14:03.590,-11.765,0,,0,48,30,5
2026-04-15T17:14:04.580,-11.766,0,,0,48,30,5
2026-04-15T17:14:05.580,-11.765,0,,0,48,30,5
2026-04-15T17:14:06.580,-11.766,0,,0,48,30,5
2026-04-15T17:14:07.580,-11.763,0,,0,48,30,5
2026-04-15T17:14:08.590,-11.759,0,Image_250.png,0,48,30,5
2026-04-15T17:14:09.940,-11.758,0,,0,48,30,5
2026-04-15T17:14:10.580,-11.766,0,,0,48,30,5
2026-04-15T17:14:11.590,-11.756,0,,0,48,30,5
2026-04-15T17:14:12.580,-11.753,0,,0,48,30,5
2026-04-15T17:14:13.590,-11.755,0,,0,48,30,5
2026-04-15T17:14:14.590,-11.752,0,,0,48,30,5
2026-04-15T17:14:15.590,-11.753,0,,0,48,30,5
2026-04-15T17:14:16.580,-11.760,0,,0,48,30,5
2026-04-15T17:14:17.580,-11.760,0,,0,48,30,5
2026-04-15T17:14:18.580,-11.752,0,,0,48,30,5
2026-04-15T17:14:19.580,-11.759,0,,0,48,30,5
2026-04-15T17:14:20.580,-11.769,0,,0,48,30,5
2026-04-15T17:14:21.610,-11.751,0,,0,48,30,5
2026-04-15T17:14:22.580,-11.769,0,,0,48,30,5
2026-04-15T17:14:23.580,-11.766,0,,0,48,30,5
2026-04-15T17:14:24.580,-11.759,0,,0,48,30,5
2026-04-15T17:14:25.580,-11.771,0,,0,48,30,5
2026-04-15T17:14:26.590,-11.752,0,,0,48,30,5
2026-04-15T17:14:27.590,-11.742,0,,0,48,30,5
2026-04-15T17:14:28.580,-11.741,0,,0,48,30,5
2026-04-15T17:14:29.590,-11.736,0,,0,48,30,5
2026-04-15T17:14:31.480,-11.751,0,,0,48,30,5
2026-04-15T17:14:31.780,-11.759,0,,0,48,30,5
2026-04-15T17:14:32.580,-11.767,0,,0,48,30,5
2026-04-15T17:14:33.580,-11.778,0,,0,48,30,5
2026-04-15T17:14:34.580,-11.777,0,,0,48,30,5
2026-04-15T17:14:35.580,-11.785,0,,0,48,30,5
2026-04-15T17:14:36.590,-11.787,0,,0,48,30,5
2026-04-15T17:14:37.580,-11.752,0,,0,48,30,5
2026-04-15T17:14:38.580,-11.780,0,,0,48,30,5
2026-04-15T17:14:39.600,-11.766,0,,0,48,30,5
2026-04-15T17:14:40.580,-11.777,0,,0,48,30,5
2026-04-15T17:14:41.590,-11.786,0,,0,48,30,5
2026-04-15T17:14:42.600,-11.789,0,,0,48,30,5
2026-04-15T17:14:43.600,-11.792,0,,0,48,30,5
2026-04-15T17:14:44.590,-11.776,0,,0,48,30,5
2026-04-15T17:14:45.580,-11.787,0,,0,48,30,5
2026-04-15T17:14:46.580,-11.790,0,,0,48,30,5
2026-04-15T17:14:47.590,-11.781,0,,0,48,30,5
2026-04-15T17:14:48.580,-11.793,0,,0,48,30,5
2026-04-15T17:14:49.580,-11.778,0,,0,48,30,5
2026-04-15T17:14:50.580,-11.784,0,,0,48,30,5
2026-04-15T17:14:51.590,-11.782,0,,0,48,30,5
2026-04-15T17:14:52.580,-11.766,0,,0,48,30,5
2026-04-15T17:14:53.590,-11.791,0,,0,48,30,5
2026-04-15T17:14:54.580,-11.781,0,,0,48,30,5
2026-04-15T17:14:55.580,-11.780,0,,0,48,30,5
2026-04-15T17:14:56.590,-11.800,0,,0,48,30,5
2026-04-15T17:14:57.580,-11.788,0,,0,48,30,5
2026-04-15T17:14:58.580,-11.767,0,,0,48,30,5
2026-04-15T17:14:59.580,-11.767,0,,0,48,30,5
2026-04-15T17:15:00.580,-11.760,0,,0,48,30,5
2026-04-15T17:15:01.580,-11.784,0,,0,48,30,5
2026-04-15T17:15:02.580,-11.804,0,,0,48,30,5
2026-04-15T17:15:03.590,-11.776,0,,0,48,30,5
2026-04-15T17:15:04.580,-11.783,0,,0,48,30,5
2026-04-15T17:15:05.590,-11.796,0,,0,48,30,5
2026-04-15T17:15:06.800,-11.786,0,,0,48,30,5
2026-04-15T17:15:07.580,-11.787,0,,0,48,30,5
2026-04-15T17:15:08.780,-11.783,0,,0,48,30,5
2026-04-15T17:15:09.580,-11.777,0,Image_251.png,0,48,30,5
2026-04-15T17:15:10.980,-11.778,0,,0,48,30,5
2026-04-15T17:15:11.580,-11.789,0,,0,48,30,5
2026-04-15T17:15:12.580,-11.767,0,,0,48,30,5
2026-04-15T17:15:13.590,-11.771,0,,0,48,30,5
2026-04-15T17:15:14.600,-11.774,0,,0,48,30,5
2026-04-15T17:15:15.590,-11.788,0,,0,48,30,5
2026-04-15T17:15:16.580,-11.787,0,,0,48,30,5
2026-04-15T17:15:17.580,-11.788,0,,0,48,30,5
2026-04-15T17:15:18.660,-11.777,0,,0,48,30,5
2026-04-15T17:15:19.600,-11.760,0,,0,48,30,5
2026-04-15T17:15:20.580,-11.793,0,,0,48,30,5
2026-04-15T17:15:21.600,-11.784,0,,0,48,30,5
2026-04-15T17:15:22.820,-11.772,0,,0,48,30,5
2026-04-15T17:15:23.590,-11.785,0,,0,48,30,5
2026-04-15T17:15:24.600,-11.782,0,,0,48,30,5
2026-04-15T17:15:25.590,-11.792,0,,0,48,30,5
2026-04-15T17:15:26.590,-11.777,0,,0,48,30,5
2026-04-15T17:15:27.590,-11.804,0,,0,48,30,5
2026-04-15T17:15:28.580,-11.787,0,,0,48,30,5
2026-04-15T17:15:29.580,-11.792,0,,0,48,30,5
2026-04-15T17:15:30.600,-11.787,0,,0,48,30,5
2026-04-15T17:15:31.580,-11.778,0,,0,48,30,5
2026-04-15T17:15:32.650,-11.799,0,,0,48,30,5
2026-04-15T17:15:33.580,-11.803,0,,0,48,30,5
2026-04-15T17:15:34.710,-11.817,0,,0,48,30,5
2026-04-15T17:15:35.590,-11.810,0,,0,48,30,5
2026-04-15T17:15:36.590,-11.798,0,,0,48,30,5
2026-04-15T17:15:37.590,-11.816,0,,0,48,30,5
2026-04-15T17:15:38.580,-11.817,0,,0,48,30,5
2026-04-15T17:15:39.590,-11.814,0,,0,48,30,5
2026-04-15T17:15:40.590,-11.821,0,,0,48,30,5
2026-04-15T17:15:41.590,-11.819,0,,0,48,30,5
2026-04-15T17:15:42.580,-11.813,0,,0,48,30,5
2026-04-15T17:15:43.580,-11.813,0,,0,48,30,5
2026-04-15T17:15:45.300,-11.837,0,,0,48,30,5
2026-04-15T17:15:45.590,-11.836,0,,0,48,30,5
2026-04-15T17:15:46.590,-11.809,0,,0,48,30,5
2026-04-15T17:15:47.590,-11.824,0,,0,48,30,5
2026-04-15T17:15:48.610,-11.813,0,,0,48,30,5
2026-04-15T17:15:49.580,-11.810,0,,0,48,30,5
2026-04-15T17:15:50.580,-11.813,0,,0,48,30,5
2026-04-15T17:15:51.590,-11.809,0,,0,48,30,5
2026-04-15T17:15:52.590,-11.817,0,,0,48,30,5
2026-04-15T17:15:53.580,-11.816,0,,0,48,30,5
2026-04-15T17:15:54.820,-11.816,0,,0,48,30,5
2026-04-15T17:15:55.590,-11.818,0,,0,48,30,5
2026-04-15T17:15:56.590,-11.811,0,,0,48,30,5
2026-04-15T17:15:57.600,-11.810,0,,0,48,30,5
2026-04-15T17:15:58.590,-11.803,0,,0,48,30,5
2026-04-15T17:15:59.590,-11.801,0,,0,48,30,5
2026-04-15T17:16:00.600,-11.811,0,,0,48,30,5
2026-04-15T17:16:01.600,-11.820,0,,0,48,30,5
2026-04-15T17:16:02.590,-11.809,0,,0,48,30,5
2026-04-15T17:16:03.590,-11.812,0,,0,48,30,5
2026-04-15T17:16:04.580,-11.816,0,,0,48,30,5
2026-04-15T17:16:05.590,-11.822,0,,0,48,30,5
2026-04-15T17:16:06.580,-11.810,0,,0,48,30,5
2026-04-15T17:16:07.590,-11.817,0,,0,48,30,5
2026-04-15T17:16:08.590,-11.818,0,,0,48,30,5
2026-04-15T17:16:09.600,-11.808,0,Image_252.png,0,48,30,5
2026-04-15T17:16:10.970,-11.810,0,,0,48,30,5
2026-04-15T17:16:11.590,-11.818,0,,0,48,30,5
2026-04-15T17:16:12.590,-11.807,0,,0,48,30,5
2026-04-15T17:16:13.590,-11.808,0,,0,48,30,5
2026-04-15T17:16:14.580,-11.817,0,,0,48,30,5
2026-04-15T17:16:15.590,-11.803,0,,0,48,30,5
2026-04-15T17:16:16.580,-11.799,0,,0,48,30,5
2026-04-15T17:16:17.590,-11.808,0,,0,48,30,5
2026-04-15T17:16:18.600,-11.805,0,,0,48,30,5
2026-04-15T17:16:19.600,-11.795,0,,0,48,30,5
2026-04-15T17:16:20.590,-11.797,0,,0,48,30,5
2026-04-15T17:16:21.580,-11.798,0,,0,48,30,5
2026-04-15T17:16:22.590,-11.796,0,,0,48,30,5
2026-04-15T17:16:23.590,-11.787,0,,0,48,30,5
2026-04-15T17:16:24.580,-11.788,0,,0,48,30,5
2026-04-15T17:16:25.590,-11.783,0,,0,48,30,5
2026-04-15T17:16:26.580,-11.788,0,,0,48,30,5
2026-04-15T17:16:27.580,-11.791,0,,0,48,30,5
2026-04-15T17:16:28.580,-11.788,0,,0,48,30,5
2026-04-15T17:16:29.590,-11.782,0,,0,48,30,5
2026-04-15T17:16:30.580,-11.790,0,,0,48,30,5
2026-04-15T17:16:31.580,-11.788,0,,0,48,30,5
2026-04-15T17:16:32.580,-11.789,0,,0,48,30,5
2026-04-15T17:16:33.580,-11.780,0,,0,48,30,5
2026-04-15T17:16:34.590,-11.768,0,,0,48,30,5
2026-04-15T17:16:35.590,-11.780,0,,0,48,30,5
2026-04-15T17:16:36.580,-11.784,0,,0,48,30,5
2026-04-15T17:16:37.580,-11.777,0,,0,48,30,5
2026-04-15T17:16:38.580,-11.773,0,,0,48,30,5
2026-04-15T17:16:39.590,-11.772,0,,0,48,30,5
2026-04-15T17:16:40.620,-11.773,0,,0,48,30,5
2026-04-15T17:16:41.590,-11.764,0,,0,48,30,5
2026-04-15T17:16:42.580,-11.770,0,,0,48,30,5
2026-04-15T17:16:43.580,-11.761,0,,0,48,30,5
2026-04-15T17:16:44.580,-11.765,0,,0,48,30,5
2026-04-15T17:16:45.580,-11.776,0,,0,48,30,5
2026-04-15T17:16:46.590,-11.763,0,,0,48,30,5
2026-04-15T17:16:47.580,-11.766,0,,0,48,30,5
2026-04-15T17:16:48.580,-11.765,0,,0,48,30,5
2026-04-15T17:16:49.580,-11.761,0,,0,48,30,5
2026-04-15T17:16:50.800,-11.766,0,,0,48,30,5
2026-04-15T17:16:51.600,-11.767,0,,0,48,30,5
2026-04-15T17:16:52.590,-11.761,0,,0,48,30,5
2026-04-15T17:16:53.590,-11.765,0,,0,48,30,5
2026-04-15T17:16:54.580,-11.756,0,,0,48,30,5
2026-04-15T17:16:55.580,-11.770,0,,0,48,30,5
2026-04-15T17:16:57.030,-11.771,0,,0,48,30,5
2026-04-15T17:16:57.580,-11.764,0,,0,48,30,5
2026-04-15T17:16:58.590,-11.771,0,,0,48,30,5
2026-04-15T17:16:59.590,-11.774,0,,0,48,30,5
2026-04-15T17:17:00.590,-11.770,0,,0,48,30,5
2026-04-15T17:17:01.580,-11.774,0,,0,48,30,5
2026-04-15T17:17:02.590,-11.780,0,,0,48,30,5
2026-04-15T17:17:03.590,-11.777,0,,0,48,30,5
2026-04-15T17:17:04.830,-11.778,0,,0,48,30,5
2026-04-15T17:17:05.580,-11.783,0,,0,48,30,5
2026-04-15T17:17:07.110,-11.780,0,,0,48,30,5
2026-04-15T17:17:07.580,-11.780,0,,0,48,30,5
2026-04-15T17:17:08.590,-11.790,0,,0,48,30,5
2026-04-15T17:17:09.600,-11.800,0,Image_253.png,0,48,30,5
2026-04-15T17:17:10.920,-11.791,0,,0,48,30,5
2026-04-15T17:17:11.600,-11.778,0,,0,48,30,5
2026-04-15T17:17:12.610,-11.784,0,,0,48,30,5
2026-04-15T17:17:13.600,-11.776,0,,0,48,30,5
2026-04-15T17:17:14.610,-11.774,0,,0,48,30,5
2026-04-15T17:17:15.600,-11.786,0,,0,48,30,5
2026-04-15T17:17:16.610,-11.774,0,,0,48,30,5
2026-04-15T17:17:17.600,-11.778,0,,0,48,30,5
2026-04-15T17:17:18.610,-11.789,0,,0,48,30,5
2026-04-15T17:17:19.600,-11.768,0,,0,48,30,5
2026-04-15T17:17:20.620,-11.769,0,,0,48,30,5
2026-04-15T17:17:21.610,-11.775,0,,0,48,30,5
2026-04-15T17:17:22.600,-11.767,0,,0,48,30,5
2026-04-15T17:17:23.610,-11.769,0,,0,48,30,5
2026-04-15T17:17:24.610,-11.775,0,,0,48,30,5
2026-04-15T17:17:25.610,-11.767,0,,0,48,30,5
2026-04-15T17:17:26.610,-11.768,0,,0,48,30,5
2026-04-15T17:17:27.610,-11.774,0,,0,48,30,5
2026-04-15T17:17:28.610,-11.767,0,,0,48,30,5
2026-04-15T17:17:29.610,-11.766,0,,0,48,30,5
2026-04-15T17:17:30.600,-11.771,0,,0,48,30,5
2026-04-15T17:17:31.600,-11.763,0,,0,48,30,5
2026-04-15T17:17:32.610,-11.761,0,,0,48,30,5
2026-04-15T17:17:33.600,-11.756,0,,0,48,30,5
2026-04-15T17:17:34.600,-11.760,0,,0,48,30,5
2026-04-15T17:17:35.600,-11.765,0,,0,48,30,5
2026-04-15T17:17:36.610,-11.763,0,,0,48,30,5
2026-04-15T17:17:37.600,-11.760,0,,0,48,30,5
2026-04-15T17:17:38.610,-11.764,0,,0,48,30,5
2026-04-15T17:17:39.600,-11.749,0,,0,48,30,5
2026-04-15T17:17:40.610,-11.757,0,,0,48,30,5
2026-04-15T17:17:41.610,-11.774,0,,0,48,30,5
2026-04-15T17:17:42.610,-11.777,0,,0,48,30,5
2026-04-15T17:17:43.610,-11.778,0,,0,48,30,5
2026-04-15T17:17:44.610,-11.776,0,,0,48,30,5
2026-04-15T17:17:45.610,-11.753,0,,0,48,30,5
2026-04-15T17:17:46.600,-11.774,0,,0,48,30,5
2026-04-15T17:17:47.610,-11.771,0,,0,48,30,5
2026-04-15T17:17:48.610,-11.775,0,,0,48,30,5
2026-04-15T17:17:49.600,-11.767,0,,0,48,30,5
2026-04-15T17:17:50.620,-11.770,0,,0,48,30,5
2026-04-15T17:17:51.610,-11.747,0,,0,48,30,5
2026-04-15T17:17:52.600,-11.737,0,,0,48,30,5
2026-04-15T17:17:53.610,-11.767,0,,0,48,30,5
2026-04-15T17:17:54.600,-11.748,0,,0,48,30,5
2026-04-15T17:17:55.610,-11.764,0,,0,48,30,5
2026-04-15T17:17:56.610,-11.755,0,,0,48,30,5
2026-04-15T17:17:57.610,-11.743,0,,0,48,30,5
2026-04-15T17:17:58.610,-11.740,0,,0,48,30,5
2026-04-15T17:17:59.610,-11.752,0,,0,48,30,5
2026-04-15T17:18:00.610,-11.754,0,,0,48,30,5
2026-04-15T17:18:01.610,-11.743,0,,0,48,30,5
2026-04-15T17:18:02.640,-11.746,0,,0,48,30,5
2026-04-15T17:18:03.610,-11.741,0,,0,48,30,5
2026-04-15T17:18:04.720,-11.741,0,,0,48,30,5
2026-04-15T17:18:05.610,-11.745,0,,0,48,30,5
2026-04-15T17:18:06.610,-11.744,0,,0,48,30,5
2026-04-15T17:18:07.610,-11.751,0,,0,48,30,5
2026-04-15T17:18:08.610,-11.748,0,,0,48,30,5
2026-04-15T17:18:09.600,-11.738,0,,0,48,30,5
2026-04-15T17:18:10.600,-11.747,0,Image_254.png,0,48,30,5
2026-04-15T17:18:11.910,-11.737,0,,0,48,30,5
2026-04-15T17:18:12.600,-11.740,0,,0,48,30,5
2026-04-15T17:18:13.610,-11.741,0,,0,48,30,5
2026-04-15T17:18:14.610,-11.732,0,,0,48,30,5
2026-04-15T17:18:15.610,-11.740,0,,0,48,30,5
2026-04-15T17:18:16.600,-11.740,0,,0,48,30,5
2026-04-15T17:18:17.610,-11.736,0,,0,48,30,5
2026-04-15T17:18:18.600,-11.743,0,,0,48,30,5
2026-04-15T17:18:19.600,-11.761,0,,0,48,30,5
2026-04-15T17:18:20.590,-11.759,0,,0,48,30,5
2026-04-15T17:18:21.610,-11.741,0,,0,48,30,5
2026-04-15T17:18:22.600,-11.756,0,,0,48,30,5
2026-04-15T17:18:23.610,-11.740,0,,0,48,30,5
2026-04-15T17:18:24.610,-11.731,0,,0,48,30,5
2026-04-15T17:18:25.600,-11.752,0,,0,48,30,5
2026-04-15T17:18:26.610,-11.740,0,,0,48,30,5
2026-04-15T17:18:27.610,-11.748,0,,0,48,30,5
2026-04-15T17:18:28.610,-11.742,0,,0,48,30,5
2026-04-15T17:18:29.610,-11.725,0,,0,48,30,5
2026-04-15T17:18:30.610,-11.714,0,,0,48,30,5
2026-04-15T17:18:31.600,-11.720,0,,0,48,30,5
2026-04-15T17:18:32.610,-11.727,0,,0,48,30,5
2026-04-15T17:18:33.610,-11.734,0,,0,48,30,5
2026-04-15T17:18:34.630,-11.738,0,,0,48,30,5
2026-04-15T17:18:35.620,-11.741,0,,0,48,30,5
2026-04-15T17:18:36.610,-11.750,0,,0,48,30,5
2026-04-15T17:18:37.610,-11.726,0,,0,48,30,5
2026-04-15T17:18:38.600,-11.723,0,,0,48,30,5
2026-04-15T17:18:39.610,-11.725,0,,0,48,30,5
2026-04-15T17:18:40.600,-11.729,0,,0,48,30,5
2026-04-15T17:18:41.610,-11.731,0,,0,48,30,5
2026-04-15T17:18:42.610,-11.740,0,,0,48,30,5
2026-04-15T17:18:43.600,-11.729,0,,0,48,30,5
2026-04-15T17:18:44.660,-11.747,0,,0,48,30,5
2026-04-15T17:18:45.610,-11.739,0,,0,48,30,5
2026-04-15T17:18:46.820,-11.739,0,,0,48,30,5
2026-04-15T17:18:47.610,-11.740,0,,0,48,30,5
2026-04-15T17:18:49.050,-11.754,0,,0,48,30,5
2026-04-15T17:18:49.610,-11.750,0,,0,48,30,5
2026-04-15T17:18:51.100,-11.749,0,,0,48,30,5
2026-04-15T17:18:51.610,-11.752,0,,0,48,30,5
2026-04-15T17:18:52.600,-11.750,0,,0,48,30,5
2026-04-15T17:18:53.610,-11.739,0,,0,48,30,5
2026-04-15T17:18:54.610,-11.755,0,,0,48,30,5
2026-04-15T17:18:55.610,-11.752,0,,0,48,30,5
2026-04-15T17:18:56.610,-11.758,0,,0,48,30,5
2026-04-15T17:18:57.610,-11.766,0,,0,48,30,5
2026-04-15T17:18:58.750,-11.765,0,,0,48,30,5
2026-04-15T17:18:59.610,-11.765,0,,0,48,30,5
2026-04-15T17:19:00.600,-11.767,0,,0,48,30,5
2026-04-15T17:19:01.600,-11.751,0,,0,48,30,5
2026-04-15T17:19:02.610,-11.765,0,,0,48,30,5
2026-04-15T17:19:03.610,-11.760,0,,0,48,30,5
2026-04-15T17:19:04.600,-11.773,0,,0,48,30,5
2026-04-15T17:19:05.610,-11.760,0,,0,48,30,5
2026-04-15T17:19:06.860,-11.771,0,,0,48,30,5
2026-04-15T17:19:07.610,-11.761,0,,0,48,30,5
2026-04-15T17:19:08.600,-11.783,0,,0,48,30,5
2026-04-15T17:19:09.610,-11.746,0,,0,48,30,5
2026-04-15T17:19:10.780,-11.754,0,Image_255.png,0,48,30,5
2026-04-15T17:19:11.910,-11.765,0,,0,48,30,5
2026-04-15T17:19:12.610,-11.759,0,,0,48,30,5
2026-04-15T17:19:13.610,-11.778,0,,0,48,30,5
2026-04-15T17:19:14.610,-11.779,0,,0,48,30,5
2026-04-15T17:19:15.610,-11.774,0,,0,48,30,5
2026-04-15T17:19:16.610,-11.772,0,,0,48,30,5
2026-04-15T17:19:17.610,-11.773,0,,0,48,30,5
2026-04-15T17:19:18.610,-11.760,0,,0,48,30,5
2026-04-15T17:19:19.590,-11.762,0,,0,48,30,5
2026-04-15T17:19:20.610,-11.764,0,,0,48,30,5
2026-04-15T17:19:21.610,-11.752,0,,0,48,30,5
2026-04-15T17:19:22.600,-11.778,0,,0,48,30,5
2026-04-15T17:19:23.600,-11.772,0,,0,48,30,5
2026-04-15T17:19:24.700,-11.778,0,,0,48,30,5
2026-04-15T17:19:25.610,-11.774,0,,0,48,30,5
2026-04-15T17:19:26.610,-11.782,0,,0,48,30,5
2026-04-15T17:19:27.610,-11.784,0,,0,48,30,5
2026-04-15T17:19:28.600,-11.782,0,,0,48,30,5
2026-04-15T17:19:29.610,-11.773,0,,0,48,30,5
2026-04-15T17:19:30.600,-11.790,0,,0,48,30,5
2026-04-15T17:19:31.610,-11.805,0,,0,48,30,5
2026-04-15T17:19:32.610,-11.785,0,,0,48,30,5
2026-04-15T17:19:33.610,-11.797,0,,0,48,30,5
2026-04-15T17:19:34.610,-11.788,0,,0,48,30,5
2026-04-15T17:19:35.610,-11.758,0,,0,48,30,5
2026-04-15T17:19:37.920,-11.768,0,,0,48,30,5
2026-04-15T17:19:38.610,-11.792,0,,0,48,30,5
2026-04-15T17:19:39.600,-11.810,0,,0,48,30,5
2026-04-15T17:19:40.720,-11.818,0,,0,48,30,5
2026-04-15T17:19:41.610,-11.814,0,,0,48,30,5
2026-04-15T17:19:42.610,-11.824,0,,0,48,30,5
2026-04-15T17:19:43.600,-11.818,0,,0,48,30,5
2026-04-15T17:19:44.610,-11.822,0,,0,48,30,5
2026-04-15T17:19:45.610,-11.833,0,,0,48,30,5
2026-04-15T17:19:46.740,-11.825,0,,0,48,30,5
2026-04-15T17:19:47.610,-11.831,0,,0,48,30,5
2026-04-15T17:19:48.610,-11.820,0,,0,48,30,5
2026-04-15T17:19:49.610,-11.812,0,,0,48,30,5
2026-04-15T17:19:50.630,-11.820,0,,0,48,30,5
2026-04-15T17:19:51.610,-11.799,0,,0,48,30,5
2026-04-15T17:19:52.810,-11.807,0,,0,48,30,5
2026-04-15T17:19:53.610,-11.809,0,,0,48,30,5
2026-04-15T17:19:54.610,-11.823,0,,0,48,30,5
2026-04-15T17:19:55.610,-11.799,0,,0,48,30,5
2026-04-15T17:19:56.610,-11.814,0,,0,48,30,5
2026-04-15T17:19:57.610,-11.802,0,,0,48,30,5
2026-04-15T17:19:58.600,-11.809,0,,0,48,30,5
2026-04-15T17:19:59.610,-11.818,0,,0,48,30,5
2026-04-15T17:20:00.610,-11.819,0,,0,48,30,5
2026-04-15T17:20:01.610,-11.821,0,,0,48,30,5
2026-04-15T17:20:02.610,-11.819,0,,0,48,30,5
2026-04-15T17:20:03.610,-11.811,0,,0,48,30,5
2026-04-15T17:20:04.610,-11.826,0,,0,48,30,5
2026-04-15T17:20:05.610,-11.821,0,,0,48,30,5
2026-04-15T17:20:06.610,-11.804,0,,0,48,30,5
2026-04-15T17:20:07.610,-11.815,0,,0,48,30,5
2026-04-15T17:20:08.610,-11.789,0,,0,48,30,5
2026-04-15T17:20:09.610,-11.820,0,,0,48,30,5
2026-04-15T17:20:10.610,-11.818,0,Image_256.png,0,48,30,5
2026-04-15T17:20:11.910,-11.843,0,,0,48,30,5
2026-04-15T17:20:12.610,-11.858,0,,0,48,30,5
2026-04-15T17:20:13.600,-11.858,0,,0,48,30,5
2026-04-15T17:20:14.610,-11.842,0,,0,48,30,5
2026-04-15T17:20:15.610,-11.826,0,,0,48,30,5
2026-04-15T17:20:16.610,-11.825,0,,0,48,30,5
2026-04-15T17:20:17.610,-11.815,0,,0,48,30,5
2026-04-15T17:20:18.610,-11.812,0,,0,48,30,5
2026-04-15T17:20:19.600,-11.817,0,,0,48,30,5
2026-04-15T17:20:20.640,-11.789,0,,0,48,30,5
2026-04-15T17:20:21.600,-11.803,0,,0,48,30,5
2026-04-15T17:20:22.610,-11.792,0,,0,48,30,5
2026-04-15T17:20:23.610,-11.802,0,,0,48,30,5
2026-04-15T17:20:24.610,-11.799,0,,0,48,30,5
2026-04-15T17:20:25.600,-11.801,0,,0,48,30,5
2026-04-15T17:20:26.610,-11.798,0,,0,48,30,5
2026-04-15T17:20:27.600,-11.809,0,,0,48,30,5
2026-04-15T17:20:28.600,-11.807,0,,0,48,30,5
2026-04-15T17:20:29.610,-11.816,0,,0,48,30,5
2026-04-15T17:20:30.600,-11.806,0,,0,48,30,5
2026-04-15T17:20:31.600,-11.828,0,,0,48,30,5
2026-04-15T17:20:32.660,-11.830,0,,0,48,30,5
2026-04-15T17:20:33.610,-11.821,0,,0,48,30,5
2026-04-15T17:20:34.620,-11.839,0,,0,48,30,5
2026-04-15T17:20:35.610,-11.815,0,,0,48,30,5
2026-04-15T17:20:36.610,-11.813,0,,0,48,30,5
2026-04-15T17:20:37.610,-11.824,0,,0,48,30,5
2026-04-15T17:20:38.610,-11.792,0,,0,48,30,5
2026-04-15T17:20:39.610,-11.806,0,,0,48,30,5
2026-04-15T17:20:40.610,-11.823,0,,0,48,30,5
2026-04-15T17:20:41.610,-11.817,0,,0,48,30,5
2026-04-15T17:20:42.610,-11.817,0,,0,48,30,5
2026-04-15T17:20:43.600,-11.841,0,,0,48,30,5
2026-04-15T17:20:44.610,-11.824,0,,0,48,30,5
2026-04-15T17:20:45.600,-11.845,0,,0,48,30,5
2026-04-15T17:20:46.790,-11.841,0,,0,48,30,5
2026-04-15T17:20:47.610,-11.826,0,,0,48,30,5
2026-04-15T17:20:48.610,-11.826,0,,0,48,30,5
2026-04-15T17:20:49.600,-11.801,0,,0,48,30,5
2026-04-15T17:20:50.610,-11.807,0,,0,48,30,5
2026-04-15T17:20:51.600,-11.816,0,,0,48,30,5
2026-04-15T17:20:52.600,-11.806,0,,0,48,30,5
2026-04-15T17:20:53.610,-11.812,0,,0,48,30,5
2026-04-15T17:20:54.720,-11.807,0,,0,48,30,5
2026-04-15T17:20:55.600,-11.808,0,,0,48,30,5
2026-04-15T17:20:56.600,-11.813,0,,0,48,30,5
2026-04-15T17:20:57.600,-11.813,0,,0,48,30,5
2026-04-15T17:20:58.960,-11.812,0,,0,48,30,5
2026-04-15T17:20:59.610,-11.806,0,,0,48,30,5
2026-04-15T17:21:00.610,-11.824,0,,0,48,30,5
2026-04-15T17:21:01.600,-11.818,0,,0,48,30,5
2026-04-15T17:21:02.610,-11.806,0,,0,48,30,5
2026-04-15T17:21:03.600,-11.822,0,,0,48,30,5
2026-04-15T17:21:04.610,-11.812,0,,0,48,30,5
2026-04-15T17:21:05.610,-11.815,0,,0,48,30,5
2026-04-15T17:21:06.610,-11.828,0,,0,48,30,5
2026-04-15T17:21:07.600,-11.834,0,,0,48,30,5
2026-04-15T17:21:08.610,-11.823,0,,0,48,30,5
2026-04-15T17:21:09.600,-11.831,0,,0,48,30,5
2026-04-15T17:21:10.610,-11.829,0,Image_257.png,0,48,30,5
2026-04-15T17:21:11.920,-11.824,0,,0,48,30,5
2026-04-15T17:21:12.610,-11.804,0,,0,48,30,5
2026-04-15T17:21:13.610,-11.826,0,,0,48,30,5
2026-04-15T17:21:14.610,-11.833,0,,0,48,30,5
2026-04-15T17:21:15.600,-11.831,0,,0,48,30,5
2026-04-15T17:21:16.600,-11.835,0,,0,48,30,5
2026-04-15T17:21:17.610,-11.835,0,,0,48,30,5
2026-04-15T17:21:18.600,-11.839,0,,0,48,30,5
2026-04-15T17:21:19.610,-11.831,0,,0,48,30,5
2026-04-15T17:21:20.610,-11.834,0,,0,48,30,5
2026-04-15T17:21:21.610,-11.830,0,,0,48,30,5
2026-04-15T17:21:22.600,-11.840,0,,0,48,30,5
2026-04-15T17:21:23.610,-11.830,0,,0,48,30,5
2026-04-15T17:21:24.600,-11.845,0,,0,48,30,5
2026-04-15T17:21:25.610,-11.834,0,,0,48,30,5
2026-04-15T17:21:26.600,-11.828,0,,0,48,30,5
2026-04-15T17:21:27.610,-11.836,0,,0,48,30,5
2026-04-15T17:21:28.600,-11.842,0,,0,48,30,5
2026-04-15T17:21:29.610,-11.843,0,,0,48,30,5
2026-04-15T17:21:30.600,-11.835,0,,0,48,30,5
2026-04-15T17:21:31.600,-11.858,0,,0,48,30,5
2026-04-15T17:21:32.610,-11.853,0,,0,48,30,5
2026-04-15T17:21:33.610,-11.855,0,,0,48,30,5
2026-04-15T17:21:34.810,-11.837,0,,0,48,30,5
2026-04-15T17:21:35.610,-11.841,0,,0,48,30,5
2026-04-15T17:21:36.610,-11.836,0,,0,48,30,5
2026-04-15T17:21:37.610,-11.848,0,,0,48,30,5
2026-04-15T17:21:38.610,-11.858,0,,0,48,30,5
2026-04-15T17:21:39.610,-11.868,0,,0,48,30,5
2026-04-15T17:21:40.600,-11.845,0,,0,48,30,5
2026-04-15T17:21:41.610,-11.856,0,,0,48,30,5
2026-04-15T17:21:42.610,-11.854,0,,0,48,30,5
2026-04-15T17:21:43.610,-11.849,0,,0,48,30,5
2026-04-15T17:21:44.610,-11.858,0,,0,48,30,5
2026-04-15T17:21:45.610,-11.863,0,,0,48,30,5
2026-04-15T17:21:46.600,-11.850,0,,0,48,30,5
2026-04-15T17:21:47.610,-11.832,0,,0,48,30,5
2026-04-15T17:21:48.600,-11.849,0,,0,48,30,5
2026-04-15T17:21:49.610,-11.837,0,,0,48,30,5
2026-04-15T17:21:50.610,-11.864,0,,0,48,30,5
2026-04-15T17:21:51.610,-11.863,0,,0,48,30,5
2026-04-15T17:21:52.600,-11.868,0,,0,48,30,5
2026-04-15T17:21:53.610,-11.876,0,,0,48,30,5
2026-04-15T17:21:55.740,-11.886,0,,0,48,30,5
2026-04-15T17:21:56.610,-11.872,0,,0,48,30,5
2026-04-15T17:21:57.600,-11.858,0,,0,48,30,5
2026-04-15T17:21:58.600,-11.851,0,,0,48,30,5
2026-04-15T17:21:59.610,-11.872,0,,0,48,30,5
2026-04-15T17:22:00.610,-11.877,0,,0,48,30,5
2026-04-15T17:22:01.600,-11.863,0,,0,48,30,5
2026-04-15T17:22:02.610,-11.844,0,,0,48,30,5
2026-04-15T17:22:03.610,-11.879,0,,0,48,30,5
2026-04-15T17:22:04.610,-11.881,0,,0,48,30,5
2026-04-15T17:22:05.610,-11.863,0,,0,48,30,5
2026-04-15T17:22:06.610,-11.892,0,,0,48,30,5
2026-04-15T17:22:07.610,-11.870,0,,0,48,30,5
2026-04-15T17:22:08.610,-11.875,0,,0,48,30,5
2026-04-15T17:22:09.610,-11.872,0,,0,48,30,5
2026-04-15T17:22:10.600,-11.862,0,,0,48,30,5
2026-04-15T17:22:11.610,-11.892,0,Image_258.png,0,48,30,5
2026-04-15T17:22:12.910,-11.879,0,,0,48,30,5
2026-04-15T17:22:13.610,-11.883,0,,0,48,30,5
2026-04-15T17:22:14.610,-11.878,0,,0,48,30,5
2026-04-15T17:22:15.610,-11.879,0,,0,48,30,5
2026-04-15T17:22:16.600,-11.881,0,,0,48,30,5
2026-04-15T17:22:17.610,-11.901,0,,0,48,30,5
2026-04-15T17:22:18.610,-11.893,0,,0,48,30,5
2026-04-15T17:22:19.600,-11.887,0,,0,48,30,5
2026-04-15T17:22:20.610,-11.858,0,,0,48,30,5
2026-04-15T17:22:21.610,-11.866,0,,0,48,30,5
2026-04-15T17:22:22.600,-11.868,0,,0,48,30,5
2026-04-15T17:22:23.610,-11.860,0,,0,48,30,5
2026-04-15T17:22:24.610,-11.873,0,,0,48,30,5
2026-04-15T17:22:25.600,-11.881,0,,0,48,30,5
2026-04-15T17:22:26.620,-11.880,0,,0,48,30,5
2026-04-15T17:22:27.610,-11.870,0,,0,48,30,5
2026-04-15T17:22:28.600,-11.850,0,,0,48,30,5
2026-04-15T17:22:29.610,-11.838,0,,0,48,30,5
2026-04-15T17:22:30.720,-11.854,0,,0,48,30,5
2026-04-15T17:22:31.600,-11.858,0,,0,48,30,5
2026-04-15T17:22:32.760,-11.852,0,,0,48,30,5
2026-04-15T17:22:33.600,-11.855,0,,0,48,30,5
2026-04-15T17:22:34.600,-11.833,0,,0,48,30,5
2026-04-15T17:22:35.610,-11.838,0,,0,48,30,5
2026-04-15T17:22:36.600,-11.828,0,,0,48,30,5
2026-04-15T17:22:37.610,-11.832,0,,0,48,30,5
2026-04-15T17:22:38.610,-11.821,0,,0,48,30,5
2026-04-15T17:22:39.610,-11.829,0,,0,48,30,5
2026-04-15T17:22:40.600,-11.838,0,,0,48,30,5
2026-04-15T17:22:41.610,-11.849,0,,0,48,30,5
2026-04-15T17:22:42.610,-11.848,0,,0,48,30,5
2026-04-15T17:22:43.610,-11.851,0,,0,48,30,5
2026-04-15T17:22:44.610,-11.827,0,,0,48,30,5
2026-04-15T17:22:45.610,-11.830,0,,0,48,30,5
2026-04-15T17:22:46.600,-11.835,0,,0,48,30,5
2026-04-15T17:22:47.600,-11.837,0,,0,48,30,5
2026-04-15T17:22:48.600,-11.822,0,,0,48,30,5
2026-04-15T17:22:49.600,-11.819,0,,0,48,30,5
2026-04-15T17:22:50.640,-11.829,0,,0,48,30,5
2026-04-15T17:22:51.610,-11.832,0,,0,48,30,5
2026-04-15T17:22:52.600,-11.837,0,,0,48,30,5
2026-04-15T17:22:53.610,-11.835,0,,0,48,30,5
2026-04-15T17:22:54.600,-11.829,0,,0,48,30,5
2026-04-15T17:22:55.610,-11.839,0,,0,48,30,5
2026-04-15T17:22:56.610,-11.840,0,,0,48,30,5
2026-04-15T17:22:57.610,-11.835,0,,0,48,30,5
2026-04-15T17:22:58.610,-11.831,0,,0,48,30,5
2026-04-15T17:22:59.600,-11.823,0,,0,48,30,5
2026-04-15T17:23:00.610,-11.803,0,,0,48,30,5
2026-04-15T17:23:01.610,-11.827,0,,0,48,30,5
2026-04-15T17:23:02.610,-11.819,0,,0,48,30,5
2026-04-15T17:23:03.610,-11.819,0,,0,48,30,5
2026-04-15T17:23:04.730,-11.843,0,,0,48,30,5
2026-04-15T17:23:05.610,-11.844,0,,0,48,30,5
2026-04-15T17:23:06.600,-11.827,0,,0,48,30,5
2026-04-15T17:23:07.610,-11.834,0,,0,48,30,5
2026-04-15T17:23:08.610,-11.823,0,,0,48,30,5
2026-04-15T17:23:09.610,-11.824,0,,0,48,30,5
2026-04-15T17:23:10.600,-11.820,0,,0,48,30,5
2026-04-15T17:23:11.610,-11.811,0,,0,48,30,5
2026-04-15T17:23:13.760,-11.817,0,Image_259.png,0,48,30,5
2026-04-15T17:23:14.910,-11.814,0,,0,48,30,5
2026-04-15T17:23:15.610,-11.828,0,,0,48,30,5
2026-04-15T17:23:16.610,-11.821,0,,0,48,30,5
2026-04-15T17:23:17.610,-11.816,0,,0,48,30,5
2026-04-15T17:23:18.610,-11.810,0,,0,48,30,5
2026-04-15T17:23:19.600,-11.817,0,,0,48,30,5
2026-04-15T17:23:20.610,-11.815,0,,0,48,30,5
2026-04-15T17:23:21.610,-11.806,0,,0,48,30,5
2026-04-15T17:23:22.600,-11.829,0,,0,48,30,5
2026-04-15T17:23:23.610,-11.840,0,,0,48,30,5
2026-04-15T17:23:24.610,-11.822,0,,0,48,30,5
2026-04-15T17:23:25.600,-11.817,0,,0,48,30,5
2026-04-15T17:23:26.610,-11.821,0,,0,48,30,5
2026-04-15T17:23:27.610,-11.808,0,,0,48,30,5
2026-04-15T17:23:28.650,-11.804,0,,0,48,30,5
2026-04-15T17:23:29.600,-11.802,0,,0,48,30,5
2026-04-15T17:23:30.610,-11.803,0,,0,48,30,5
2026-04-15T17:23:31.610,-11.810,0,,0,48,30,5
2026-04-15T17:23:32.610,-11.823,0,,0,48,30,5
2026-04-15T17:23:33.610,-11.827,0,,0,48,30,5
2026-04-15T17:23:34.610,-11.819,0,,0,48,30,5
2026-04-15T17:23:35.610,-11.814,0,,0,48,30,5
2026-04-15T17:23:36.640,-11.808,0,,0,48,30,5
2026-04-15T17:23:37.610,-11.816,0,,0,48,30,5
2026-04-15T17:23:38.610,-11.815,0,,0,48,30,5
2026-04-15T17:23:39.610,-11.821,0,,0,48,30,5
2026-04-15T17:23:40.600,-11.818,0,,0,48,30,5
2026-04-15T17:23:41.610,-11.818,0,,0,48,30,5
2026-04-15T17:23:42.610,-11.822,0,,0,48,30,5
2026-04-15T17:23:43.610,-11.799,0,,0,48,30,5
2026-04-15T17:23:44.600,-11.797,0,,0,48,30,5
2026-04-15T17:23:45.610,-11.790,0,,0,48,30,5
2026-04-15T17:23:46.610,-11.804,0,,0,48,30,5
2026-04-15T17:23:47.610,-11.814,0,,0,48,30,5
2026-04-15T17:23:48.890,-11.832,0,,0,48,30,5
2026-04-15T17:23:49.600,-11.820,0,,0,48,30,5
2026-04-15T17:23:50.610,-11.826,0,,0,48,30,5
2026-04-15T17:23:51.610,-11.826,0,,0,48,30,5
2026-04-15T17:23:52.630,-11.830,0,,0,48,30,5
2026-04-15T17:23:53.610,-11.828,0,,0,48,30,5
2026-04-15T17:23:54.650,-11.830,0,,0,48,30,5
2026-04-15T17:23:55.600,-11.829,0,,0,48,30,5
2026-04-15T17:23:56.610,-11.826,0,,0,48,30,5
2026-04-15T17:23:57.600,-11.822,0,,0,48,30,5
2026-04-15T17:23:58.600,-11.825,0,,0,48,30,5
2026-04-15T17:23:59.620,-11.816,0,,0,48,30,5
2026-04-15T17:24:00.610,-11.808,0,,0,48,30,5
2026-04-15T17:24:01.610,-11.806,0,,0,48,30,5
2026-04-15T17:24:02.610,-11.810,0,,0,48,30,5
2026-04-15T17:24:03.610,-11.834,0,,0,48,30,5
2026-04-15T17:24:04.600,-11.820,0,,0,48,30,5
2026-04-15T17:24:05.610,-11.832,0,,0,48,30,5
2026-04-15T17:24:06.610,-11.817,0,,0,48,30,5
2026-04-15T17:24:07.610,-11.822,0,,0,48,30,5
2026-04-15T17:24:08.610,-11.828,0,,0,48,30,5
2026-04-15T17:24:09.610,-11.821,0,,0,48,30,5
2026-04-15T17:24:10.610,-11.820,0,,0,48,30,5
2026-04-15T17:24:11.610,-11.819,0,,0,48,30,5
2026-04-15T17:24:12.640,-11.827,0,,0,48,30,5
2026-04-15T17:24:13.600,-11.824,0,Image_260.png,0,48,30,5
2026-04-15T17:24:14.920,-11.823,0,,0,48,30,5
2026-04-15T17:24:15.600,-11.821,0,,0,48,30,5
2026-04-15T17:24:16.600,-11.826,0,,0,48,30,5
2026-04-15T17:24:17.600,-11.833,0,,0,48,30,5
2026-04-15T17:24:18.610,-11.824,0,,0,48,30,5
2026-04-15T17:24:19.600,-11.832,0,,0,48,30,5
2026-04-15T17:24:20.610,-11.819,0,,0,48,30,5
2026-04-15T17:24:21.600,-11.825,0,,0,48,30,5
2026-04-15T17:24:22.600,-11.818,0,,0,48,30,5
2026-04-15T17:24:23.610,-11.824,0,,0,48,30,5
2026-04-15T17:24:24.820,-11.815,0,,0,48,30,5
2026-04-15T17:24:25.610,-11.815,0,,0,48,30,5
2026-04-15T17:24:26.610,-11.817,0,,0,48,30,5
2026-04-15T17:24:27.600,-11.813,0,,0,48,30,5
2026-04-15T17:24:28.600,-11.818,0,,0,48,30,5
2026-04-15T17:24:29.610,-11.812,0,,0,48,30,5
2026-04-15T17:24:30.800,-11.805,0,,0,48,30,5
2026-04-15T17:24:31.600,-11.818,0,,0,48,30,5
2026-04-15T17:24:32.610,-11.815,0,,0,48,30,5
2026-04-15T17:24:33.600,-11.819,0,,0,48,30,5
2026-04-15T17:24:34.680,-11.808,0,,0,48,30,5
2026-04-15T17:24:35.610,-11.813,0,,0,48,30,5
2026-04-15T17:24:36.600,-11.820,0,,0,48,30,5
2026-04-15T17:24:37.600,-11.810,0,,0,48,30,5
2026-04-15T17:24:38.610,-11.813,0,,0,48,30,5
2026-04-15T17:24:39.610,-11.793,0,,0,48,30,5
2026-04-15T17:24:40.600,-11.800,0,,0,48,30,5
2026-04-15T17:24:41.610,-11.800,0,,0,48,30,5
2026-04-15T17:24:42.610,-11.798,0,,0,48,30,5
2026-04-15T17:24:43.600,-11.810,0,,0,48,30,5
2026-04-15T17:24:45.060,-11.801,0,,0,48,30,5
2026-04-15T17:24:45.610,-11.799,0,,0,48,30,5
2026-04-15T17:24:46.610,-11.794,0,,0,48,30,5
2026-04-15T17:24:47.610,-11.796,0,,0,48,30,5
2026-04-15T17:24:48.770,-11.791,0,,0,48,30,5
2026-04-15T17:24:49.600,-11.809,0,,0,48,30,5
2026-04-15T17:24:50.820,-11.818,0,,0,48,30,5
2026-04-15T17:24:51.610,-11.795,0,,0,48,30,5
2026-04-15T17:24:52.600,-11.787,0,,0,48,30,5
2026-04-15T17:24:53.610,-11.800,0,,0,48,30,5
2026-04-15T17:24:54.610,-11.797,0,,0,48,30,5
2026-04-15T17:24:55.600,-11.800,0,,0,48,30,5
2026-04-15T17:24:56.610,-11.814,0,,0,48,30,5
2026-04-15T17:24:57.600,-11.802,0,,0,48,30,5
2026-04-15T17:24:58.610,-11.817,0,,0,48,30,5
2026-04-15T17:24:59.610,-11.815,0,,0,48,30,5
2026-04-15T17:25:00.630,-11.811,0,,0,48,30,5
2026-04-15T17:25:01.600,-11.813,0,,0,48,30,5
2026-04-15T17:25:02.610,-11.824,0,,0,48,30,5
2026-04-15T17:25:03.600,-11.804,0,,0,48,30,5
2026-04-15T17:25:04.780,-11.802,0,,0,48,30,5
2026-04-15T17:25:05.610,-11.805,0,,0,48,30,5
2026-04-15T17:25:06.610,-11.808,0,,0,48,30,5
2026-04-15T17:25:07.600,-11.817,0,,0,48,30,5
2026-04-15T17:25:08.610,-11.824,0,,0,48,30,5
2026-04-15T17:25:09.610,-11.835,0,,0,48,30,5
2026-04-15T17:25:10.610,-11.820,0,,0,48,30,5
2026-04-15T17:25:11.610,-11.809,0,,0,48,30,5
2026-04-15T17:25:12.610,-11.829,0,,0,48,30,5
2026-04-15T17:25:13.610,-11.831,0,,0,48,30,5
2026-04-15T17:25:14.600,-11.807,0,Image_261.png,0,48,30,5
2026-04-15T17:25:15.910,-11.804,0,,0,48,30,5
2026-04-15T17:25:16.600,-11.814,0,,0,48,30,5
2026-04-15T17:25:17.610,-11.802,0,,0,48,30,5
2026-04-15T17:25:18.600,-11.810,0,,0,48,30,5
2026-04-15T17:25:19.610,-11.806,0,,0,48,30,5
2026-04-15T17:25:20.610,-11.808,0,,0,48,30,5
2026-04-15T17:25:21.610,-11.835,0,,0,48,30,5
2026-04-15T17:25:22.600,-11.807,0,,0,48,30,5
2026-04-15T17:25:23.610,-11.817,0,,0,48,30,5
2026-04-15T17:25:24.610,-11.793,0,,0,48,30,5
2026-04-15T17:25:25.600,-11.790,0,,0,48,30,5
2026-04-15T17:25:26.630,-11.780,0,,0,48,30,5
2026-04-15T17:25:27.610,-11.786,0,,0,48,30,5
2026-04-15T17:25:29.160,-11.792,0,,0,48,30,5
2026-04-15T17:25:29.610,-11.780,0,,0,48,30,5
2026-04-15T17:25:30.600,-11.785,0,,0,48,30,5
2026-04-15T17:25:31.610,-11.764,0,,0,48,30,5
2026-04-15T17:25:32.610,-11.781,0,,0,48,30,5
2026-04-15T17:25:33.600,-11.788,0,,0,48,30,5
2026-04-15T17:25:34.610,-11.819,0,,0,48,30,5
2026-04-15T17:25:35.610,-11.819,0,,0,48,30,5
2026-04-15T17:25:36.610,-11.819,0,,0,48,30,5
2026-04-15T17:25:37.610,-11.814,0,,0,48,30,5
2026-04-15T17:25:38.630,-11.784,0,,0,48,30,5
2026-04-15T17:25:39.610,-11.788,0,,0,48,30,5
2026-04-15T17:25:40.610,-11.794,0,,0,48,30,5
2026-04-15T17:25:41.610,-11.783,0,,0,48,30,5
2026-04-15T17:25:42.610,-11.801,0,,0,48,30,5
2026-04-15T17:25:43.610,-11.806,0,,0,48,30,5
2026-04-15T17:25:44.610,-11.800,0,,0,48,30,5
2026-04-15T17:25:45.610,-11.807,0,,0,48,30,5
2026-04-15T17:25:46.600,-11.791,0,,0,48,30,5
2026-04-15T17:25:47.600,-11.796,0,,0,48,30,5
2026-04-15T17:25:48.610,-11.795,0,,0,48,30,5
2026-04-15T17:25:49.600,-11.797,0,,0,48,30,5
2026-04-15T17:25:50.610,-11.795,0,,0,48,30,5
2026-04-15T17:25:51.610,-11.781,0,,0,48,30,5
2026-04-15T17:25:52.600,-11.771,0,,0,48,30,5
2026-04-15T17:25:53.610,-11.763,0,,0,48,30,5
2026-04-15T17:25:54.600,-11.768,0,,0,48,30,5
2026-04-15T17:25:55.610,-11.786,0,,0,48,30,5
2026-04-15T17:25:56.780,-11.776,0,,0,48,30,5
2026-04-15T17:25:57.600,-11.779,0,,0,48,30,5
2026-04-15T17:25:58.600,-11.774,0,,0,48,30,5
2026-04-15T17:25:59.610,-11.781,0,,0,48,30,5
2026-04-15T17:26:00.600,-11.784,0,,0,48,30,5
2026-04-15T17:26:01.610,-11.783,0,,0,48,30,5
2026-04-15T17:26:02.610,-11.772,0,,0,48,30,5
2026-04-15T17:26:03.610,-11.770,0,,0,48,30,5
2026-04-15T17:26:04.600,-11.780,0,,0,48,30,5
2026-04-15T17:26:05.610,-11.774,0,,0,48,30,5
2026-04-15T17:26:06.600,-11.760,0,,0,48,30,5
2026-04-15T17:26:07.600,-11.770,0,,0,48,30,5
2026-04-15T17:26:08.620,-11.769,0,,0,48,30,5
2026-04-15T17:26:09.610,-11.767,0,,0,48,30,5
2026-04-15T17:26:10.600,-11.764,0,,0,48,30,5
2026-04-15T17:26:11.610,-11.779,0,,0,48,30,5
2026-04-15T17:26:12.600,-11.770,0,,0,48,30,5
2026-04-15T17:26:13.600,-11.754,0,,0,48,30,5
2026-04-15T17:26:14.610,-11.759,0,,0,48,30,5
2026-04-15T17:26:15.610,-11.759,0,Image_262.png,0,48,30,5
2026-04-15T17:26:16.920,-11.753,0,,0,48,30,5
2026-04-15T17:26:17.610,-11.753,0,,0,48,30,5
2026-04-15T17:26:18.610,-11.757,0,,0,48,30,5
2026-04-15T17:26:19.600,-11.759,0,,0,48,30,5
2026-04-15T17:26:20.610,-11.753,0,,0,48,30,5
2026-04-15T17:26:21.600,-11.750,0,,0,48,30,5
2026-04-15T17:26:22.600,-11.755,0,,0,48,30,5
2026-04-15T17:26:23.610,-11.756,0,,0,48,30,5
2026-04-15T17:26:24.610,-11.754,0,,0,48,30,5
2026-04-15T17:26:25.600,-11.737,0,,0,48,30,5
2026-04-15T17:26:26.610,-11.732,0,,0,48,30,5
2026-04-15T17:26:27.600,-11.729,0,,0,48,30,5
2026-04-15T17:26:28.600,-11.722,0,,0,48,30,5
2026-04-15T17:26:29.610,-11.730,0,,0,48,30,5
2026-04-15T17:26:30.610,-11.725,0,,0,48,30,5
2026-04-15T17:26:31.600,-11.729,0,,0,48,30,5
2026-04-15T17:26:32.600,-11.755,0,,0,48,30,5
2026-04-15T17:26:33.600,-11.754,0,,0,48,30,5
2026-04-15T17:26:34.610,-11.755,0,,0,48,30,5
2026-04-15T17:26:35.610,-11.736,0,,0,48,30,5
2026-04-15T17:26:36.690,-11.733,0,,0,48,30,5
2026-04-15T17:26:37.600,-11.723,0,,0,48,30,5
2026-04-15T17:26:39.360,-11.742,0,,0,48,30,5
2026-04-15T17:26:39.700,-11.741,0,,0,48,30,5
2026-04-15T17:26:40.610,-11.731,0,,0,48,30,5
2026-04-15T17:26:41.610,-11.751,0,,0,48,30,5
2026-04-15T17:26:42.600,-11.734,0,,0,48,30,5
2026-04-15T17:26:43.610,-11.739,0,,0,48,30,5
2026-04-15T17:26:44.610,-11.734,0,,0,48,30,5
2026-04-15T17:26:45.600,-11.732,0,,0,48,30,5
2026-04-15T17:26:46.610,-11.732,0,,0,48,30,5
2026-04-15T17:26:47.600,-11.734,0,,0,48,30,5
2026-04-15T17:26:48.800,-11.750,0,,0,48,30,5
2026-04-15T17:26:49.600,-11.743,0,,0,48,30,5
2026-04-15T17:26:50.610,-11.734,0,,0,48,30,5
2026-04-15T17:26:51.600,-11.744,0,,0,48,30,5
2026-04-15T17:26:52.600,-11.716,0,,0,48,30,5
2026-04-15T17:26:53.610,-11.722,0,,0,48,30,5
2026-04-15T17:26:54.610,-11.728,0,,0,48,30,5
2026-04-15T17:26:55.610,-11.738,0,,0,48,30,5
2026-04-15T17:26:56.610,-11.734,0,,0,48,30,5
2026-04-15T17:26:57.610,-11.747,0,,0,48,30,5
2026-04-15T17:26:58.830,-11.734,0,,0,48,30,5
2026-04-15T17:26:59.610,-11.738,0,,0,48,30,5
2026-04-15T17:27:00.610,-11.736,0,,0,48,30,5
2026-04-15T17:27:01.600,-11.733,0,,0,48,30,5
2026-04-15T17:27:02.620,-11.738,0,,0,48,30,5
2026-04-15T17:27:03.610,-11.732,0,,0,48,30,5
2026-04-15T17:27:04.600,-11.735,0,,0,48,30,5
2026-04-15T17:27:05.610,-11.714,0,,0,48,30,5
2026-04-15T17:27:06.610,-11.715,0,,0,48,30,5
2026-04-15T17:27:07.600,-11.729,0,,0,48,30,5
2026-04-15T17:27:08.610,-11.733,0,,0,48,30,5
2026-04-15T17:27:09.610,-11.739,0,,0,48,30,5
2026-04-15T17:27:10.600,-11.761,0,,0,48,30,5
2026-04-15T17:27:11.610,-11.760,0,,0,48,30,5
2026-04-15T17:27:12.610,-11.774,0,,0,48,30,5
2026-04-15T17:27:13.600,-11.763,0,,0,48,30,5
2026-04-15T17:27:14.610,-11.732,0,,0,48,30,5
2026-04-15T17:27:15.600,-11.726,0,Image_263.png,0,48,30,5
2026-04-15T17:27:17.070,-11.693,0,,0,48,30,5
2026-04-15T17:27:17.610,-11.703,0,,0,48,30,5
2026-04-15T17:27:18.610,-11.703,0,,0,48,30,5
2026-04-15T17:27:19.610,-11.695,0,,0,48,30,5
2026-04-15T17:27:20.610,-11.701,0,,0,48,30,5
2026-04-15T17:27:21.610,-11.721,0,,0,48,30,5
2026-04-15T17:27:22.600,-11.714,0,,0,48,30,5
2026-04-15T17:27:23.620,-11.709,0,,0,48,30,5
2026-04-15T17:27:24.610,-11.707,0,,0,48,30,5
2026-04-15T17:27:25.600,-11.709,0,,0,48,30,5
2026-04-15T17:27:26.610,-11.708,0,,0,48,30,5
2026-04-15T17:27:27.610,-11.726,0,,0,48,30,5
2026-04-15T17:27:28.860,-11.722,0,,0,48,30,5
2026-04-15T17:27:29.610,-11.715,0,,0,48,30,5
2026-04-15T17:27:30.610,-11.710,0,,0,48,30,5
2026-04-15T17:27:31.610,-11.707,0,,0,48,30,5
2026-04-15T17:27:32.620,-11.691,0,,0,48,30,5
2026-04-15T17:27:33.610,-11.683,0,,0,48,30,5
2026-04-15T17:27:34.650,-11.665,0,,0,48,30,5
2026-04-15T17:27:35.610,-11.671,0,,0,48,30,5
2026-04-15T17:27:36.610,-11.689,0,,0,48,30,5
2026-04-15T17:27:37.600,-11.707,0,,0,48,30,5
2026-04-15T17:27:38.610,-11.717,0,,0,48,30,5
2026-04-15T17:27:39.610,-11.736,0,,0,48,30,5
2026-04-15T17:27:40.600,-11.742,0,,0,48,30,5
2026-04-15T17:27:41.610,-11.741,0,,0,48,30,5
2026-04-15T17:27:42.610,-11.729,0,,0,48,30,5
2026-04-15T17:27:43.600,-11.727,0,,0,48,30,5
2026-04-15T17:27:44.610,-11.728,0,,0,48,30,5
2026-04-15T17:27:45.610,-11.730,0,,0,48,30,5
2026-04-15T17:27:46.610,-11.715,0,,0,48,30,5
2026-04-15T17:27:47.620,-11.706,0,,0,48,30,5
2026-04-15T17:27:48.610,-11.705,0,,0,48,30,5
2026-04-15T17:27:49.600,-11.703,0,,0,48,30,5
2026-04-15T17:27:50.600,-11.708,0,,0,48,30,5
2026-04-15T17:27:51.610,-11.728,0,,0,48,30,5
2026-04-15T17:27:52.730,-11.717,0,,0,48,30,5
2026-04-15T17:27:53.610,-11.719,0,,0,48,30,5
2026-04-15T17:27:54.610,-11.715,0,,0,48,30,5
2026-04-15T17:27:55.600,-11.697,0,,0,48,30,5
2026-04-15T17:27:56.610,-11.684,0,,0,48,30,5
2026-04-15T17:27:57.600,-11.695,0,,0,48,30,5
2026-04-15T17:27:58.610,-11.696,0,,0,48,30,5
2026-04-15T17:27:59.620,-11.709,0,,0,48,30,5
2026-04-15T17:28:00.720,-11.712,0,,0,48,30,5
2026-04-15T17:28:01.610,-11.717,0,,0,48,30,5
2026-04-15T17:28:02.610,-11.708,0,,0,48,30,5
2026-04-15T17:28:03.610,-11.720,0,,0,48,30,5
2026-04-15T17:28:04.600,-11.708,0,,0,48,30,5
2026-04-15T17:28:05.600,-11.710,0,,0,48,30,5
2026-04-15T17:28:06.610,-11.705,0,,0,48,30,5
2026-04-15T17:28:07.610,-11.710,0,,0,48,30,5
2026-04-15T17:28:08.610,-11.705,0,,0,48,30,5
2026-04-15T17:28:09.610,-11.706,0,,0,48,30,5
2026-04-15T17:28:10.600,-11.712,0,,0,48,30,5
2026-04-15T17:28:11.610,-11.690,0,,0,48,30,5
2026-04-15T17:28:12.610,-11.691,0,,0,48,30,5
2026-04-15T17:28:13.600,-11.682,0,,0,48,30,5
2026-04-15T17:28:14.620,-11.688,0,,0,48,30,5
2026-04-15T17:28:15.610,-11.701,0,,0,48,30,5
2026-04-15T17:28:16.610,-11.700,0,Image_264.png,0,48,30,5
2026-04-15T17:28:17.920,-11.709,0,,0,48,30,5
2026-04-15T17:28:18.610,-11.701,0,,0,48,30,5
2026-04-15T17:28:19.600,-11.696,0,,0,48,30,5
2026-04-15T17:28:20.610,-11.702,0,,0,48,30,5
2026-04-15T17:28:21.610,-11.697,0,,0,48,30,5
2026-04-15T17:28:22.600,-11.694,0,,0,48,30,5
2026-04-15T17:28:23.610,-11.697,0,,0,48,30,5
2026-04-15T17:28:24.690,-11.684,0,,0,48,30,5
2026-04-15T17:28:25.600,-11.687,0,,0,48,30,5
2026-04-15T17:28:26.610,-11.683,0,,0,48,30,5
2026-04-15T17:28:27.600,-11.680,0,,0,48,30,5
2026-04-15T17:28:28.600,-11.678,0,,0,48,30,5
2026-04-15T17:28:29.610,-11.668,0,,0,48,30,5
2026-04-15T17:28:30.610,-11.698,0,,0,48,30,5
2026-04-15T17:28:31.600,-11.692,0,,0,48,30,5
2026-04-15T17:28:32.610,-11.680,0,,0,48,30,5
2026-04-15T17:28:33.610,-11.680,0,,0,48,30,5
2026-04-15T17:28:34.620,-11.671,0,,0,48,30,5
2026-04-15T17:28:35.610,-11.671,0,,0,48,30,5
2026-04-15T17:28:36.610,-11.669,0,,0,48,30,5
2026-04-15T17:28:37.600,-11.658,0,,0,48,30,5
2026-04-15T17:28:38.610,-11.658,0,,0,48,30,5
2026-04-15T17:28:39.600,-11.658,0,,0,48,30,5
2026-04-15T17:28:40.600,-11.660,0,,0,48,30,5
2026-04-15T17:28:41.610,-11.660,0,,0,48,30,5
2026-04-15T17:28:42.920,-11.662,0,,0,48,30,5
2026-04-15T17:28:43.600,-11.663,0,,0,48,30,5
2026-04-15T17:28:44.610,-11.677,0,,0,48,30,5
2026-04-15T17:28:45.610,-11.682,0,,0,48,30,5
2026-04-15T17:28:46.610,-11.678,0,,0,48,30,5
2026-04-15T17:28:47.610,-11.670,0,,0,48,30,5
2026-04-15T17:28:48.610,-11.651,0,,0,48,30,5
2026-04-15T17:28:49.600,-11.664,0,,0,48,30,5
2026-04-15T17:28:50.910,-11.658,0,,0,48,30,5
2026-04-15T17:28:51.600,-11.672,0,,0,48,30,5
2026-04-15T17:28:52.600,-11.684,0,,0,48,30,5
2026-04-15T17:28:53.610,-11.685,0,,0,48,30,5
2026-04-15T17:28:54.610,-11.692,0,,0,48,30,5
2026-04-15T17:28:55.600,-11.679,0,,0,48,30,5
2026-04-15T17:28:56.610,-11.692,0,,0,48,30,5
2026-04-15T17:28:57.610,-11.683,0,,0,48,30,5
2026-04-15T17:28:58.590,-11.701,0,,0,48,30,5
2026-04-15T17:28:59.610,-11.691,0,,0,48,30,5
2026-04-15T17:29:00.610,-11.704,0,,0,48,30,5
2026-04-15T17:29:01.600,-11.711,0,,0,48,30,5
2026-04-15T17:29:02.610,-11.695,0,,0,48,30,5
2026-04-15T17:29:03.600,-11.681,0,,0,48,30,5
2026-04-15T17:29:04.810,-11.684,0,,0,48,30,5
2026-04-15T17:29:05.610,-11.685,0,,0,48,30,5
2026-04-15T17:29:06.610,-11.697,0,,0,48,30,5
2026-04-15T17:29:07.610,-11.703,0,,0,48,30,5
2026-04-15T17:29:08.600,-11.667,0,,0,48,30,5
2026-04-15T17:29:09.600,-11.676,0,,0,48,30,5
2026-04-15T17:29:10.600,-11.677,0,,0,48,30,5
2026-04-15T17:29:11.610,-11.692,0,,0,48,30,5
2026-04-15T17:29:12.610,-11.692,0,,0,48,30,5
2026-04-15T17:29:13.600,-11.680,0,,0,48,30,5
2026-04-15T17:29:14.920,-11.676,0,,0,48,30,5
2026-04-15T17:29:15.600,-11.680,0,,0,48,30,5
2026-04-15T17:29:16.920,-11.676,0,Image_265.png,0,48,30,5
2026-04-15T17:29:17.920,-11.686,0,,0,48,30,5
2026-04-15T17:29:18.600,-11.692,0,,0,48,30,5
2026-04-15T17:29:19.600,-11.689,0,,0,48,30,5
2026-04-15T17:29:20.610,-11.711,0,,0,48,30,5
2026-04-15T17:29:21.610,-11.689,0,,0,48,30,5
2026-04-15T17:29:22.600,-11.682,0,,0,48,30,5
2026-04-15T17:29:23.600,-11.676,0,,0,48,30,5
2026-04-15T17:29:24.600,-11.670,0,,0,48,30,5
2026-04-15T17:29:25.610,-11.674,0,,0,48,30,5
2026-04-15T17:29:26.610,-11.662,0,,0,48,30,5
2026-04-15T17:29:27.610,-11.684,0,,0,48,30,5
2026-04-15T17:29:28.600,-11.667,0,,0,48,30,5
2026-04-15T17:29:29.610,-11.675,0,,0,48,30,5
2026-04-15T17:29:30.630,-11.696,0,,0,48,30,5
2026-04-15T17:29:31.610,-11.704,0,,0,48,30,5
2026-04-15T17:29:32.610,-11.695,0,,0,48,30,5
2026-04-15T17:29:33.600,-11.724,0,,0,48,30,5
2026-04-15T17:29:34.600,-11.702,0,,0,48,30,5
2026-04-15T17:29:35.610,-11.720,0,,0,48,30,5
2026-04-15T17:29:36.610,-11.718,0,,0,48,30,5
2026-04-15T17:29:37.610,-11.721,0,,0,48,30,5
2026-04-15T17:29:38.630,-11.726,0,,0,48,30,5
2026-04-15T17:29:39.610,-11.716,0,,0,48,30,5
2026-04-15T17:29:40.860,-11.711,0,,0,48,30,5
2026-04-15T17:29:41.600,-11.715,0,,0,48,30,5
2026-04-15T17:29:42.940,-11.725,0,,0,48,30,5
2026-04-15T17:29:43.610,-11.718,0,,0,48,30,5
2026-04-15T17:29:44.610,-11.726,0,,0,48,30,5
2026-04-15T17:29:45.610,-11.722,0,,0,48,30,5
2026-04-15T17:29:47.010,-11.723,0,,0,48,30,5
2026-04-15T17:29:47.610,-11.697,0,,0,48,30,5
2026-04-15T17:29:48.610,-11.698,0,,0,48,30,5
2026-04-15T17:29:49.600,-11.685,0,,0,48,30,5
2026-04-15T17:29:50.610,-11.687,0,,0,48,30,5
2026-04-15T17:29:51.610,-11.696,0,,0,48,30,5
2026-04-15T17:29:52.600,-11.686,0,,0,48,30,5
2026-04-15T17:29:53.610,-11.710,0,,0,48,30,5
2026-04-15T17:29:54.600,-11.713,0,,0,48,30,5
2026-04-15T17:29:55.610,-11.715,0,,0,48,30,5
2026-04-15T17:29:56.730,-11.713,0,,0,48,30,5
2026-04-15T17:29:57.600,-11.703,0,,0,48,30,5
2026-04-15T17:29:58.610,-11.706,0,,0,48,30,5
2026-04-15T17:29:59.610,-11.696,0,,0,48,30,5
2026-04-15T17:30:00.610,-11.699,0,,0,48,30,5
2026-04-15T17:30:01.610,-11.706,0,,0,48,30,5
2026-04-15T17:30:03.060,-11.707,0,,0,48,30,5
2026-04-15T17:30:03.590,-11.698,0,,0,48,30,5
2026-04-15T17:30:04.600,-11.702,0,,0,48,30,5
2026-04-15T17:30:05.610,-11.708,0,,0,48,30,5
2026-04-15T17:30:06.610,-11.694,0,,0,48,30,5
2026-04-15T17:30:07.610,-11.701,0,,0,48,30,5
2026-04-15T17:30:08.600,-11.698,0,,0,48,30,5
2026-04-15T17:30:09.610,-11.696,0,,0,48,30,5
2026-04-15T17:30:10.600,-11.686,0,,0,48,30,5
2026-04-15T17:30:11.610,-11.693,0,,0,48,30,5
2026-04-15T17:30:12.600,-11.696,0,,0,48,30,5
2026-04-15T17:30:13.600,-11.689,0,,0,48,30,5
2026-04-15T17:30:15.090,-11.688,0,,0,48,30,5
2026-04-15T17:30:15.610,-11.687,0,,0,48,30,5
2026-04-15T17:30:16.600,-11.688,0,Image_266.png,0,48,30,5
2026-04-15T17:30:17.910,-11.677,0,,0,48,30,5
2026-04-15T17:30:18.610,-11.693,0,,0,48,30,5
2026-04-15T17:30:19.600,-11.682,0,,0,48,30,5
2026-04-15T17:30:20.620,-11.686,0,,0,48,30,5
2026-04-15T17:30:21.610,-11.688,0,,0,48,30,5
2026-04-15T17:30:22.600,-11.693,0,,0,48,30,5
2026-04-15T17:30:23.600,-11.684,0,,0,48,30,5
2026-04-15T17:30:24.610,-11.689,0,,0,48,30,5
2026-04-15T17:30:25.600,-11.692,0,,0,48,30,5
2026-04-15T17:30:26.610,-11.690,0,,0,48,30,5
2026-04-15T17:30:27.610,-11.687,0,,0,48,30,5
2026-04-15T17:30:28.600,-11.691,0,,0,48,30,5
2026-04-15T17:30:29.610,-11.687,0,,0,48,30,5
2026-04-15T17:30:30.610,-11.696,0,,0,48,30,5
2026-04-15T17:30:31.610,-11.695,0,,0,48,30,5
2026-04-15T17:30:32.620,-11.674,0,,0,48,30,5
2026-04-15T17:30:33.590,-11.686,0,,0,48,30,5
2026-04-15T17:30:34.610,-11.684,0,,0,48,30,5
2026-04-15T17:30:35.610,-11.681,0,,0,48,30,5
2026-04-15T17:30:36.610,-11.685,0,,0,48,30,5
2026-04-15T17:30:37.600,-11.682,0,,0,48,30,5
2026-04-15T17:30:39.300,-11.681,0,,0,48,30,5
2026-04-15T17:30:39.630,-11.681,0,,0,48,30,5
2026-04-15T17:30:40.610,-11.671,0,,0,48,30,5
2026-04-15T17:30:41.610,-11.686,0,,0,48,30,5
2026-04-15T17:30:42.610,-11.668,0,,0,48,30,5
2026-04-15T17:30:43.590,-11.671,0,,0,48,30,5
2026-04-15T17:30:44.610,-11.677,0,,0,48,30,5
2026-04-15T17:30:45.600,-11.662,0,,0,48,30,5
2026-04-15T17:30:46.600,-11.664,0,,0,48,30,5
2026-04-15T17:30:47.610,-11.669,0,,0,48,30,5
2026-04-15T17:30:48.650,-11.675,0,,0,48,30,5
2026-04-15T17:30:49.600,-11.667,0,,0,48,30,5
2026-04-15T17:30:50.620,-11.665,0,,0,48,30,5
2026-04-15T17:30:51.600,-11.659,0,,0,48,30,5
2026-04-15T17:30:53.120,-11.662,0,,0,48,30,5
2026-04-15T17:30:53.590,-11.654,0,,0,48,30,5
2026-04-15T17:30:54.610,-11.656,0,,0,48,30,5
2026-04-15T17:30:55.600,-11.665,0,,0,48,30,5
2026-04-15T17:30:56.610,-11.654,0,,0,48,30,5
2026-04-15T17:30:57.600,-11.666,0,,0,48,30,5
2026-04-15T17:30:58.600,-11.677,0,,0,48,30,5
2026-04-15T17:30:59.610,-11.675,0,,0,48,30,5
2026-04-15T17:31:00.610,-11.669,0,,0,48,30,5
2026-04-15T17:31:01.600,-11.678,0,,0,48,30,5
2026-04-15T17:31:02.600,-11.653,0,,0,48,30,5
2026-04-15T17:31:03.600,-11.669,0,,0,48,30,5
2026-04-15T17:31:04.610,-11.657,0,,0,48,30,5
2026-04-15T17:31:05.610,-11.661,0,,0,48,30,5
2026-04-15T17:31:06.610,-11.655,0,,0,48,30,5
2026-04-15T17:31:07.610,-11.665,0,,0,48,30,5
2026-04-15T17:31:08.630,-11.663,0,,0,48,30,5
2026-04-15T17:31:09.610,-11.681,0,,0,48,30,5
2026-04-15T17:31:10.610,-11.671,0,,0,48,30,5
2026-04-15T17:31:11.610,-11.655,0,,0,48,30,5
2026-04-15T17:31:12.610,-11.666,0,,0,48,30,5
2026-04-15T17:31:13.600,-11.667,0,,0,48,30,5
2026-04-15T17:31:14.610,-11.666,0,,0,48,30,5
2026-04-15T17:31:15.600,-11.666,0,,0,48,30,5
2026-04-15T17:31:16.600,-11.670,0,,0,48,30,5
2026-04-15T17:31:17.610,-11.662,0,Image_267.png,0,48,30,5
2026-04-15T17:31:18.920,-11.675,0,,0,48,30,5
2026-04-15T17:31:19.610,-11.660,0,,0,48,30,5
2026-04-15T17:31:20.590,-11.665,0,,0,48,30,5
2026-04-15T17:31:21.610,-11.670,0,,0,48,30,5
2026-04-15T17:31:22.600,-11.675,0,,0,48,30,5
2026-04-15T17:31:23.600,-11.665,0,,0,48,30,5
2026-04-15T17:31:24.610,-11.663,0,,0,48,30,5
2026-04-15T17:31:25.600,-11.673,0,,0,48,30,5
2026-04-15T17:31:26.610,-11.667,0,,0,48,30,5
2026-04-15T17:31:27.610,-11.680,0,,0,48,30,5
2026-04-15T17:31:28.670,-11.684,0,,0,48,30,5
2026-04-15T17:31:29.600,-11.690,0,,0,48,30,5
2026-04-15T17:31:30.610,-11.688,0,,0,48,30,5
2026-04-15T17:31:31.610,-11.680,0,,0,48,30,5
2026-04-15T17:31:32.610,-11.671,0,,0,48,30,5
2026-04-15T17:31:33.610,-11.686,0,,0,48,30,5
2026-04-15T17:31:34.610,-11.676,0,,0,48,30,5
2026-04-15T17:31:35.610,-11.699,0,,0,48,30,5
2026-04-15T17:31:36.600,-11.711,0,,0,48,30,5
2026-04-15T17:31:37.600,-11.689,0,,0,48,30,5
2026-04-15T17:31:38.600,-11.715,0,,0,48,30,5
2026-04-15T17:31:39.610,-11.713,0,,0,48,30,5
2026-04-15T17:31:40.610,-11.705,0,,0,48,30,5
2026-04-15T17:31:41.610,-11.714,0,,0,48,30,5
2026-04-15T17:31:42.620,-11.705,0,,0,48,30,5
2026-04-15T17:31:43.610,-11.688,0,,0,48,30,5
2026-04-15T17:31:44.610,-11.687,0,,0,48,30,5
2026-04-15T17:31:45.610,-11.687,0,,0,48,30,5
2026-04-15T17:31:46.610,-11.691,0,,0,48,30,5
2026-04-15T17:31:47.610,-11.693,0,,0,48,30,5
2026-04-15T17:31:48.610,-11.684,0,,0,48,30,5
2026-04-15T17:31:49.600,-11.702,0,,0,48,30,5
2026-04-15T17:31:50.610,-11.697,0,,0,48,30,5
2026-04-15T17:31:51.610,-11.720,0,,0,48,30,5
2026-04-15T17:31:52.600,-11.705,0,,0,48,30,5
2026-04-15T17:31:53.600,-11.711,0,,0,48,30,5
2026-04-15T17:31:54.610,-11.701,0,,0,48,30,5
2026-04-15T17:31:55.610,-11.702,0,,0,48,30,5
2026-04-15T17:31:56.620,-11.680,0,,0,48,30,5
2026-04-15T17:31:57.610,-11.654,0,,0,48,30,5
2026-04-15T17:31:58.600,-11.675,0,,0,48,30,5
2026-04-15T17:31:59.610,-11.672,0,,0,48,30,5
2026-04-15T17:32:00.610,-11.685,0,,0,48,30,5
2026-04-15T17:32:01.610,-11.705,0,,0,48,30,5
2026-04-15T17:32:02.750,-11.704,0,,0,48,30,5
2026-04-15T17:32:03.610,-11.701,0,,0,48,30,5
2026-04-15T17:32:04.820,-11.703,0,,0,48,30,5
2026-04-15T17:32:05.610,-11.692,0,,0,48,30,5
2026-04-15T17:32:07.040,-11.668,0,,0,48,30,5
2026-04-15T17:32:07.610,-11.646,0,,0,48,30,5
2026-04-15T17:32:08.610,-11.646,0,,0,48,30,5
2026-04-15T17:32:09.610,-11.668,0,,0,48,30,5
2026-04-15T17:32:10.610,-11.673,0,,0,48,30,5
2026-04-15T17:32:11.610,-11.657,0,,0,48,30,5
2026-04-15T17:32:12.610,-11.641,0,,0,48,30,5
2026-04-15T17:32:13.610,-11.650,0,,0,48,30,5
2026-04-15T17:32:14.610,-11.655,0,,0,48,30,5
2026-04-15T17:32:15.610,-11.657,0,,0,48,30,5
2026-04-15T17:32:16.610,-11.678,0,,0,48,30,5
2026-04-15T17:32:17.610,-11.676,0,,0,48,30,5
2026-04-15T17:32:18.590,-11.678,0,Image_268.png,0,48,30,5
2026-04-15T17:32:19.910,-11.687,0,,0,48,30,5
2026-04-15T17:32:20.610,-11.678,0,,0,48,30,5
2026-04-15T17:32:21.610,-11.683,0,,0,48,30,5
2026-04-15T17:32:22.600,-11.688,0,,0,48,30,5
2026-04-15T17:32:23.610,-11.693,0,,0,48,30,5
2026-04-15T17:32:24.610,-11.683,0,,0,48,30,5
2026-04-15T17:32:25.600,-11.679,0,,0,48,30,5
2026-04-15T17:32:26.600,-11.683,0,,0,48,30,5
2026-04-15T17:32:27.600,-11.676,0,,0,48,30,5
2026-04-15T17:32:28.600,-11.681,0,,0,48,30,5
2026-04-15T17:32:29.610,-11.655,0,,0,48,30,5
2026-04-15T17:32:30.780,-11.660,0,,0,48,30,5
2026-04-15T17:32:31.600,-11.656,0,,0,48,30,5
2026-04-15T17:32:32.610,-11.662,0,,0,48,30,5
2026-04-15T17:32:33.610,-11.667,0,,0,48,30,5
2026-04-15T17:32:34.600,-11.673,0,,0,48,30,5
2026-04-15T17:32:35.610,-11.677,0,,0,48,30,5
2026-04-15T17:32:36.660,-11.679,0,,0,48,30,5
2026-04-15T17:32:37.610,-11.670,0,,0,48,30,5
2026-04-15T17:32:38.620,-11.657,0,,0,48,30,5
2026-04-15T17:32:39.610,-11.689,0,,0,48,30,5
2026-04-15T17:32:40.610,-11.672,0,,0,48,30,5
2026-04-15T17:32:41.600,-11.681,0,,0,48,30,5
2026-04-15T17:32:42.610,-11.669,0,,0,48,30,5
2026-04-15T17:32:43.600,-11.663,0,,0,48,30,5
2026-04-15T17:32:44.610,-11.667,0,,0,48,30,5
2026-04-15T17:32:45.610,-11.656,0,,0,48,30,5
2026-04-15T17:32:46.600,-11.650,0,,0,48,30,5
2026-04-15T17:32:47.610,-11.665,0,,0,48,30,5
2026-04-15T17:32:48.610,-11.658,0,,0,48,30,5
2026-04-15T17:32:49.600,-11.652,0,,0,48,30,5
2026-04-15T17:32:50.610,-11.652,0,,0,48,30,5
2026-04-15T17:32:51.610,-11.644,0,,0,48,30,5
2026-04-15T17:32:52.600,-11.651,0,,0,48,30,5
2026-04-15T17:32:53.610,-11.657,0,,0,48,30,5
2026-04-15T17:32:54.610,-11.650,0,,0,48,30,5
2026-04-15T17:32:55.600,-11.646,0,,0,48,30,5
2026-04-15T17:32:56.610,-11.648,0,,0,48,30,5
2026-04-15T17:32:57.600,-11.654,0,,0,48,30,5
2026-04-15T17:32:58.620,-11.655,0,,0,48,30,5
2026-04-15T17:32:59.610,-11.642,0,,0,48,30,5
2026-04-15T17:33:00.610,-11.663,0,,0,48,30,5
2026-04-15T17:33:01.600,-11.656,0,,0,48,30,5
2026-04-15T17:33:02.610,-11.669,0,,0,48,30,5
2026-04-15T17:33:03.610,-11.678,0,,0,48,30,5
2026-04-15T17:33:04.610,-11.645,0,,0,48,30,5
2026-04-15T17:33:05.610,-11.643,0,,0,48,30,5
2026-04-15T17:33:06.870,-11.636,0,,0,48,30,5
2026-04-15T17:33:07.600,-11.643,0,,0,48,30,5
2026-04-15T17:33:08.610,-11.672,0,,0,48,30,5
2026-04-15T17:33:09.610,-11.669,0,,0,48,30,5
2026-04-15T17:33:10.850,-11.669,0,,0,48,30,5
2026-04-15T17:33:11.610,-11.656,0,,0,48,30,5
2026-04-15T17:33:12.610,-11.651,0,,0,48,30,5
2026-04-15T17:33:13.610,-11.645,0,,0,48,30,5
2026-04-15T17:33:14.610,-11.659,0,,0,48,30,5
2026-04-15T17:33:15.600,-11.647,0,,0,48,30,5
2026-04-15T17:33:16.890,-11.668,0,,0,48,30,5
2026-04-15T17:33:17.610,-11.630,0,,0,48,30,5
2026-04-15T17:33:18.610,-11.631,0,,0,48,30,5
2026-04-15T17:33:19.600,-11.661,0,Image_269.png,0,48,30,5
2026-04-15T17:33:21.340,-11.670,0,,0,48,30,5
2026-04-15T17:33:21.670,-11.668,0,,0,48,30,5
2026-04-15T17:33:22.600,-11.693,0,,0,48,30,5
2026-04-15T17:33:23.620,-11.664,0,,0,48,30,5
2026-04-15T17:33:24.610,-11.644,0,,0,48,30,5
2026-04-15T17:33:25.600,-11.647,0,,0,48,30,5
2026-04-15T17:33:26.600,-11.644,0,,0,48,30,5
2026-04-15T17:33:27.610,-11.660,0,,0,48,30,5
2026-04-15T17:33:28.640,-11.655,0,,0,48,30,5
2026-04-15T17:33:29.610,-11.671,0,,0,48,30,5
2026-04-15T17:33:30.610,-11.650,0,,0,48,30,5
2026-04-15T17:33:31.600,-11.651,0,,0,48,30,5
2026-04-15T17:33:32.610,-11.650,0,,0,48,30,5
2026-04-15T17:33:33.610,-11.636,0,,0,48,30,5
2026-04-15T17:33:34.680,-11.663,0,,0,48,30,5
2026-04-15T17:33:35.610,-11.666,0,,0,48,30,5
2026-04-15T17:33:36.820,-11.688,0,,0,48,30,5
2026-04-15T17:33:37.610,-11.673,0,,0,48,30,5
2026-04-15T17:33:38.610,-11.690,0,,0,48,30,5
2026-04-15T17:33:39.610,-11.669,0,,0,48,30,5
2026-04-15T17:33:40.610,-11.660,0,,0,48,30,5
2026-04-15T17:33:41.600,-11.673,0,,0,48,30,5
2026-04-15T17:33:42.740,-11.663,0,,0,48,30,5
2026-04-15T17:33:43.610,-11.669,0,,0,48,30,5
2026-04-15T17:33:44.820,-11.678,0,,0,48,30,5
2026-04-15T17:33:45.610,-11.673,0,,0,48,30,5
2026-04-15T17:33:46.610,-11.676,0,,0,48,30,5
2026-04-15T17:33:47.610,-11.689,0,,0,48,30,5
2026-04-15T17:33:48.610,-11.663,0,,0,48,30,5
2026-04-15T17:33:49.600,-11.654,0,,0,48,30,5
2026-04-15T17:33:50.610,-11.672,0,,0,48,30,5
2026-04-15T17:33:51.610,-11.663,0,,0,48,30,5
2026-04-15T17:33:52.620,-11.677,0,,0,48,30,5
2026-04-15T17:33:53.610,-11.678,0,,0,48,30,5
2026-04-15T17:33:54.610,-11.684,0,,0,48,30,5
2026-04-15T17:33:55.600,-11.677,0,,0,48,30,5
2026-04-15T17:33:56.610,-11.682,0,,0,48,30,5
2026-04-15T17:33:57.610,-11.668,0,,0,48,30,5
2026-04-15T17:33:58.850,-11.676,0,,0,48,30,5
2026-04-15T17:33:59.610,-11.669,0,,0,48,30,5
2026-04-15T17:34:00.610,-11.680,0,,0,48,30,5
2026-04-15T17:34:01.600,-11.681,0,,0,48,30,5
2026-04-15T17:34:02.790,-11.671,0,,0,48,30,5
2026-04-15T17:34:03.610,-11.663,0,,0,48,30,5
2026-04-15T17:34:04.670,-11.660,0,,0,48,30,5
2026-04-15T17:34:05.610,-11.675,0,,0,48,30,5
2026-04-15T17:34:06.610,-11.671,0,,0,48,30,5
2026-04-15T17:34:07.610,-11.663,0,,0,48,30,5
2026-04-15T17:34:08.610,-11.681,0,,0,48,30,5
2026-04-15T17:34:09.610,-11.656,0,,0,48,30,5
2026-04-15T17:34:10.600,-11.675,0,,0,48,30,5
2026-04-15T17:34:11.610,-11.666,0,,0,48,30,5
2026-04-15T17:34:12.620,-11.671,0,,0,48,30,5
2026-04-15T17:34:13.600,-11.674,0,,0,48,30,5
2026-04-15T17:34:14.750,-11.672,0,,0,48,30,5
2026-04-15T17:34:15.610,-11.679,0,,0,48,30,5
2026-04-15T17:34:16.600,-11.662,0,,0,48,30,5
2026-04-15T17:34:17.610,-11.669,0,,0,48,30,5
2026-04-15T17:34:18.610,-11.658,0,,0,48,30,5
2026-04-15T17:34:19.610,-11.667,0,Image_270.png,0,48,30,5
2026-04-15T17:34:20.910,-11.658,0,,0,48,30,5
2026-04-15T17:34:21.610,-11.657,0,,0,48,30,5
2026-04-15T17:34:22.610,-11.644,0,,0,48,30,5
2026-04-15T17:34:23.610,-11.653,0,,0,48,30,5
2026-04-15T17:34:24.610,-11.648,0,,0,48,30,5
2026-04-15T17:34:25.600,-11.656,0,,0,48,30,5
2026-04-15T17:34:26.610,-11.648,0,,0,48,30,5
2026-04-15T17:34:27.600,-11.645,0,,0,48,30,5
2026-04-15T17:34:28.600,-11.650,0,,0,48,30,5
2026-04-15T17:34:29.610,-11.650,0,,0,48,30,5
2026-04-15T17:34:30.720,-11.643,0,,0,48,30,5
2026-04-15T17:34:31.600,-11.644,0,,0,48,30,5
2026-04-15T17:34:32.610,-11.639,0,,0,48,30,5
2026-04-15T17:34:33.600,-11.659,0,,0,48,30,5
2026-04-15T17:34:34.610,-11.671,0,,0,48,30,5
2026-04-15T17:34:35.610,-11.666,0,,0,48,30,5
2026-04-15T17:34:36.610,-11.674,0,,0,48,30,5
2026-04-15T17:34:37.610,-11.671,0,,0,48,30,5
2026-04-15T17:34:38.800,-11.658,0,,0,48,30,5
2026-04-15T17:34:39.600,-11.661,0,,0,48,30,5
2026-04-15T17:34:40.760,-11.672,0,,0,48,30,5
2026-04-15T17:34:41.610,-11.666,0,,0,48,30,5
2026-04-15T17:34:42.610,-11.678,0,,0,48,30,5
2026-04-15T17:34:43.600,-11.674,0,,0,48,30,5
2026-04-15T17:34:44.660,-11.683,0,,0,48,30,5
2026-04-15T17:34:45.600,-11.684,0,,0,48,30,5
2026-04-15T17:34:46.610,-11.678,0,,0,48,30,5
2026-04-15T17:34:47.610,-11.666,0,,0,48,30,5
2026-04-15T17:34:48.610,-11.653,0,,0,48,30,5
2026-04-15T17:34:49.600,-11.637,0,,0,48,30,5
2026-04-15T17:34:50.610,-11.646,0,,0,48,30,5
2026-04-15T17:34:51.610,-11.654,0,,0,48,30,5
2026-04-15T17:34:52.620,-11.644,0,,0,48,30,5
2026-04-15T17:34:53.610,-11.648,0,,0,48,30,5
2026-04-15T17:34:54.610,-11.644,0,,0,48,30,5
2026-04-15T17:34:55.600,-11.655,0,,0,48,30,5
2026-04-15T17:34:56.610,-11.664,0,,0,48,30,5
2026-04-15T17:34:57.600,-11.666,0,,0,48,30,5
2026-04-15T17:34:58.610,-11.662,0,,0,48,30,5
2026-04-15T17:34:59.610,-11.659,0,,0,48,30,5
2026-04-15T17:35:00.610,-11.635,0,,0,48,30,5
2026-04-15T17:35:01.600,-11.637,0,,0,48,30,5
2026-04-15T17:35:02.610,-11.644,0,,0,48,30,5
2026-04-15T17:35:03.600,-11.655,0,,0,48,30,5
2026-04-15T17:35:04.610,-11.643,0,,0,48,30,5
2026-04-15T17:35:05.610,-11.659,0,,0,48,30,5
2026-04-15T17:35:06.610,-11.659,0,,0,48,30,5
2026-04-15T17:35:07.600,-11.670,0,,0,48,30,5
2026-04-15T17:35:08.610,-11.668,0,,0,48,30,5
2026-04-15T17:35:09.600,-11.654,0,,0,48,30,5
2026-04-15T17:35:10.600,-11.658,0,,0,48,30,5
2026-04-15T17:35:11.610,-11.644,0,,0,48,30,5
2026-04-15T17:35:12.600,-11.651,0,,0,48,30,5
2026-04-15T17:35:13.610,-11.652,0,,0,48,30,5
2026-04-15T17:35:14.610,-11.660,0,,0,48,30,5
2026-04-15T17:35:15.610,-11.680,0,,0,48,30,5
2026-04-15T17:35:16.740,-11.670,0,,0,48,30,5
2026-04-15T17:35:17.610,-11.694,0,,0,48,30,5
2026-04-15T17:35:18.610,-11.686,0,,0,48,30,5
2026-04-15T17:35:19.600,-11.659,0,,0,48,30,5
2026-04-15T17:35:20.670,-11.673,0,Image_271.png,0,48,30,5
2026-04-15T17:35:21.910,-11.681,0,,0,48,30,5
2026-04-15T17:35:22.600,-11.667,0,,0,48,30,5
2026-04-15T17:35:23.610,-11.689,0,,0,48,30,5
2026-04-15T17:35:24.610,-11.687,0,,0,48,30,5
2026-04-15T17:35:25.600,-11.668,0,,0,48,30,5
2026-04-15T17:35:26.610,-11.686,0,,0,48,30,5
2026-04-15T17:35:27.610,-11.690,0,,0,48,30,5
2026-04-15T17:35:28.610,-11.685,0,,0,48,30,5
2026-04-15T17:35:29.610,-11.689,0,,0,48,30,5
2026-04-15T17:35:30.610,-11.711,0,,0,48,30,5
2026-04-15T17:35:31.600,-11.707,0,,0,48,30,5
2026-04-15T17:35:32.610,-11.683,0,,0,48,30,5
2026-04-15T17:35:33.600,-11.675,0,,0,48,30,5
2026-04-15T17:35:34.610,-11.671,0,,0,48,30,5
2026-04-15T17:35:35.610,-11.668,0,,0,48,30,5
2026-04-15T17:35:36.610,-11.678,0,,0,48,30,5
2026-04-15T17:35:37.610,-11.647,0,,0,48,30,5
2026-04-15T17:35:38.610,-11.664,0,,0,48,30,5
2026-04-15T17:35:39.610,-11.655,0,,0,48,30,5
2026-04-15T17:35:40.770,-11.678,0,,0,48,30,5
2026-04-15T17:35:41.610,-11.693,0,,0,48,30,5
2026-04-15T17:35:42.610,-11.703,0,,0,48,30,5
2026-04-15T17:35:43.600,-11.696,0,,0,48,30,5
2026-04-15T17:35:44.600,-11.697,0,,0,48,30,5
2026-04-15T17:35:45.610,-11.690,0,,0,48,30,5
2026-04-15T17:35:46.610,-11.692,0,,0,48,30,5
2026-04-15T17:35:47.610,-11.699,0,,0,48,30,5
2026-04-15T17:35:48.610,-11.693,0,,0,48,30,5
2026-04-15T17:35:49.600,-11.689,0,,0,48,30,5
2026-04-15T17:35:50.620,-11.693,0,,0,48,30,5
2026-04-15T17:35:51.610,-11.686,0,,0,48,30,5
2026-04-15T17:35:52.610,-11.680,0,,0,48,30,5
2026-04-15T17:35:53.610,-11.698,0,,0,48,30,5
2026-04-15T17:35:54.610,-11.690,0,,0,48,30,5
2026-04-15T17:35:55.610,-11.693,0,,0,48,30,5
2026-04-15T17:35:56.620,-11.697,0,,0,48,30,5
2026-04-15T17:35:57.610,-11.688,0,,0,48,30,5
2026-04-15T17:35:58.610,-11.686,0,,0,48,30,5
2026-04-15T17:35:59.610,-11.680,0,,0,48,30,5
2026-04-15T17:36:00.790,-11.686,0,,0,48,30,5
2026-04-15T17:36:01.610,-11.687,0,,0,48,30,5
2026-04-15T17:36:02.780,-11.694,0,,0,48,30,5
2026-04-15T17:36:03.610,-11.691,0,,0,48,30,5
2026-04-15T17:36:04.640,-11.697,0,,0,48,30,5
2026-04-15T17:36:05.610,-11.689,0,,0,48,30,5
2026-04-15T17:36:06.610,-11.687,0,,0,48,30,5
2026-04-15T17:36:07.610,-11.690,0,,0,48,30,5
2026-04-15T17:36:08.620,-11.695,0,,0,48,30,5
2026-04-15T17:36:09.610,-11.695,0,,0,48,30,5
2026-04-15T17:36:10.600,-11.682,0,,0,48,30,5
2026-04-15T17:36:11.610,-11.696,0,,0,48,30,5
2026-04-15T17:36:12.610,-11.686,0,,0,48,30,5
2026-04-15T17:36:13.620,-11.689,0,,0,48,30,5
2026-04-15T17:36:14.610,-11.686,0,,0,48,30,5
2026-04-15T17:36:15.610,-11.695,0,,0,48,30,5
2026-04-15T17:36:16.600,-11.683,0,,0,48,30,5
2026-04-15T17:36:17.610,-11.686,0,,0,48,30,5
2026-04-15T17:36:18.610,-11.686,0,,0,48,30,5
2026-04-15T17:36:19.610,-11.697,0,,0,48,30,5
2026-04-15T17:36:20.620,-11.686,0,Image_272.png,0,48,30,5
2026-04-15T17:36:21.910,-11.684,0,,0,48,30,5
2026-04-15T17:36:22.600,-11.674,0,,0,48,30,5
2026-04-15T17:36:23.610,-11.693,0,,0,48,30,5
2026-04-15T17:36:24.610,-11.684,0,,0,48,30,5
2026-04-15T17:36:25.610,-11.686,0,,0,48,30,5
2026-04-15T17:36:26.610,-11.670,0,,0,48,30,5
2026-04-15T17:36:27.600,-11.682,0,,0,48,30,5
2026-04-15T17:36:28.600,-11.683,0,,0,48,30,5
2026-04-15T17:36:29.610,-11.669,0,,0,48,30,5
2026-04-15T17:36:30.610,-11.697,0,,0,48,30,5
2026-04-15T17:36:31.600,-11.692,0,,0,48,30,5
2026-04-15T17:36:32.600,-11.698,0,,0,48,30,5
2026-04-15T17:36:33.600,-11.708,0,,0,48,30,5
2026-04-15T17:36:34.610,-11.706,0,,0,48,30,5
2026-04-15T17:36:35.600,-11.706,0,,0,48,30,5
2026-04-15T17:36:36.610,-11.708,0,,0,48,30,5
2026-04-15T17:36:37.600,-11.705,0,,0,48,30,5
2026-04-15T17:36:38.640,-11.704,0,,0,48,30,5
2026-04-15T17:36:39.610,-11.700,0,,0,48,30,5
2026-04-15T17:36:40.760,-11.706,0,,0,48,30,5
2026-04-15T17:36:41.600,-11.706,0,,0,48,30,5
2026-04-15T17:36:42.720,-11.712,0,,0,48,30,5
2026-04-15T17:36:43.600,-11.705,0,,0,48,30,5
2026-04-15T17:36:44.650,-11.702,0,,0,48,30,5
2026-04-15T17:36:45.600,-11.714,0,,0,48,30,5
2026-04-15T17:36:46.610,-11.713,0,,0,48,30,5
2026-04-15T17:36:47.610,-11.710,0,,0,48,30,5
2026-04-15T17:36:48.640,-11.717,0,,0,48,30,5
2026-04-15T17:36:49.600,-11.712,0,,0,48,30,5
2026-04-15T17:36:51.000,-11.719,0,,0,48,30,5
2026-04-15T17:36:51.600,-11.716,0,,0,48,30,5
2026-04-15T17:36:52.600,-11.725,0,,0,48,30,5
2026-04-15T17:36:53.610,-11.713,0,,0,48,30,5
2026-04-15T17:36:54.610,-11.713,0,,0,48,30,5
2026-04-15T17:36:55.610,-11.701,0,,0,48,30,5
2026-04-15T17:36:57.340,-11.719,0,,0,48,30,5
2026-04-15T17:36:57.650,-11.713,0,,0,48,30,5
2026-04-15T17:36:58.610,-11.708,0,,0,48,30,5
2026-04-15T17:36:59.610,-11.712,0,,0,48,30,5
2026-04-15T17:37:00.610,-11.716,0,,0,48,30,5
2026-04-15T17:37:01.600,-11.706,0,,0,48,30,5
2026-04-15T17:37:02.730,-11.712,0,,0,48,30,5
2026-04-15T17:37:03.710,-11.706,0,,0,48,30,5
2026-04-15T17:37:04.610,-11.708,0,,0,48,30,5
2026-04-15T17:37:05.610,-11.712,0,,0,48,30,5
2026-04-15T17:37:06.610,-11.717,0,,0,48,30,5
2026-04-15T17:37:07.600,-11.706,0,,0,48,30,5
2026-04-15T17:37:08.620,-11.711,0,,0,48,30,5
2026-04-15T17:37:09.600,-11.714,0,,0,48,30,5
2026-04-15T17:37:10.600,-11.728,0,,0,48,30,5
2026-04-15T17:37:11.610,-11.746,0,,0,48,30,5
2026-04-15T17:37:12.610,-11.744,0,,0,48,30,5
2026-04-15T17:37:13.600,-11.746,0,,0,48,30,5
2026-04-15T17:37:14.610,-11.720,0,,0,48,30,5
2026-04-15T17:37:15.600,-11.719,0,,0,48,30,5
2026-04-15T17:37:16.710,-11.715,0,,0,48,30,5
2026-04-15T17:37:17.610,-11.706,0,,0,48,30,5
2026-04-15T17:37:18.610,-11.719,0,,0,48,30,5
2026-04-15T17:37:19.600,-11.716,0,,0,48,30,5
2026-04-15T17:37:20.610,-11.718,0,Image_273.png,0,48,30,5
2026-04-15T17:37:21.910,-11.718,0,,0,48,30,5
2026-04-15T17:37:22.600,-11.712,0,,0,48,30,5
2026-04-15T17:37:23.610,-11.708,0,,0,48,30,5
2026-04-15T17:37:24.600,-11.717,0,,0,48,30,5
2026-04-15T17:37:25.600,-11.725,0,,0,48,30,5
2026-04-15T17:37:26.610,-11.762,0,,0,48,30,5
2026-04-15T17:37:27.610,-11.745,0,,0,48,30,5
2026-04-15T17:37:28.610,-11.719,0,,0,48,30,5
2026-04-15T17:37:29.610,-11.731,0,,0,48,30,5
2026-04-15T17:37:30.610,-11.705,0,,0,48,30,5
2026-04-15T17:37:31.610,-11.701,0,,0,48,30,5
2026-04-15T17:37:32.600,-11.707,0,,0,48,30,5
2026-04-15T17:37:33.600,-11.712,0,,0,48,30,5
2026-04-15T17:37:34.610,-11.713,0,,0,48,30,5
2026-04-15T17:37:35.610,-11.729,0,,0,48,30,5
2026-04-15T17:37:36.610,-11.737,0,,0,48,30,5
2026-04-15T17:37:37.610,-11.740,0,,0,48,30,5
2026-04-15T17:37:38.720,-11.738,0,,0,48,30,5
2026-04-15T17:37:39.610,-11.744,0,,0,48,30,5
2026-04-15T17:37:40.600,-11.713,0,,0,48,30,5
2026-04-15T17:37:41.610,-11.722,0,,0,48,30,5
2026-04-15T17:37:42.610,-11.723,0,,0,48,30,5
2026-04-15T17:37:43.610,-11.722,0,,0,48,30,5
2026-04-15T17:37:44.610,-11.723,0,,0,48,30,5
2026-04-15T17:37:45.610,-11.732,0,,0,48,30,5
2026-04-15T17:37:46.610,-11.696,0,,0,48,30,5
2026-04-15T17:37:47.620,-11.700,0,,0,48,30,5
2026-04-15T17:37:48.610,-11.718,0,,0,48,30,5
2026-04-15T17:37:49.610,-11.703,0,,0,48,30,5
2026-04-15T17:37:50.610,-11.689,0,,0,48,30,5
2026-04-15T17:37:51.610,-11.723,0,,0,48,30,5
2026-04-15T17:37:52.610,-11.718,0,,0,48,30,5
2026-04-15T17:37:53.610,-11.708,0,,0,48,30,5
2026-04-15T17:37:54.720,-11.734,0,,0,48,30,5
2026-04-15T17:37:55.610,-11.723,0,,0,48,30,5
2026-04-15T17:37:56.610,-11.716,0,,0,48,30,5
2026-04-15T17:37:57.610,-11.721,0,,0,48,30,5
2026-04-15T17:37:59.120,-11.704,0,,0,48,30,5
2026-04-15T17:37:59.610,-11.713,0,,0,48,30,5
2026-04-15T17:38:00.610,-11.718,0,,0,48,30,5
2026-04-15T17:38:01.610,-11.711,0,,0,48,30,5
2026-04-15T17:38:02.580,-11.726,0,,0,48,30,5
2026-04-15T17:38:03.610,-11.722,0,,0,48,30,5
2026-04-15T17:38:04.780,-11.743,0,,0,48,30,5
2026-04-15T17:38:05.610,-11.752,0,,0,48,30,5
2026-04-15T17:38:06.610,-11.729,0,,0,48,30,5
2026-04-15T17:38:07.610,-11.730,0,,0,48,30,5
2026-04-15T17:38:08.960,-11.739,0,,0,48,30,5
2026-04-15T17:38:09.610,-11.735,0,,0,48,30,5
2026-04-15T17:38:10.610,-11.733,0,,0,48,30,5
2026-04-15T17:38:11.620,-11.747,0,,0,48,30,5
2026-04-15T17:38:12.610,-11.747,0,,0,48,30,5
2026-04-15T17:38:13.600,-11.749,0,,0,48,30,5
2026-04-15T17:38:14.610,-11.768,0,,0,48,30,5
2026-04-15T17:38:15.600,-11.765,0,,0,48,30,5
2026-04-15T17:38:16.610,-11.774,0,,0,48,30,5
2026-04-15T17:38:17.610,-11.765,0,,0,48,30,5
2026-04-15T17:38:18.610,-11.781,0,,0,48,30,5
2026-04-15T17:38:19.610,-11.758,0,,0,48,30,5
2026-04-15T17:38:20.600,-11.751,0,,0,48,30,5
2026-04-15T17:38:21.610,-11.740,0,Image_274.png,0,48,30,5
2026-04-15T17:38:22.920,-11.728,0,,0,48,30,5
2026-04-15T17:38:23.610,-11.746,0,,0,48,30,5
2026-04-15T17:38:24.610,-11.768,0,,0,48,30,5
2026-04-15T17:38:25.600,-11.762,0,,0,48,30,5
2026-04-15T17:38:26.610,-11.784,0,,0,48,30,5
2026-04-15T17:38:27.610,-11.778,0,,0,48,30,5
2026-04-15T17:38:28.610,-11.787,0,,0,48,30,5
2026-04-15T17:38:29.610,-11.780,0,,0,48,30,5
2026-04-15T17:38:30.600,-11.782,0,,0,48,30,5
2026-04-15T17:38:31.600,-11.773,0,,0,48,30,5
2026-04-15T17:38:32.610,-11.755,0,,0,48,30,5
2026-04-15T17:38:33.600,-11.749,0,,0,48,30,5
2026-04-15T17:38:34.600,-11.728,0,,0,48,30,5
2026-04-15T17:38:35.610,-11.719,0,,0,48,30,5
2026-04-15T17:38:36.640,-11.737,0,,0,48,30,5
2026-04-15T17:38:37.600,-11.739,0,,0,48,30,5
2026-04-15T17:38:38.610,-11.765,0,,0,48,30,5
2026-04-15T17:38:39.600,-11.766,0,,0,48,30,5
2026-04-15T17:38:40.610,-11.761,0,,0,48,30,5
2026-04-15T17:38:41.610,-11.776,0,,0,48,30,5
2026-04-15T17:38:42.610,-11.773,0,,0,48,30,5
2026-04-15T17:38:43.600,-11.763,0,,0,48,30,5
2026-04-15T17:38:44.610,-11.743,0,,0,48,30,5
2026-04-15T17:38:45.610,-11.744,0,,0,48,30,5
2026-04-15T17:38:46.810,-11.733,0,,0,48,30,5
2026-04-15T17:38:47.610,-11.752,0,,0,48,30,5
2026-04-15T17:38:48.610,-11.770,0,,0,48,30,5
2026-04-15T17:38:49.600,-11.754,0,,0,48,30,5
2026-04-15T17:38:50.760,-11.755,0,,0,48,30,5
2026-04-15T17:38:51.600,-11.750,0,,0,48,30,5
2026-04-15T17:38:52.600,-11.750,0,,0,48,30,5
2026-04-15T17:38:53.600,-11.757,0,,0,48,30,5
2026-04-15T17:38:54.610,-11.772,0,,0,48,30,5
2026-04-15T17:38:55.600,-11.787,0,,0,48,30,5
2026-04-15T17:38:56.620,-11.773,0,,0,48,30,5
2026-04-15T17:38:57.610,-11.746,0,,0,48,30,5
2026-04-15T17:38:58.680,-11.729,0,,0,48,30,5
2026-04-15T17:38:59.610,-11.745,0,,0,48,30,5
2026-04-15T17:39:00.600,-11.766,0,,0,48,30,5
2026-04-15T17:39:01.600,-11.778,0,,0,48,30,5
2026-04-15T17:39:02.670,-11.769,0,,0,48,30,5
2026-04-15T17:39:03.600,-11.790,0,,0,48,30,5
2026-04-15T17:39:04.840,-11.773,0,,0,48,30,5
2026-04-15T17:39:05.610,-11.782,0,,0,48,30,5
2026-04-15T17:39:06.610,-11.778,0,,0,48,30,5
2026-04-15T17:39:07.600,-11.771,0,,0,48,30,5
2026-04-15T17:39:08.610,-11.797,0,,0,48,30,5
2026-04-15T17:39:09.600,-11.786,0,,0,48,30,5
2026-04-15T17:39:10.610,-11.780,0,,0,48,30,5
2026-04-15T17:39:11.600,-11.766,0,,0,48,30,5
2026-04-15T17:39:12.610,-11.778,0,,0,48,30,5
2026-04-15T17:39:13.600,-11.788,0,,0,48,30,5
2026-04-15T17:39:14.610,-11.765,0,,0,48,30,5
2026-04-15T17:39:15.610,-11.786,0,,0,48,30,5
2026-04-15T17:39:16.750,-11.798,0,,0,48,30,5
2026-04-15T17:39:17.610,-11.771,0,,0,48,30,5
2026-04-15T17:39:18.610,-11.794,0,,0,48,30,5
2026-04-15T17:39:19.610,-11.789,0,,0,48,30,5
2026-04-15T17:39:20.620,-11.790,0,,0,48,30,5
2026-04-15T17:39:21.600,-11.823,0,Image_275.png,0,48,30,5
2026-04-15T17:39:22.920,-11.818,0,,0,48,30,5
2026-04-15T17:39:23.620,-11.812,0,,0,48,30,5
2026-04-15T17:39:24.610,-11.795,0,,0,48,30,5
2026-04-15T17:39:25.600,-11.804,0,,0,48,30,5
2026-04-15T17:39:26.620,-11.784,0,,0,48,30,5
2026-04-15T17:39:27.610,-11.779,0,,0,48,30,5
2026-04-15T17:39:28.610,-11.779,0,,0,48,30,5
2026-04-15T17:39:29.610,-11.765,0,,0,48,30,5
2026-04-15T17:39:30.610,-11.772,0,,0,48,30,5
2026-04-15T17:39:31.610,-11.747,0,,0,48,30,5
2026-04-15T17:39:32.620,-11.769,0,,0,48,30,5
2026-04-15T17:39:33.610,-11.781,0,,0,48,30,5
2026-04-15T17:39:34.610,-11.796,0,,0,48,30,5
2026-04-15T17:39:35.610,-11.822,0,,0,48,30,5
2026-04-15T17:39:36.610,-11.796,0,,0,48,30,5
2026-04-15T17:39:37.610,-11.791,0,,0,48,30,5
2026-04-15T17:39:38.620,-11.764,0,,0,48,30,5
2026-04-15T17:39:39.610,-11.737,0,,0,48,30,5
2026-04-15T17:39:40.600,-11.749,0,,0,48,30,5
2026-04-15T17:39:41.610,-11.749,0,,0,48,30,5
2026-04-15T17:39:42.610,-11.767,0,,0,48,30,5
2026-04-15T17:39:43.610,-11.785,0,,0,48,30,5
2026-04-15T17:39:44.610,-11.779,0,,0,48,30,5
2026-04-15T17:39:45.610,-11.799,0,,0,48,30,5
2026-04-15T17:39:46.610,-11.786,0,,0,48,30,5
2026-04-15T17:39:47.620,-11.772,0,,0,48,30,5
2026-04-15T17:39:48.610,-11.784,0,,0,48,30,5
2026-04-15T17:39:49.610,-11.793,0,,0,48,30,5
2026-04-15T17:39:50.620,-11.819,0,,0,48,30,5
2026-04-15T17:39:51.610,-11.823,0,,0,48,30,5
2026-04-15T17:39:52.610,-11.804,0,,0,48,30,5
2026-04-15T17:39:53.610,-11.809,0,,0,48,30,5
2026-04-15T17:39:54.610,-11.797,0,,0,48,30,5
2026-04-15T17:39:55.610,-11.801,0,,0,48,30,5
2026-04-15T17:39:56.860,-11.789,0,,0,48,30,5
2026-04-15T17:39:57.610,-11.797,0,,0,48,30,5
2026-04-15T17:39:58.600,-11.811,0,,0,48,30,5
2026-04-15T17:39:59.620,-11.810,0,,0,48,30,5
2026-04-15T17:40:00.760,-11.807,0,,0,48,30,5
2026-04-15T17:40:01.610,-11.789,0,,0,48,30,5
2026-04-15T17:40:02.610,-11.788,0,,0,48,30,5
2026-04-15T17:40:03.610,-11.806,0,,0,48,30,5
2026-04-15T17:40:04.610,-11.793,0,,0,48,30,5
2026-04-15T17:40:05.610,-11.800,0,,0,48,30,5
2026-04-15T17:40:07.010,-11.779,0,,0,48,30,5
2026-04-15T17:40:07.610,-11.787,0,,0,48,30,5
2026-04-15T17:40:08.620,-11.799,0,,0,48,30,5
2026-04-15T17:40:09.610,-11.785,0,,0,48,30,5
2026-04-15T17:40:10.610,-11.789,0,,0,48,30,5
2026-04-15T17:40:11.610,-11.775,0,,0,48,30,5
2026-04-15T17:40:12.930,-11.771,0,,0,48,30,5
2026-04-15T17:40:13.610,-11.779,0,,0,48,30,5
2026-04-15T17:40:14.760,-11.778,0,,0,48,30,5
2026-04-15T17:40:15.610,-11.782,0,,0,48,30,5
2026-04-15T17:40:16.610,-11.793,0,,0,48,30,5
2026-04-15T17:40:17.610,-11.779,0,,0,48,30,5
2026-04-15T17:40:19.150,-11.782,0,,0,48,30,5
2026-04-15T17:40:19.610,-11.785,0,,0,48,30,5
2026-04-15T17:40:20.620,-11.766,0,,0,48,30,5
2026-04-15T17:40:21.610,-11.766,0,,0,48,30,5
2026-04-15T17:40:22.610,-11.761,0,Image_276.png,0,48,30,5
2026-04-15T17:40:23.910,-11.763,0,,0,48,30,5
2026-04-15T17:40:24.610,-11.764,0,,0,48,30,5
2026-04-15T17:40:25.610,-11.759,0,,0,48,30,5
2026-04-15T17:40:26.610,-11.759,0,,0,48,30,5
2026-04-15T17:40:27.610,-11.756,0,,0,48,30,5
2026-04-15T17:40:28.610,-11.766,0,,0,48,30,5
2026-04-15T17:40:29.610,-11.774,0,,0,48,30,5
2026-04-15T17:40:30.610,-11.768,0,,0,48,30,5
2026-04-15T17:40:31.610,-11.754,0,,0,48,30,5
2026-04-15T17:40:32.620,-11.749,0,,0,48,30,5
2026-04-15T17:40:33.600,-11.751,0,,0,48,30,5
2026-04-15T17:40:34.610,-11.762,0,,0,48,30,5
2026-04-15T17:40:35.600,-11.758,0,,0,48,30,5
2026-04-15T17:40:36.650,-11.751,0,,0,48,30,5
2026-04-15T17:40:37.600,-11.760,0,,0,48,30,5
2026-04-15T17:40:38.610,-11.756,0,,0,48,30,5
2026-04-15T17:40:39.610,-11.774,0,,0,48,30,5
2026-04-15T17:40:40.610,-11.784,0,,0,48,30,5
2026-04-15T17:40:41.610,-11.771,0,,0,48,30,5
2026-04-15T17:40:42.610,-11.767,0,,0,48,30,5
2026-04-15T17:40:43.610,-11.750,0,,0,48,30,5
2026-04-15T17:40:44.610,-11.740,0,,0,48,30,5
2026-04-15T17:40:45.610,-11.766,0,,0,48,30,5
2026-04-15T17:40:46.640,-11.790,0,,0,48,30,5
2026-04-15T17:40:47.610,-11.800,0,,0,48,30,5
2026-04-15T17:40:48.800,-11.794,0,,0,48,30,5
2026-04-15T17:40:49.600,-11.801,0,,0,48,30,5
2026-04-15T17:40:50.610,-11.793,0,,0,48,30,5
2026-04-15T17:40:51.600,-11.775,0,,0,48,30,5
2026-04-15T17:40:52.600,-11.769,0,,0,48,30,5
2026-04-15T17:40:53.610,-11.754,0,,0,48,30,5
2026-04-15T17:40:54.610,-11.741,0,,0,48,30,5
2026-04-15T17:40:55.610,-11.761,0,,0,48,30,5
2026-04-15T17:40:56.610,-11.744,0,,0,48,30,5
2026-04-15T17:40:57.600,-11.739,0,,0,48,30,5
2026-04-15T17:40:58.600,-11.779,0,,0,48,30,5
2026-04-15T17:40:59.610,-11.791,0,,0,48,30,5
2026-04-15T17:41:00.610,-11.786,0,,0,48,30,5
2026-04-15T17:41:01.610,-11.766,0,,0,48,30,5
2026-04-15T17:41:02.610,-11.770,0,,0,48,30,5
2026-04-15T17:41:03.610,-11.774,0,,0,48,30,5
2026-04-15T17:41:04.610,-11.768,0,,0,48,30,5
2026-04-15T17:41:05.610,-11.780,0,,0,48,30,5
2026-04-15T17:41:06.610,-11.786,0,,0,48,30,5
2026-04-15T17:41:07.600,-11.780,0,,0,48,30,5
2026-04-15T17:41:08.610,-11.780,0,,0,48,30,5
2026-04-15T17:41:09.610,-11.780,0,,0,48,30,5
2026-04-15T17:41:10.610,-11.779,0,,0,48,30,5
2026-04-15T17:41:11.610,-11.776,0,,0,48,30,5
2026-04-15T17:41:12.610,-11.765,0,,0,48,30,5
2026-04-15T17:41:13.610,-11.755,0,,0,48,30,5
2026-04-15T17:41:14.660,-11.743,0,,0,48,30,5
2026-04-15T17:41:15.610,-11.743,0,,0,48,30,5
2026-04-15T17:41:16.610,-11.762,0,,0,48,30,5
2026-04-15T17:41:17.610,-11.754,0,,0,48,30,5
2026-04-15T17:41:18.610,-11.770,0,,0,48,30,5
2026-04-15T17:41:19.600,-11.759,0,,0,48,30,5
2026-04-15T17:41:20.660,-11.743,0,,0,48,30,5
2026-04-15T17:41:21.600,-11.756,0,,0,48,30,5
2026-04-15T17:41:22.610,-11.750,0,Image_277.png,0,48,30,5
2026-04-15T17:41:23.910,-11.751,0,,0,48,30,5
2026-04-15T17:41:24.610,-11.752,0,,0,48,30,5
2026-04-15T17:41:25.600,-11.748,0,,0,48,30,5
2026-04-15T17:41:26.610,-11.737,0,,0,48,30,5
2026-04-15T17:41:27.610,-11.742,0,,0,48,30,5
2026-04-15T17:41:28.610,-11.728,0,,0,48,30,5
2026-04-15T17:41:29.620,-11.734,0,,0,48,30,5
2026-04-15T17:41:30.610,-11.756,0,,0,48,30,5
2026-04-15T17:41:31.610,-11.737,0,,0,48,30,5
2026-04-15T17:41:32.610,-11.767,0,,0,48,30,5
2026-04-15T17:41:33.610,-11.728,0,,0,48,30,5
2026-04-15T17:41:34.610,-11.739,0,,0,48,30,5
2026-04-15T17:41:35.610,-11.750,0,,0,48,30,5
2026-04-15T17:41:36.610,-11.729,0,,0,48,30,5
2026-04-15T17:41:37.610,-11.727,0,,0,48,30,5
2026-04-15T17:41:38.840,-11.742,0,,0,48,30,5
2026-04-15T17:41:39.610,-11.745,0,,0,48,30,5
2026-04-15T17:41:40.630,-11.751,0,,0,48,30,5
2026-04-15T17:41:41.610,-11.760,0,,0,48,30,5
2026-04-15T17:41:42.610,-11.765,0,,0,48,30,5
2026-04-15T17:41:43.610,-11.762,0,,0,48,30,5
2026-04-15T17:41:44.610,-11.756,0,,0,48,30,5
2026-04-15T17:41:45.610,-11.725,0,,0,48,30,5
2026-04-15T17:41:46.600,-11.734,0,,0,48,30,5
2026-04-15T17:41:47.610,-11.715,0,,0,48,30,5
2026-04-15T17:41:48.610,-11.744,0,,0,48,30,5
2026-04-15T17:41:49.610,-11.756,0,,0,48,30,5
2026-04-15T17:41:50.600,-11.763,0,,0,48,30,5
2026-04-15T17:41:51.610,-11.740,0,,0,48,30,5
2026-04-15T17:41:53.420,-11.734,0,,0,48,30,5
2026-04-15T17:41:53.760,-11.734,0,,0,48,30,5
2026-04-15T17:41:54.610,-11.720,0,,0,48,30,5
2026-04-15T17:41:55.610,-11.731,0,,0,48,30,5
2026-04-15T17:41:56.610,-11.739,0,,0,48,30,5
2026-04-15T17:41:57.610,-11.729,0,,0,48,30,5
2026-04-15T17:41:58.600,-11.740,0,,0,48,30,5
2026-04-15T17:41:59.620,-11.743,0,,0,48,30,5
2026-04-15T17:42:00.600,-11.733,0,,0,48,30,5
2026-04-15T17:42:01.600,-11.740,0,,0,48,30,5
2026-04-15T17:42:02.650,-11.733,0,,0,48,30,5
2026-04-15T17:42:03.610,-11.739,0,,0,48,30,5
2026-04-15T17:42:04.610,-11.729,0,,0,48,30,5
2026-04-15T17:42:05.610,-11.733,0,,0,48,30,5
2026-04-15T17:42:06.610,-11.744,0,,0,48,30,5
2026-04-15T17:42:07.610,-11.747,0,,0,48,30,5
2026-04-15T17:42:08.600,-11.750,0,,0,48,30,5
2026-04-15T17:42:09.610,-11.748,0,,0,48,30,5
2026-04-15T17:42:11.110,-11.743,0,,0,48,30,5
2026-04-15T17:42:11.610,-11.748,0,,0,48,30,5
2026-04-15T17:42:12.610,-11.739,0,,0,48,30,5
2026-04-15T17:42:13.620,-11.743,0,,0,48,30,5
2026-04-15T17:42:14.610,-11.743,0,,0,48,30,5
2026-04-15T17:42:15.610,-11.740,0,,0,48,30,5
2026-04-15T17:42:16.610,-11.752,0,,0,48,30,5
2026-04-15T17:42:17.610,-11.751,0,,0,48,30,5
2026-04-15T17:42:18.610,-11.747,0,,0,48,30,5
2026-04-15T17:42:19.610,-11.747,0,,0,48,30,5
2026-04-15T17:42:20.990,-11.739,0,,0,48,30,5
2026-04-15T17:42:21.600,-11.733,0,,0,48,30,5
2026-04-15T17:42:22.610,-11.733,0,Image_278.png,0,48,30,5
2026-04-15T17:42:23.920,-11.738,0,,0,48,30,5
2026-04-15T17:42:25.020,-11.731,0,,0,48,30,5
2026-04-15T17:42:25.610,-11.744,0,,0,48,30,5
2026-04-15T17:42:26.610,-11.729,0,,0,48,30,5
2026-04-15T17:42:27.600,-11.726,0,,0,48,30,5
2026-04-15T17:42:28.610,-11.729,0,,0,48,30,5
2026-04-15T17:42:29.610,-11.734,0,,0,48,30,5
2026-04-15T17:42:30.610,-11.727,0,,0,48,30,5
2026-04-15T17:42:31.610,-11.726,0,,0,48,30,5
2026-04-15T17:42:32.610,-11.725,0,,0,48,30,5
2026-04-15T17:42:33.610,-11.729,0,,0,48,30,5
2026-04-15T17:42:34.610,-11.723,0,,0,48,30,5
2026-04-15T17:42:35.600,-11.723,0,,0,48,30,5
2026-04-15T17:42:36.580,-11.723,0,,0,48,30,5
2026-04-15T17:42:37.600,-11.726,0,,0,48,30,5
2026-04-15T17:42:38.600,-11.710,0,,0,48,30,5
2026-04-15T17:42:39.600,-11.721,0,,0,48,30,5
2026-04-15T17:42:40.610,-11.732,0,,0,48,30,5
2026-04-15T17:42:41.610,-11.734,0,,0,48,30,5
2026-04-15T17:42:42.610,-11.725,0,,0,48,30,5
2026-04-15T17:42:43.600,-11.730,0,,0,48,30,5
2026-04-15T17:42:44.610,-11.719,0,,0,48,30,5
2026-04-15T17:42:45.600,-11.722,0,,0,48,30,5
2026-04-15T17:42:46.600,-11.737,0,,0,48,30,5
2026-04-15T17:42:47.610,-11.732,0,,0,48,30,5
2026-04-15T17:42:48.610,-11.730,0,,0,48,30,5
2026-04-15T17:42:49.600,-11.736,0,,0,48,30,5
2026-04-15T17:42:50.620,-11.740,0,,0,48,30,5
2026-04-15T17:42:51.600,-11.727,0,,0,48,30,5
2026-04-15T17:42:52.610,-11.738,0,,0,48,30,5
2026-04-15T17:42:53.610,-11.751,0,,0,48,30,5
2026-04-15T17:42:54.610,-11.735,0,,0,48,30,5
2026-04-15T17:42:55.600,-11.728,0,,0,48,30,5
2026-04-15T17:42:56.610,-11.736,0,,0,48,30,5
2026-04-15T17:42:57.600,-11.741,0,,0,48,30,5
2026-04-15T17:42:58.600,-11.736,0,,0,48,30,5
2026-04-15T17:42:59.610,-11.742,0,,0,48,30,5
2026-04-15T17:43:00.610,-11.743,0,,0,48,30,5
2026-04-15T17:43:01.600,-11.731,0,,0,48,30,5
2026-04-15T17:43:02.610,-11.746,0,,0,48,30,5
2026-04-15T17:43:03.610,-11.736,0,,0,48,30,5
2026-04-15T17:43:04.610,-11.729,0,,0,48,30,5
2026-04-15T17:43:05.610,-11.729,0,,0,48,30,5
2026-04-15T17:43:06.600,-11.723,0,,0,48,30,5
2026-04-15T17:43:07.600,-11.736,0,,0,48,30,5
2026-04-15T17:43:08.610,-11.739,0,,0,48,30,5
2026-04-15T17:43:09.600,-11.733,0,,0,48,30,5
2026-04-15T17:43:10.670,-11.720,0,,0,48,30,5
2026-04-15T17:43:11.610,-11.729,0,,0,48,30,5
2026-04-15T17:43:12.780,-11.729,0,,0,48,30,5
2026-04-15T17:43:13.600,-11.735,0,,0,48,30,5
2026-04-15T17:43:14.610,-11.721,0,,0,48,30,5
2026-04-15T17:43:15.600,-11.727,0,,0,48,30,5
2026-04-15T17:43:16.600,-11.731,0,,0,48,30,5
2026-04-15T17:43:17.610,-11.727,0,,0,48,30,5
2026-04-15T17:43:18.600,-11.731,0,,0,48,30,5
2026-04-15T17:43:19.600,-11.720,0,,0,48,30,5
2026-04-15T17:43:20.610,-11.718,0,,0,48,30,5
2026-04-15T17:43:21.600,-11.722,0,,0,48,30,5
2026-04-15T17:43:22.600,-11.721,0,,0,48,30,5
2026-04-15T17:43:23.610,-11.752,0,Image_279.png,0,48,30,5
2026-04-15T17:43:24.930,-11.749,0,,0,48,30,5
2026-04-15T17:43:25.610,-11.745,0,,0,48,30,5
2026-04-15T17:43:26.620,-11.738,0,,0,48,30,5
2026-04-15T17:43:27.610,-11.733,0,,0,48,30,5
2026-04-15T17:43:28.600,-11.729,0,,0,48,30,5
2026-04-15T17:43:29.610,-11.729,0,,0,48,30,5
2026-04-15T17:43:30.610,-11.745,0,,0,48,30,5
2026-04-15T17:43:31.610,-11.736,0,,0,48,30,5
2026-04-15T17:43:32.620,-11.725,0,,0,48,30,5
2026-04-15T17:43:33.610,-11.735,0,,0,48,30,5
2026-04-15T17:43:34.610,-11.725,0,,0,48,30,5
2026-04-15T17:43:35.610,-11.732,0,,0,48,30,5
2026-04-15T17:43:36.610,-11.729,0,,0,48,30,5
2026-04-15T17:43:37.600,-11.726,0,,0,48,30,5
2026-04-15T17:43:38.610,-11.726,0,,0,48,30,5
2026-04-15T17:43:39.610,-11.730,0,,0,48,30,5
2026-04-15T17:43:40.610,-11.728,0,,0,48,30,5
2026-04-15T17:43:41.610,-11.741,0,,0,48,30,5
2026-04-15T17:43:42.610,-11.761,0,,0,48,30,5
2026-04-15T17:43:43.610,-11.764,0,,0,48,30,5
2026-04-15T17:43:44.610,-11.750,0,,0,48,30,5
2026-04-15T17:43:45.610,-11.736,0,,0,48,30,5
2026-04-15T17:43:46.600,-11.727,0,,0,48,30,5
2026-04-15T17:43:47.610,-11.704,0,,0,48,30,5
2026-04-15T17:43:48.610,-11.728,0,,0,48,30,5
2026-04-15T17:43:49.600,-11.719,0,,0,48,30,5
2026-04-15T17:43:50.810,-11.709,0,,0,48,30,5
2026-04-15T17:43:51.610,-11.729,0,,0,48,30,5
2026-04-15T17:43:52.610,-11.733,0,,0,48,30,5
2026-04-15T17:43:53.610,-11.732,0,,0,48,30,5
2026-04-15T17:43:54.610,-11.748,0,,0,48,30,5
2026-04-15T17:43:55.600,-11.742,0,,0,48,30,5
2026-04-15T17:43:56.690,-11.734,0,,0,48,30,5
2026-04-15T17:43:57.610,-11.739,0,,0,48,30,5
2026-04-15T17:43:58.610,-11.733,0,,0,48,30,5
2026-04-15T17:43:59.610,-11.734,0,,0,48,30,5
2026-04-15T17:44:00.610,-11.749,0,,0,48,30,5
2026-04-15T17:44:01.610,-11.765,0,,0,48,30,5
2026-04-15T17:44:02.760,-11.763,0,,0,48,30,5
2026-04-15T17:44:03.610,-11.749,0,,0,48,30,5
2026-04-15T17:44:04.920,-11.730,0,,0,48,30,5
2026-04-15T17:44:05.610,-11.717,0,,0,48,30,5
2026-04-15T17:44:06.610,-11.731,0,,0,48,30,5
2026-04-15T17:44:07.610,-11.720,0,,0,48,30,5
2026-04-15T17:44:08.670,-11.743,0,,0,48,30,5
2026-04-15T17:44:09.610,-11.748,0,,0,48,30,5
2026-04-15T17:44:10.610,-11.739,0,,0,48,30,5
2026-04-15T17:44:11.610,-11.765,0,,0,48,30,5
2026-04-15T17:44:12.610,-11.752,0,,0,48,30,5
2026-04-15T17:44:13.610,-11.778,0,,0,48,30,5
2026-04-15T17:44:14.610,-11.782,0,,0,48,30,5
2026-04-15T17:44:15.610,-11.759,0,,0,48,30,5
2026-04-15T17:44:16.610,-11.760,0,,0,48,30,5
2026-04-15T17:44:17.610,-11.757,0,,0,48,30,5
2026-04-15T17:44:18.740,-11.736,0,,0,48,30,5
2026-04-15T17:44:19.610,-11.749,0,,0,48,30,5
2026-04-15T17:44:20.610,-11.738,0,,0,48,30,5
2026-04-15T17:44:21.610,-11.745,0,,0,48,30,5
2026-04-15T17:44:22.610,-11.733,0,,0,48,30,5
2026-04-15T17:44:23.610,-11.752,0,,0,48,30,5
2026-04-15T17:44:24.610,-11.747,0,Image_280.png,0,48,30,5
2026-04-15T17:44:25.920,-11.745,0,,0,48,30,5
2026-04-15T17:44:26.610,-11.763,0,,0,48,30,5
2026-04-15T17:44:27.600,-11.769,0,,0,48,30,5
2026-04-15T17:44:28.600,-11.778,0,,0,48,30,5
2026-04-15T17:44:29.610,-11.765,0,,0,48,30,5
2026-04-15T17:44:30.610,-11.776,0,,0,48,30,5
2026-04-15T17:44:31.610,-11.758,0,,0,48,30,5
2026-04-15T17:44:32.620,-11.759,0,,0,48,30,5
2026-04-15T17:44:33.610,-11.740,0,,0,48,30,5
2026-04-15T17:44:34.770,-11.741,0,,0,48,30,5
2026-04-15T17:44:35.610,-11.744,0,,0,48,30,5
2026-04-15T17:44:36.610,-11.728,0,,0,48,30,5
2026-04-15T17:44:37.610,-11.737,0,,0,48,30,5
2026-04-15T17:44:38.700,-11.721,0,,0,48,30,5
2026-04-15T17:44:39.600,-11.748,0,,0,48,30,5
2026-04-15T17:44:40.610,-11.742,0,,0,48,30,5
2026-04-15T17:44:41.610,-11.760,0,,0,48,30,5
2026-04-15T17:44:42.610,-11.744,0,,0,48,30,5
2026-04-15T17:44:43.600,-11.763,0,,0,48,30,5
2026-04-15T17:44:44.610,-11.765,0,,0,48,30,5
2026-04-15T17:44:45.610,-11.776,0,,0,48,30,5
2026-04-15T17:44:46.600,-11.754,0,,0,48,30,5
2026-04-15T17:44:47.610,-11.747,0,,0,48,30,5
2026-04-15T17:44:48.610,-11.770,0,,0,48,30,5
2026-04-15T17:44:49.600,-11.753,0,,0,48,30,5
2026-04-15T17:44:51.020,-11.782,0,,0,48,30,5
2026-04-15T17:44:51.600,-11.782,0,,0,48,30,5
2026-04-15T17:44:52.840,-11.781,0,,0,48,30,5
2026-04-15T17:44:53.620,-11.772,0,,0,48,30,5
2026-04-15T17:44:54.820,-11.786,0,,0,48,30,5
2026-04-15T17:44:55.600,-11.788,0,,0,48,30,5
2026-04-15T17:44:56.610,-11.777,0,,0,48,30,5
2026-04-15T17:44:57.600,-11.764,0,,0,48,30,5
2026-04-15T17:44:58.600,-11.764,0,,0,48,30,5
2026-04-15T17:44:59.610,-11.756,0,,0,48,30,5
2026-04-15T17:45:00.610,-11.755,0,,0,48,30,5
2026-04-15T17:45:01.600,-11.755,0,,0,48,30,5
2026-04-15T17:45:02.620,-11.767,0,,0,48,30,5
2026-04-15T17:45:03.610,-11.770,0,,0,48,30,5
2026-04-15T17:45:04.610,-11.773,0,,0,48,30,5
2026-04-15T17:45:05.610,-11.774,0,,0,48,30,5
2026-04-15T17:45:06.600,-11.748,0,,0,48,30,5
2026-04-15T17:45:07.610,-11.750,0,,0,48,30,5
2026-04-15T17:45:08.610,-11.762,0,,0,48,30,5
2026-04-15T17:45:09.600,-11.754,0,,0,48,30,5
2026-04-15T17:45:10.610,-11.756,0,,0,48,30,5
2026-04-15T17:45:11.600,-11.768,0,,0,48,30,5
2026-04-15T17:45:12.610,-11.763,0,,0,48,30,5
2026-04-15T17:45:13.600,-11.764,0,,0,48,30,5
2026-04-15T17:45:14.610,-11.765,0,,0,48,30,5
2026-04-15T17:45:15.610,-11.767,0,,0,48,30,5
2026-04-15T17:45:16.600,-11.752,0,,0,48,30,5
2026-04-15T17:45:17.610,-11.743,0,,0,48,30,5
2026-04-15T17:45:18.610,-11.738,0,,0,48,30,5
2026-04-15T17:45:19.600,-11.719,0,,0,48,30,5
2026-04-15T17:45:20.640,-11.739,0,,0,48,30,5
2026-04-15T17:45:21.600,-11.733,0,,0,48,30,5
2026-04-15T17:45:22.610,-11.773,0,,0,48,30,5
2026-04-15T17:45:23.610,-11.757,0,,0,48,30,5
2026-04-15T17:45:24.610,-11.757,0,Image_281.png,0,48,30,5
2026-04-15T17:45:25.920,-11.754,0,,0,48,30,5
2026-04-15T17:45:26.590,-11.761,0,,0,48,30,5
2026-04-15T17:45:27.610,-11.764,0,,0,48,30,5
2026-04-15T17:45:28.610,-11.747,0,,0,48,30,5
2026-04-15T17:45:29.610,-11.726,0,,0,48,30,5
2026-04-15T17:45:30.610,-11.734,0,,0,48,30,5
2026-04-15T17:45:31.600,-11.721,0,,0,48,30,5
2026-04-15T17:45:32.610,-11.751,0,,0,48,30,5
2026-04-15T17:45:33.600,-11.759,0,,0,48,30,5
2026-04-15T17:45:34.610,-11.762,0,,0,48,30,5
2026-04-15T17:45:35.610,-11.750,0,,0,48,30,5
2026-04-15T17:45:36.610,-11.757,0,,0,48,30,5
2026-04-15T17:45:37.610,-11.754,0,,0,48,30,5
2026-04-15T17:45:38.610,-11.757,0,,0,48,30,5
2026-04-15T17:45:39.610,-11.759,0,,0,48,30,5
2026-04-15T17:45:40.730,-11.770,0,,0,48,30,5
2026-04-15T17:45:41.600,-11.779,0,,0,48,30,5
2026-04-15T17:45:42.610,-11.766,0,,0,48,30,5
2026-04-15T17:45:43.610,-11.755,0,,0,48,30,5
2026-04-15T17:45:44.610,-11.761,0,,0,48,30,5
2026-04-15T17:45:45.610,-11.762,0,,0,48,30,5
2026-04-15T17:45:46.670,-11.768,0,,0,48,30,5
2026-04-15T17:45:47.620,-11.766,0,,0,48,30,5
2026-04-15T17:45:48.610,-11.762,0,,0,48,30,5
2026-04-15T17:45:49.610,-11.755,0,,0,48,30,5
2026-04-15T17:45:50.860,-11.757,0,,0,48,30,5
2026-04-15T17:45:51.610,-11.751,0,,0,48,30,5
2026-04-15T17:45:52.610,-11.738,0,,0,48,30,5
2026-04-15T17:45:53.610,-11.751,0,,0,48,30,5
2026-04-15T17:45:54.610,-11.741,0,,0,48,30,5
2026-04-15T17:45:55.610,-11.760,0,,0,48,30,5
2026-04-15T17:45:56.600,-11.761,0,,0,48,30,5
2026-04-15T17:45:57.610,-11.764,0,,0,48,30,5
2026-04-15T17:45:58.610,-11.755,0,,0,48,30,5
2026-04-15T17:45:59.620,-11.746,0,,0,48,30,5
2026-04-15T17:46:00.610,-11.752,0,,0,48,30,5
2026-04-15T17:46:01.590,-11.754,0,,0,48,30,5
2026-04-15T17:46:02.610,-11.747,0,,0,48,30,5
2026-04-15T17:46:03.610,-11.751,0,,0,48,30,5
2026-04-15T17:46:04.610,-11.736,0,,0,48,30,5
2026-04-15T17:46:05.610,-11.718,0,,0,48,30,5
2026-04-15T17:46:07.040,-11.718,0,,0,48,30,5
2026-04-15T17:46:07.610,-11.714,0,,0,48,30,5
2026-04-15T17:46:08.610,-11.742,0,,0,48,30,5
2026-04-15T17:46:09.610,-11.746,0,,0,48,30,5
2026-04-15T17:46:10.610,-11.771,0,,0,48,30,5
2026-04-15T17:46:11.610,-11.755,0,,0,48,30,5
2026-04-15T17:46:12.950,-11.742,0,,0,48,30,5
2026-04-15T17:46:13.600,-11.729,0,,0,48,30,5
2026-04-15T17:46:14.610,-11.709,0,,0,48,30,5
2026-04-15T17:46:15.610,-11.715,0,,0,48,30,5
2026-04-15T17:46:16.850,-11.713,0,,0,48,30,5
2026-04-15T17:46:17.620,-11.731,0,,0,48,30,5
2026-04-15T17:46:18.610,-11.733,0,,0,48,30,5
2026-04-15T17:46:19.610,-11.752,0,,0,48,30,5
2026-04-15T17:46:20.610,-11.779,0,,0,48,30,5
2026-04-15T17:46:21.610,-11.766,0,,0,48,30,5
2026-04-15T17:46:22.820,-11.795,0,,0,48,30,5
2026-04-15T17:46:23.620,-11.785,0,,0,48,30,5
2026-04-15T17:46:24.610,-11.773,0,,0,48,30,5
2026-04-15T17:46:25.610,-11.769,0,Image_282.png,0,48,30,5
2026-04-15T17:46:27.030,-11.759,0,,0,48,30,5
2026-04-15T17:46:27.610,-11.753,0,,0,48,30,5
2026-04-15T17:46:28.610,-11.783,0,,0,48,30,5
2026-04-15T17:46:29.600,-11.773,0,,0,48,30,5
2026-04-15T17:46:30.610,-11.770,0,,0,48,30,5
2026-04-15T17:46:31.600,-11.785,0,,0,48,30,5
2026-04-15T17:46:32.610,-11.782,0,,0,48,30,5
2026-04-15T17:46:33.600,-11.785,0,,0,48,30,5
2026-04-15T17:46:34.600,-11.779,0,,0,48,30,5
2026-04-15T17:46:35.610,-11.791,0,,0,48,30,5
2026-04-15T17:46:36.610,-11.779,0,,0,48,30,5
2026-04-15T17:46:37.610,-11.783,0,,0,48,30,5
2026-04-15T17:46:38.610,-11.789,0,,0,48,30,5
2026-04-15T17:46:39.600,-11.772,0,,0,48,30,5
2026-04-15T17:46:40.610,-11.792,0,,0,48,30,5
2026-04-15T17:46:41.610,-11.783,0,,0,48,30,5
2026-04-15T17:46:42.610,-11.799,0,,0,48,30,5
2026-04-15T17:46:43.600,-11.802,0,,0,48,30,5
2026-04-15T17:46:44.610,-11.803,0,,0,48,30,5
2026-04-15T17:46:45.600,-11.794,0,,0,48,30,5
2026-04-15T17:46:46.600,-11.800,0,,0,48,30,5
2026-04-15T17:46:47.610,-11.785,0,,0,48,30,5
2026-04-15T17:46:48.610,-11.797,0,,0,48,30,5
2026-04-15T17:46:49.600,-11.802,0,,0,48,30,5
2026-04-15T17:46:50.610,-11.796,0,,0,48,30,5
2026-04-15T17:46:51.610,-11.785,0,,0,48,30,5
2026-04-15T17:46:52.600,-11.795,0,,0,48,30,5
2026-04-15T17:46:53.610,-11.795,0,,0,48,30,5
2026-04-15T17:46:54.610,-11.804,0,,0,48,30,5
2026-04-15T17:46:55.610,-11.791,0,,0,48,30,5
2026-04-15T17:46:56.610,-11.798,0,,0,48,30,5
2026-04-15T17:46:57.600,-11.798,0,,0,48,30,5
2026-04-15T17:46:58.600,-11.799,0,,0,48,30,5
2026-04-15T17:46:59.600,-11.796,0,,0,48,30,5
2026-04-15T17:47:00.650,-11.786,0,,0,48,30,5
2026-04-15T17:47:01.590,-11.771,0,,0,48,30,5
2026-04-15T17:47:02.610,-11.795,0,,0,48,30,5
2026-04-15T17:47:03.600,-11.778,0,,0,48,30,5
2026-04-15T17:47:04.600,-11.795,0,,0,48,30,5
2026-04-15T17:47:05.610,-11.788,0,,0,48,30,5
2026-04-15T17:47:06.660,-11.793,0,,0,48,30,5
2026-04-15T17:47:07.600,-11.775,0,,0,48,30,5
2026-04-15T17:47:08.610,-11.802,0,,0,48,30,5
2026-04-15T17:47:09.600,-11.788,0,,0,48,30,5
2026-04-15T17:47:10.610,-11.805,0,,0,48,30,5
2026-04-15T17:47:11.610,-11.802,0,,0,48,30,5
2026-04-15T17:47:12.610,-11.809,0,,0,48,30,5
2026-04-15T17:47:13.610,-11.780,0,,0,48,30,5
2026-04-15T17:47:14.610,-11.764,0,,0,48,30,5
2026-04-15T17:47:15.600,-11.755,0,,0,48,30,5
2026-04-15T17:47:16.600,-11.755,0,,0,48,30,5
2026-04-15T17:47:17.610,-11.772,0,,0,48,30,5
2026-04-15T17:47:18.610,-11.784,0,,0,48,30,5
2026-04-15T17:47:19.600,-11.797,0,,0,48,30,5
2026-04-15T17:47:20.610,-11.805,0,,0,48,30,5
2026-04-15T17:47:21.600,-11.789,0,,0,48,30,5
2026-04-15T17:47:22.680,-11.799,0,,0,48,30,5
2026-04-15T17:47:23.610,-11.808,0,,0,48,30,5
2026-04-15T17:47:24.610,-11.815,0,,0,48,30,5
2026-04-15T17:47:25.600,-11.831,0,,0,48,30,5
2026-04-15T17:47:27.060,-11.789,0,Image_283.png,0,48,30,5
2026-04-15T17:47:27.910,-11.774,0,,0,48,30,5
2026-04-15T17:47:28.600,-11.768,0,,0,48,30,5
2026-04-15T17:47:29.610,-11.777,0,,0,48,30,5
2026-04-15T17:47:30.610,-11.793,0,,0,48,30,5
2026-04-15T17:47:31.610,-11.811,0,,0,48,30,5
2026-04-15T17:47:32.610,-11.796,0,,0,48,30,5
2026-04-15T17:47:33.610,-11.810,0,,0,48,30,5
2026-04-15T17:47:34.610,-11.790,0,,0,48,30,5
2026-04-15T17:47:35.610,-11.786,0,,0,48,30,5
2026-04-15T17:47:36.610,-11.795,0,,0,48,30,5
2026-04-15T17:47:37.610,-11.804,0,,0,48,30,5
2026-04-15T17:47:38.620,-11.818,0,,0,48,30,5
2026-04-15T17:47:39.610,-11.830,0,,0,48,30,5
2026-04-15T17:47:40.610,-11.804,0,,0,48,30,5
2026-04-15T17:47:41.610,-11.796,0,,0,48,30,5
2026-04-15T17:47:42.600,-11.807,0,,0,48,30,5
2026-04-15T17:47:43.610,-11.799,0,,0,48,30,5
2026-04-15T17:47:44.620,-11.817,0,,0,48,30,5
2026-04-15T17:47:45.610,-11.810,0,,0,48,30,5
2026-04-15T17:47:46.610,-11.806,0,,0,48,30,5
2026-04-15T17:47:47.610,-11.816,0,,0,48,30,5
2026-04-15T17:47:48.610,-11.801,0,,0,48,30,5
2026-04-15T17:47:49.610,-11.801,0,,0,48,30,5
2026-04-15T17:47:50.610,-11.808,0,,0,48,30,5
2026-04-15T17:47:51.610,-11.798,0,,0,48,30,5
2026-04-15T17:47:52.610,-11.806,0,,0,48,30,5
2026-04-15T17:47:53.610,-11.812,0,,0,48,30,5
2026-04-15T17:47:54.610,-11.802,0,,0,48,30,5
2026-04-15T17:47:55.610,-11.807,0,,0,48,30,5
2026-04-15T17:47:56.620,-11.788,0,,0,48,30,5
2026-04-15T17:47:57.600,-11.775,0,,0,48,30,5
2026-04-15T17:47:59.440,-11.780,0,,0,48,30,5
2026-04-15T17:47:59.770,-11.779,0,,0,48,30,5
2026-04-15T17:48:00.610,-11.797,0,,0,48,30,5
2026-04-15T17:48:01.610,-11.815,0,,0,48,30,5
2026-04-15T17:48:02.650,-11.809,0,,0,48,30,5
2026-04-15T17:48:03.610,-11.790,0,,0,48,30,5
2026-04-15T17:48:04.610,-11.789,0,,0,48,30,5
2026-04-15T17:48:05.610,-11.781,0,,0,48,30,5
2026-04-15T17:48:06.610,-11.752,0,,0,48,30,5
2026-04-15T17:48:07.610,-11.774,0,,0,48,30,5
2026-04-15T17:48:08.800,-11.772,0,,0,48,30,5
2026-04-15T17:48:09.610,-11.798,0,,0,48,30,5
2026-04-15T17:48:10.890,-11.807,0,,0,48,30,5
2026-04-15T17:48:11.610,-11.800,0,,0,48,30,5
2026-04-15T17:48:12.600,-11.811,0,,0,48,30,5
2026-04-15T17:48:13.610,-11.786,0,,0,48,30,5
2026-04-15T17:48:14.610,-11.785,0,,0,48,30,5
2026-04-15T17:48:15.610,-11.789,0,,0,48,30,5
2026-04-15T17:48:16.610,-11.780,0,,0,48,30,5
2026-04-15T17:48:17.610,-11.796,0,,0,48,30,5
2026-04-15T17:48:18.610,-11.784,0,,0,48,30,5
2026-04-15T17:48:19.610,-11.782,0,,0,48,30,5
2026-04-15T17:48:20.620,-11.778,0,,0,48,30,5
2026-04-15T17:48:21.610,-11.791,0,,0,48,30,5
2026-04-15T17:48:22.600,-11.795,0,,0,48,30,5
2026-04-15T17:48:23.620,-11.785,0,,0,48,30,5
2026-04-15T17:48:24.610,-11.768,0,,0,48,30,5
2026-04-15T17:48:25.610,-11.783,0,,0,48,30,5
2026-04-15T17:48:26.620,-11.778,0,Image_284.png,0,48,30,5
2026-04-15T17:48:27.920,-11.770,0,,0,48,30,5
2026-04-15T17:48:28.600,-11.787,0,,0,48,30,5
2026-04-15T17:48:29.610,-11.753,0,,0,48,30,5
2026-04-15T17:48:30.610,-11.757,0,,0,48,30,5
2026-04-15T17:48:31.600,-11.766,0,,0,48,30,5
2026-04-15T17:48:32.620,-11.774,0,,0,48,30,5
2026-04-15T17:48:33.610,-11.789,0,,0,48,30,5
2026-04-15T17:48:34.600,-11.775,0,,0,48,30,5
2026-04-15T17:48:35.610,-11.789,0,,0,48,30,5
2026-04-15T17:48:36.840,-11.766,0,,0,48,30,5
2026-04-15T17:48:37.610,-11.775,0,,0,48,30,5
2026-04-15T17:48:38.970,-11.773,0,,0,48,30,5
2026-04-15T17:48:39.600,-11.757,0,,0,48,30,5
2026-04-15T17:48:40.600,-11.759,0,,0,48,30,5
2026-04-15T17:48:41.610,-11.747,0,,0,48,30,5
2026-04-15T17:48:42.610,-11.763,0,,0,48,30,5
2026-04-15T17:48:43.610,-11.768,0,,0,48,30,5
2026-04-15T17:48:44.610,-11.784,0,,0,48,30,5
2026-04-15T17:48:45.610,-11.799,0,,0,48,30,5
2026-04-15T17:48:46.610,-11.818,0,,0,48,30,5
2026-04-15T17:48:47.610,-11.815,0,,0,48,30,5
2026-04-15T17:48:48.690,-11.808,0,,0,48,30,5
2026-04-15T17:48:49.610,-11.809,0,,0,48,30,5
2026-04-15T17:48:50.610,-11.796,0,,0,48,30,5
2026-04-15T17:48:51.600,-11.790,0,,0,48,30,5
2026-04-15T17:48:52.610,-11.791,0,,0,48,30,5
2026-04-15T17:48:53.610,-11.789,0,,0,48,30,5
2026-04-15T17:48:54.610,-11.807,0,,0,48,30,5
2026-04-15T17:48:55.610,-11.809,0,,0,48,30,5
2026-04-15T17:48:56.620,-11.811,0,,0,48,30,5
2026-04-15T17:48:57.600,-11.803,0,,0,48,30,5
2026-04-15T17:48:58.600,-11.813,0,,0,48,30,5
2026-04-15T17:48:59.610,-11.805,0,,0,48,30,5
2026-04-15T17:49:00.610,-11.809,0,,0,48,30,5
2026-04-15T17:49:01.610,-11.807,0,,0,48,30,5
2026-04-15T17:49:02.610,-11.795,0,,0,48,30,5
2026-04-15T17:49:03.600,-11.801,0,,0,48,30,5
2026-04-15T17:49:04.600,-11.796,0,,0,48,30,5
2026-04-15T17:49:05.610,-11.800,0,,0,48,30,5
2026-04-15T17:49:06.610,-11.821,0,,0,48,30,5
2026-04-15T17:49:07.600,-11.809,0,,0,48,30,5
2026-04-15T17:49:08.610,-11.793,0,,0,48,30,5
2026-04-15T17:49:09.600,-11.779,0,,0,48,30,5
2026-04-15T17:49:10.610,-11.797,0,,0,48,30,5
2026-04-15T17:49:11.610,-11.790,0,,0,48,30,5
2026-04-15T17:49:12.610,-11.808,0,,0,48,30,5
2026-04-15T17:49:13.610,-11.805,0,,0,48,30,5
2026-04-15T17:49:14.620,-11.812,0,,0,48,30,5
2026-04-15T17:49:15.580,-11.794,0,,0,48,30,5
2026-04-15T17:49:16.600,-11.802,0,,0,48,30,5
2026-04-15T17:49:17.610,-11.791,0,,0,48,30,5
2026-04-15T17:49:18.610,-11.789,0,,0,48,30,5
2026-04-15T17:49:19.600,-11.805,0,,0,48,30,5
2026-04-15T17:49:20.610,-11.818,0,,0,48,30,5
2026-04-15T17:49:21.600,-11.806,0,,0,48,30,5
2026-04-15T17:49:22.600,-11.811,0,,0,48,30,5
2026-04-15T17:49:23.610,-11.793,0,,0,48,30,5
2026-04-15T17:49:24.610,-11.794,0,,0,48,30,5
2026-04-15T17:49:25.600,-11.800,0,,0,48,30,5
2026-04-15T17:49:26.620,-11.783,0,,0,48,30,5
2026-04-15T17:49:27.610,-11.803,0,Image_285.png,0,48,30,5
2026-04-15T17:49:28.920,-11.803,0,,0,48,30,5
2026-04-15T17:49:29.620,-11.813,0,,0,48,30,5
2026-04-15T17:49:30.610,-11.807,0,,0,48,30,5
2026-04-15T17:49:31.620,-11.798,0,,0,48,30,5
2026-04-15T17:49:32.610,-11.799,0,,0,48,30,5
2026-04-15T17:49:33.610,-11.814,0,,0,48,30,5
2026-04-15T17:49:34.610,-11.810,0,,0,48,30,5
2026-04-15T17:49:35.610,-11.808,0,,0,48,30,5
2026-04-15T17:49:37.170,-11.816,0,,0,48,30,5
2026-04-15T17:49:37.590,-11.816,0,,0,48,30,5
2026-04-15T17:49:38.610,-11.803,0,,0,48,30,5
2026-04-15T17:49:39.610,-11.816,0,,0,48,30,5
2026-04-15T17:49:40.610,-11.817,0,,0,48,30,5
2026-04-15T17:49:41.610,-11.816,0,,0,48,30,5
2026-04-15T17:49:42.770,-11.805,0,,0,48,30,5
2026-04-15T17:49:43.610,-11.819,0,,0,48,30,5
2026-04-15T17:49:44.610,-11.806,0,,0,48,30,5
2026-04-15T17:49:45.610,-11.807,0,,0,48,30,5
2026-04-15T17:49:46.610,-11.822,0,,0,48,30,5
2026-04-15T17:49:47.620,-11.810,0,,0,48,30,5
2026-04-15T17:49:48.610,-11.808,0,,0,48,30,5
2026-04-15T17:49:49.610,-11.824,0,,0,48,30,5
2026-04-15T17:49:50.950,-11.808,0,,0,48,30,5
2026-04-15T17:49:51.610,-11.807,0,,0,48,30,5
2026-04-15T17:49:52.600,-11.819,0,,0,48,30,5
2026-04-15T17:49:53.620,-11.814,0,,0,48,30,5
2026-04-15T17:49:54.610,-11.818,0,,0,48,30,5
2026-04-15T17:49:55.610,-11.823,0,,0,48,30,5
2026-04-15T17:49:56.820,-11.819,0,,0,48,30,5
2026-04-15T17:49:57.610,-11.806,0,,0,48,30,5
2026-04-15T17:49:58.610,-11.815,0,,0,48,30,5
2026-04-15T17:49:59.620,-11.821,0,,0,48,30,5
2026-04-15T17:50:00.630,-11.822,0,,0,48,30,5
2026-04-15T17:50:01.610,-11.824,0,,0,48,30,5
2026-04-15T17:50:02.610,-11.821,0,,0,48,30,5
2026-04-15T17:50:03.610,-11.818,0,,0,48,30,5
2026-04-15T17:50:04.600,-11.834,0,,0,48,30,5
2026-04-15T17:50:05.610,-11.816,0,,0,48,30,5
2026-04-15T17:50:06.610,-11.826,0,,0,48,30,5
2026-04-15T17:50:07.600,-11.824,0,,0,48,30,5
2026-04-15T17:50:08.620,-11.832,0,,0,48,30,5
2026-04-15T17:50:09.610,-11.823,0,,0,48,30,5
2026-04-15T17:50:10.710,-11.815,0,,0,48,30,5
2026-04-15T17:50:11.620,-11.809,0,,0,48,30,5
2026-04-15T17:50:12.600,-11.815,0,,0,48,30,5
2026-04-15T17:50:13.610,-11.805,0,,0,48,30,5
2026-04-15T17:50:14.610,-11.838,0,,0,48,30,5
2026-04-15T17:50:15.610,-11.825,0,,0,48,30,5
2026-04-15T17:50:17.110,-11.842,0,,0,48,30,5
2026-04-15T17:50:17.600,-11.829,0,,0,48,30,5
2026-04-15T17:50:18.610,-11.822,0,,0,48,30,5
2026-04-15T17:50:19.610,-11.834,0,,0,48,30,5
2026-04-15T17:50:20.640,-11.837,0,,0,48,30,5
2026-04-15T17:50:21.610,-11.810,0,,0,48,30,5
2026-04-15T17:50:22.610,-11.819,0,,0,48,30,5
2026-04-15T17:50:23.610,-11.806,0,,0,48,30,5
2026-04-15T17:50:24.610,-11.802,0,,0,48,30,5
2026-04-15T17:50:25.610,-11.818,0,,0,48,30,5
2026-04-15T17:50:26.780,-11.813,0,,0,48,30,5
2026-04-15T17:50:27.610,-11.811,0,,0,48,30,5
2026-04-15T17:50:28.640,-11.788,0,Image_286.png,0,48,30,5
2026-04-15T17:50:29.920,-11.804,0,,0,48,30,5
2026-04-15T17:50:30.610,-11.805,0,,0,48,30,5
2026-04-15T17:50:31.600,-11.817,0,,0,48,30,5
2026-04-15T17:50:32.600,-11.828,0,,0,48,30,5
2026-04-15T17:50:33.600,-11.812,0,,0,48,30,5
2026-04-15T17:50:34.610,-11.843,0,,0,48,30,5
2026-04-15T17:50:35.610,-11.845,0,,0,48,30,5
2026-04-15T17:50:36.610,-11.854,0,,0,48,30,5
2026-04-15T17:50:37.590,-11.860,0,,0,48,30,5
2026-04-15T17:50:38.610,-11.854,0,,0,48,30,5
2026-04-15T17:50:39.610,-11.867,0,,0,48,30,5
2026-04-15T17:50:40.610,-11.860,0,,0,48,30,5
2026-04-15T17:50:41.610,-11.866,0,,0,48,30,5
2026-04-15T17:50:42.610,-11.849,0,,0,48,30,5
2026-04-15T17:50:43.600,-11.844,0,,0,48,30,5
2026-04-15T17:50:44.700,-11.846,0,,0,48,30,5
2026-04-15T17:50:45.600,-11.834,0,,0,48,30,5
2026-04-15T17:50:46.600,-11.861,0,,0,48,30,5
2026-04-15T17:50:47.600,-11.872,0,,0,48,30,5
2026-04-15T17:50:48.610,-11.858,0,,0,48,30,5
2026-04-15T17:50:49.610,-11.874,0,,0,48,30,5
2026-04-15T17:50:50.610,-11.865,0,,0,48,30,5
2026-04-15T17:50:51.600,-11.873,0,,0,48,30,5
2026-04-15T17:50:52.600,-11.839,0,,0,48,30,5
2026-04-15T17:50:53.610,-11.853,0,,0,48,30,5
2026-04-15T17:50:54.610,-11.860,0,,0,48,30,5
2026-04-15T17:50:55.610,-11.829,0,,0,48,30,5
2026-04-15T17:50:56.610,-11.827,0,,0,48,30,5
2026-04-15T17:50:57.610,-11.812,0,,0,48,30,5
2026-04-15T17:50:58.610,-11.802,0,,0,48,30,5
2026-04-15T17:50:59.610,-11.822,0,,0,48,30,5
2026-04-15T17:51:00.610,-11.821,0,,0,48,30,5
2026-04-15T17:51:01.610,-11.841,0,,0,48,30,5
2026-04-15T17:51:02.600,-11.866,0,,0,48,30,5
2026-04-15T17:51:03.610,-11.860,0,,0,48,30,5
2026-04-15T17:51:04.610,-11.856,0,,0,48,30,5
2026-04-15T17:51:05.610,-11.854,0,,0,48,30,5
2026-04-15T17:51:06.610,-11.857,0,,0,48,30,5
2026-04-15T17:51:07.610,-11.855,0,,0,48,30,5
2026-04-15T17:51:08.610,-11.860,0,,0,48,30,5
2026-04-15T17:51:09.600,-11.858,0,,0,48,30,5
2026-04-15T17:51:10.610,-11.843,0,,0,48,30,5
2026-04-15T17:51:11.610,-11.831,0,,0,48,30,5
2026-04-15T17:51:12.610,-11.833,0,,0,48,30,5
2026-04-15T17:51:13.610,-11.833,0,,0,48,30,5
2026-04-15T17:51:14.610,-11.839,0,,0,48,30,5
2026-04-15T17:51:15.600,-11.829,0,,0,48,30,5
2026-04-15T17:51:16.600,-11.832,0,,0,48,30,5
2026-04-15T17:51:17.620,-11.827,0,,0,48,30,5
2026-04-15T17:51:19.020,-11.829,0,,0,48,30,5
2026-04-15T17:51:19.600,-11.842,0,,0,48,30,5
2026-04-15T17:51:20.610,-11.833,0,,0,48,30,5
2026-04-15T17:51:21.600,-11.845,0,,0,48,30,5
2026-04-15T17:51:22.610,-11.837,0,,0,48,30,5
2026-04-15T17:51:23.610,-11.838,0,,0,48,30,5
2026-04-15T17:51:24.610,-11.843,0,,0,48,30,5
2026-04-15T17:51:25.600,-11.831,0,,0,48,30,5
2026-04-15T17:51:26.610,-11.846,0,,0,48,30,5
2026-04-15T17:51:27.610,-11.838,0,,0,48,30,5
2026-04-15T17:51:28.610,-11.829,0,Image_287.png,0,48,30,5
2026-04-15T17:51:29.920,-11.806,0,,0,48,30,5
2026-04-15T17:51:30.610,-11.810,0,,0,48,30,5
2026-04-15T17:51:31.610,-11.821,0,,0,48,30,5
2026-04-15T17:51:32.600,-11.797,0,,0,48,30,5
2026-04-15T17:51:33.610,-11.789,0,,0,48,30,5
2026-04-15T17:51:34.610,-11.812,0,,0,48,30,5
2026-04-15T17:51:35.620,-11.819,0,,0,48,30,5
2026-04-15T17:51:36.610,-11.839,0,,0,48,30,5
2026-04-15T17:51:37.610,-11.830,0,,0,48,30,5
2026-04-15T17:51:38.620,-11.829,0,,0,48,30,5
2026-04-15T17:51:39.610,-11.822,0,,0,48,30,5
2026-04-15T17:51:40.610,-11.825,0,,0,48,30,5
2026-04-15T17:51:41.610,-11.827,0,,0,48,30,5
2026-04-15T17:51:42.610,-11.826,0,,0,48,30,5
2026-04-15T17:51:43.610,-11.828,0,,0,48,30,5
2026-04-15T17:51:44.620,-11.834,0,,0,48,30,5
2026-04-15T17:51:45.610,-11.826,0,,0,48,30,5
2026-04-15T17:51:46.630,-11.827,0,,0,48,30,5
2026-04-15T17:51:47.620,-11.825,0,,0,48,30,5
2026-04-15T17:51:48.840,-11.823,0,,0,48,30,5
2026-04-15T17:51:49.610,-11.827,0,,0,48,30,5
2026-04-15T17:51:50.620,-11.811,0,,0,48,30,5
2026-04-15T17:51:51.610,-11.824,0,,0,48,30,5
2026-04-15T17:51:52.610,-11.825,0,,0,48,30,5
2026-04-15T17:51:53.610,-11.809,0,,0,48,30,5
2026-04-15T17:51:54.610,-11.825,0,,0,48,30,5
2026-04-15T17:51:55.610,-11.816,0,,0,48,30,5
2026-04-15T17:51:56.610,-11.822,0,,0,48,30,5
2026-04-15T17:51:57.610,-11.827,0,,0,48,30,5
2026-04-15T17:51:58.610,-11.819,0,,0,48,30,5
2026-04-15T17:51:59.620,-11.817,0,,0,48,30,5
2026-04-15T17:52:00.610,-11.813,0,,0,48,30,5
2026-04-15T17:52:01.600,-11.813,0,,0,48,30,5
2026-04-15T17:52:02.600,-11.805,0,,0,48,30,5
2026-04-15T17:52:03.610,-11.817,0,,0,48,30,5
2026-04-15T17:52:04.610,-11.804,0,,0,48,30,5
2026-04-15T17:52:05.610,-11.808,0,,0,48,30,5
2026-04-15T17:52:06.610,-11.801,0,,0,48,30,5
2026-04-15T17:52:07.610,-11.814,0,,0,48,30,5
2026-04-15T17:52:08.620,-11.800,0,,0,48,30,5
2026-04-15T17:52:09.610,-11.797,0,,0,48,30,5
2026-04-15T17:52:10.900,-11.805,0,,0,48,30,5
2026-04-15T17:52:11.620,-11.799,0,,0,48,30,5
2026-04-15T17:52:12.610,-11.791,0,,0,48,30,5
2026-04-15T17:52:13.600,-11.802,0,,0,48,30,5
2026-04-15T17:52:14.610,-11.798,0,,0,48,30,5
2026-04-15T17:52:15.610,-11.801,0,,0,48,30,5
2026-04-15T17:52:16.610,-11.801,0,,0,48,30,5
2026-04-15T17:52:17.620,-11.802,0,,0,48,30,5
2026-04-15T17:52:18.610,-11.792,0,,0,48,30,5
2026-04-15T17:52:19.610,-11.798,0,,0,48,30,5
2026-04-15T17:52:21.090,-11.786,0,,0,48,30,5
2026-04-15T17:52:21.610,-11.797,0,,0,48,30,5
2026-04-15T17:52:22.610,-11.798,0,,0,48,30,5
2026-04-15T17:52:23.620,-11.795,0,,0,48,30,5
2026-04-15T17:52:24.610,-11.791,0,,0,48,30,5
2026-04-15T17:52:25.610,-11.792,0,,0,48,30,5
2026-04-15T17:52:26.610,-11.790,0,,0,48,30,5
2026-04-15T17:52:27.610,-11.801,0,,0,48,30,5
2026-04-15T17:52:28.610,-11.787,0,,0,48,30,5
2026-04-15T17:52:29.610,-11.783,0,Image_288.png,0,48,30,5
2026-04-15T17:52:30.910,-11.786,0,,0,48,30,5
2026-04-15T17:52:31.610,-11.799,0,,0,48,30,5
2026-04-15T17:52:32.620,-11.794,0,,0,48,30,5
2026-04-15T17:52:33.600,-11.795,0,,0,48,30,5
2026-04-15T17:52:34.610,-11.770,0,,0,48,30,5
2026-04-15T17:52:35.610,-11.780,0,,0,48,30,5
2026-04-15T17:52:36.610,-11.784,0,,0,48,30,5
2026-04-15T17:52:37.580,-11.773,0,,0,48,30,5
2026-04-15T17:52:38.610,-11.796,0,,0,48,30,5
2026-04-15T17:52:39.610,-11.802,0,,0,48,30,5
2026-04-15T17:52:40.610,-11.794,0,,0,48,30,5
2026-04-15T17:52:41.610,-11.781,0,,0,48,30,5
2026-04-15T17:52:42.800,-11.765,0,,0,48,30,5
2026-04-15T17:52:43.610,-11.765,0,,0,48,30,5
2026-04-15T17:52:44.620,-11.766,0,,0,48,30,5
2026-04-15T17:52:45.600,-11.783,0,,0,48,30,5
2026-04-15T17:52:46.750,-11.783,0,,0,48,30,5
2026-04-15T17:52:47.620,-11.804,0,,0,48,30,5
2026-04-15T17:52:48.760,-11.801,0,,0,48,30,5
2026-04-15T17:52:49.600,-11.797,0,,0,48,30,5
2026-04-15T17:52:50.750,-11.785,0,,0,48,30,5
2026-04-15T17:52:51.610,-11.801,0,,0,48,30,5
2026-04-15T17:52:52.610,-11.800,0,,0,48,30,5
2026-04-15T17:52:53.610,-11.799,0,,0,48,30,5
2026-04-15T17:52:54.610,-11.791,0,,0,48,30,5
2026-04-15T17:52:55.610,-11.805,0,,0,48,30,5
2026-04-15T17:52:56.620,-11.798,0,,0,48,30,5
2026-04-15T17:52:57.610,-11.796,0,,0,48,30,5
2026-04-15T17:52:58.610,-11.794,0,,0,48,30,5
2026-04-15T17:52:59.610,-11.794,0,,0,48,30,5
2026-04-15T17:53:00.610,-11.799,0,,0,48,30,5
2026-04-15T17:53:01.600,-11.780,0,,0,48,30,5
2026-04-15T17:53:02.610,-11.782,0,,0,48,30,5
2026-04-15T17:53:03.610,-11.793,0,,0,48,30,5
2026-04-15T17:53:04.610,-11.791,0,,0,48,30,5
2026-04-15T17:53:05.600,-11.781,0,,0,48,30,5
2026-04-15T17:53:06.710,-11.803,0,,0,48,30,5
2026-04-15T17:53:07.610,-11.791,0,,0,48,30,5
2026-04-15T17:53:08.610,-11.776,0,,0,48,30,5
2026-04-15T17:53:09.600,-11.767,0,,0,48,30,5
2026-04-15T17:53:10.600,-11.769,0,,0,48,30,5
2026-04-15T17:53:11.610,-11.763,0,,0,48,30,5
2026-04-15T17:53:12.610,-11.772,0,,0,48,30,5
2026-04-15T17:53:13.600,-11.768,0,,0,48,30,5
2026-04-15T17:53:14.610,-11.764,0,,0,48,30,5
2026-04-15T17:53:15.610,-11.759,0,,0,48,30,5
2026-04-15T17:53:16.610,-11.769,0,,0,48,30,5
2026-04-15T17:53:17.610,-11.781,0,,0,48,30,5
2026-04-15T17:53:18.610,-11.771,0,,0,48,30,5
2026-04-15T17:53:19.610,-11.776,0,,0,48,30,5
2026-04-15T17:53:20.600,-11.774,0,,0,48,30,5
2026-04-15T17:53:21.600,-11.781,0,,0,48,30,5
2026-04-15T17:53:22.800,-11.769,0,,0,48,30,5
2026-04-15T17:53:23.610,-11.763,0,,0,48,30,5
2026-04-15T17:53:24.610,-11.773,0,,0,48,30,5
2026-04-15T17:53:25.600,-11.777,0,,0,48,30,5
2026-04-15T17:53:26.760,-11.767,0,,0,48,30,5
2026-04-15T17:53:27.610,-11.770,0,,0,48,30,5
2026-04-15T17:53:28.610,-11.769,0,,0,48,30,5
2026-04-15T17:53:29.610,-11.760,0,Image_289.png,0,48,30,5
2026-04-15T17:53:30.940,-11.759,0,,0,48,30,5
2026-04-15T17:53:31.610,-11.764,0,,0,48,30,5
2026-04-15T17:53:32.610,-11.775,0,,0,48,30,5
2026-04-15T17:53:33.610,-11.772,0,,0,48,30,5
2026-04-15T17:53:34.610,-11.779,0,,0,48,30,5
2026-04-15T17:53:35.620,-11.777,0,,0,48,30,5
2026-04-15T17:53:36.610,-11.771,0,,0,48,30,5
2026-04-15T17:53:37.610,-11.776,0,,0,48,30,5
2026-04-15T17:53:38.600,-11.772,0,,0,48,30,5
2026-04-15T17:53:39.610,-11.748,0,,0,48,30,5
2026-04-15T17:53:40.610,-11.756,0,,0,48,30,5
2026-04-15T17:53:41.620,-11.754,0,,0,48,30,5
2026-04-15T17:53:42.610,-11.746,0,,0,48,30,5
2026-04-15T17:53:43.610,-11.757,0,,0,48,30,5
2026-04-15T17:53:44.610,-11.741,0,,0,48,30,5
2026-04-15T17:53:45.610,-11.748,0,,0,48,30,5
2026-04-15T17:53:46.980,-11.752,0,,0,48,30,5
2026-04-15T17:53:47.620,-11.754,0,,0,48,30,5
2026-04-15T17:53:48.610,-11.757,0,,0,48,30,5
2026-04-15T17:53:49.610,-11.753,0,,0,48,30,5
2026-04-15T17:53:50.610,-11.761,0,,0,48,30,5
2026-04-15T17:53:51.610,-11.754,0,,0,48,30,5
2026-04-15T17:53:52.610,-11.757,0,,0,48,30,5
2026-04-15T17:53:53.610,-11.759,0,,0,48,30,5
2026-04-15T17:53:54.720,-11.753,0,,0,48,30,5
2026-04-15T17:53:55.620,-11.755,0,,0,48,30,5
2026-04-15T17:53:56.610,-11.763,0,,0,48,30,5
2026-04-15T17:53:57.610,-11.758,0,,0,48,30,5
2026-04-15T17:53:58.600,-11.756,0,,0,48,30,5
2026-04-15T17:53:59.620,-11.755,0,,0,48,30,5
2026-04-15T17:54:00.610,-11.759,0,,0,48,30,5
2026-04-15T17:54:01.610,-11.747,0,,0,48,30,5
2026-04-15T17:54:02.610,-11.760,0,,0,48,30,5
2026-04-15T17:54:03.610,-11.757,0,,0,48,30,5
2026-04-15T17:54:04.610,-11.755,0,,0,48,30,5
2026-04-15T17:54:05.610,-11.743,0,,0,48,30,5
2026-04-15T17:54:06.610,-11.751,0,,0,48,30,5
2026-04-15T17:54:07.610,-11.745,0,,0,48,30,5
2026-04-15T17:54:08.610,-11.751,0,,0,48,30,5
2026-04-15T17:54:09.610,-11.743,0,,0,48,30,5
2026-04-15T17:54:10.790,-11.733,0,,0,48,30,5
2026-04-15T17:54:11.620,-11.746,0,,0,48,30,5
2026-04-15T17:54:12.610,-11.740,0,,0,48,30,5
2026-04-15T17:54:13.610,-11.741,0,,0,48,30,5
2026-04-15T17:54:14.610,-11.738,0,,0,48,30,5
2026-04-15T17:54:15.610,-11.741,0,,0,48,30,5
2026-04-15T17:54:16.630,-11.748,0,,0,48,30,5
2026-04-15T17:54:17.620,-11.750,0,,0,48,30,5
2026-04-15T17:54:18.650,-11.747,0,,0,48,30,5
2026-04-15T17:54:19.610,-11.754,0,,0,48,30,5
2026-04-15T17:54:20.610,-11.738,0,,0,48,30,5
2026-04-15T17:54:21.610,-11.737,0,,0,48,30,5
2026-04-15T17:54:22.610,-11.729,0,,0,48,30,5
2026-04-15T17:54:23.610,-11.739,0,,0,48,30,5
2026-04-15T17:54:24.610,-11.757,0,,0,48,30,5
2026-04-15T17:54:25.610,-11.753,0,,0,48,30,5
2026-04-15T17:54:26.610,-11.773,0,,0,48,30,5
2026-04-15T17:54:27.610,-11.749,0,,0,48,30,5
2026-04-15T17:54:28.610,-11.749,0,,0,48,30,5
2026-04-15T17:54:29.610,-11.771,0,Image_290.png,0,48,30,5
2026-04-15T17:54:30.920,-11.754,0,,0,48,30,5
2026-04-15T17:54:31.610,-11.771,0,,0,48,30,5
2026-04-15T17:54:32.610,-11.746,0,,0,48,30,5
2026-04-15T17:54:33.600,-11.730,0,,0,48,30,5
2026-04-15T17:54:34.610,-11.743,0,,0,48,30,5
2026-04-15T17:54:35.610,-11.722,0,,0,48,30,5
2026-04-15T17:54:36.610,-11.726,0,,0,48,30,5
2026-04-15T17:54:37.600,-11.752,0,,0,48,30,5
2026-04-15T17:54:38.620,-11.733,0,,0,48,30,5
2026-04-15T17:54:39.600,-11.759,0,,0,48,30,5
2026-04-15T17:54:40.610,-11.764,0,,0,48,30,5
2026-04-15T17:54:41.610,-11.752,0,,0,48,30,5
2026-04-15T17:54:42.610,-11.754,0,,0,48,30,5
2026-04-15T17:54:43.610,-11.748,0,,0,48,30,5
2026-04-15T17:54:44.620,-11.753,0,,0,48,30,5
2026-04-15T17:54:45.610,-11.755,0,,0,48,30,5
2026-04-15T17:54:46.610,-11.733,0,,0,48,30,5
2026-04-15T17:54:47.610,-11.716,0,,0,48,30,5
2026-04-15T17:54:48.610,-11.706,0,,0,48,30,5
2026-04-15T17:54:49.610,-11.734,0,,0,48,30,5
2026-04-15T17:54:50.620,-11.749,0,,0,48,30,5
2026-04-15T17:54:51.600,-11.744,0,,0,48,30,5
2026-04-15T17:54:52.600,-11.747,0,,0,48,30,5
2026-04-15T17:54:53.610,-11.743,0,,0,48,30,5
2026-04-15T17:54:54.610,-11.722,0,,0,48,30,5
2026-04-15T17:54:55.610,-11.739,0,,0,48,30,5
2026-04-15T17:54:56.610,-11.724,0,,0,48,30,5
2026-04-15T17:54:57.610,-11.704,0,,0,48,30,5
2026-04-15T17:54:58.610,-11.716,0,,0,48,30,5
2026-04-15T17:54:59.610,-11.726,0,,0,48,30,5
2026-04-15T17:55:00.610,-11.710,0,,0,48,30,5
2026-04-15T17:55:01.610,-11.727,0,,0,48,30,5
2026-04-15T17:55:02.610,-11.712,0,,0,48,30,5
2026-04-15T17:55:03.600,-11.697,0,,0,48,30,5
2026-04-15T17:55:04.600,-11.712,0,,0,48,30,5
2026-04-15T17:55:05.600,-11.727,0,,0,48,30,5
2026-04-15T17:55:06.620,-11.708,0,,0,48,30,5
2026-04-15T17:55:07.600,-11.722,0,,0,48,30,5
2026-04-15T17:55:08.620,-11.730,0,,0,48,30,5
2026-04-15T17:55:09.610,-11.723,0,,0,48,30,5
2026-04-15T17:55:10.650,-11.720,0,,0,48,30,5
2026-04-15T17:55:11.610,-11.721,0,,0,48,30,5
2026-04-15T17:55:12.610,-11.723,0,,0,48,30,5
2026-04-15T17:55:13.600,-11.722,0,,0,48,30,5
2026-04-15T17:55:15.490,-11.737,0,,0,48,30,5
2026-04-15T17:55:15.810,-11.742,0,,0,48,30,5
2026-04-15T17:55:16.610,-11.738,0,,0,48,30,5
2026-04-15T17:55:17.610,-11.733,0,,0,48,30,5
2026-04-15T17:55:18.760,-11.734,0,,0,48,30,5
2026-04-15T17:55:19.610,-11.737,0,,0,48,30,5
2026-04-15T17:55:20.620,-11.727,0,,0,48,30,5
2026-04-15T17:55:21.610,-11.739,0,,0,48,30,5
2026-04-15T17:55:22.610,-11.729,0,,0,48,30,5
2026-04-15T17:55:23.610,-11.732,0,,0,48,30,5
2026-04-15T17:55:24.610,-11.736,0,,0,48,30,5
2026-04-15T17:55:25.610,-11.727,0,,0,48,30,5
2026-04-15T17:55:26.610,-11.725,0,,0,48,30,5
2026-04-15T17:55:27.600,-11.725,0,,0,48,30,5
2026-04-15T17:55:28.610,-11.724,0,,0,48,30,5
2026-04-15T17:55:29.610,-11.735,0,,0,48,30,5
2026-04-15T17:55:30.700,-11.724,0,Image_291.png,0,48,30,5
2026-04-15T17:55:31.920,-11.713,0,,0,48,30,5
2026-04-15T17:55:32.620,-11.715,0,,0,48,30,5
2026-04-15T17:55:33.610,-11.713,0,,0,48,30,5
2026-04-15T17:55:34.610,-11.720,0,,0,48,30,5
2026-04-15T17:55:35.620,-11.700,0,,0,48,30,5
2026-04-15T17:55:36.610,-11.713,0,,0,48,30,5
2026-04-15T17:55:37.610,-11.707,0,,0,48,30,5
2026-04-15T17:55:38.620,-11.697,0,,0,48,30,5
2026-04-15T17:55:39.610,-11.706,0,,0,48,30,5
2026-04-15T17:55:40.610,-11.711,0,,0,48,30,5
2026-04-15T17:55:41.610,-11.713,0,,0,48,30,5
2026-04-15T17:55:42.610,-11.698,0,,0,48,30,5
2026-04-15T17:55:43.610,-11.703,0,,0,48,30,5
2026-04-15T17:55:44.840,-11.702,0,,0,48,30,5
2026-04-15T17:55:45.610,-11.692,0,,0,48,30,5
2026-04-15T17:55:46.610,-11.707,0,,0,48,30,5
2026-04-15T17:55:47.620,-11.692,0,,0,48,30,5
2026-04-15T17:55:48.610,-11.673,0,,0,48,30,5
2026-04-15T17:55:49.610,-11.694,0,,0,48,30,5
2026-04-15T17:55:50.610,-11.699,0,,0,48,30,5
2026-04-15T17:55:51.610,-11.694,0,,0,48,30,5
2026-04-15T17:55:52.610,-11.705,0,,0,48,30,5
2026-04-15T17:55:53.620,-11.692,0,,0,48,30,5
2026-04-15T17:55:54.610,-11.692,0,,0,48,30,5
2026-04-15T17:55:55.610,-11.713,0,,0,48,30,5
2026-04-15T17:55:56.620,-11.707,0,,0,48,30,5
2026-04-15T17:55:57.610,-11.702,0,,0,48,30,5
2026-04-15T17:55:58.600,-11.705,0,,0,48,30,5
2026-04-15T17:55:59.620,-11.691,0,,0,48,30,5
2026-04-15T17:56:00.610,-11.685,0,,0,48,30,5
2026-04-15T17:56:01.610,-11.692,0,,0,48,30,5
2026-04-15T17:56:02.620,-11.678,0,,0,48,30,5
2026-04-15T17:56:03.610,-11.695,0,,0,48,30,5
2026-04-15T17:56:04.610,-11.700,0,,0,48,30,5
2026-04-15T17:56:05.610,-11.691,0,,0,48,30,5
2026-04-15T17:56:06.610,-11.698,0,,0,48,30,5
2026-04-15T17:56:07.610,-11.712,0,,0,48,30,5
2026-04-15T17:56:08.600,-11.707,0,,0,48,30,5
2026-04-15T17:56:09.610,-11.688,0,,0,48,30,5
2026-04-15T17:56:10.970,-11.688,0,,0,48,30,5
2026-04-15T17:56:11.610,-11.695,0,,0,48,30,5
2026-04-15T17:56:12.750,-11.677,0,,0,48,30,5
2026-04-15T17:56:13.610,-11.679,0,,0,48,30,5
2026-04-15T17:56:14.640,-11.681,0,,0,48,30,5
2026-04-15T17:56:15.610,-11.656,0,,0,48,30,5
2026-04-15T17:56:16.600,-11.666,0,,0,48,30,5
2026-04-15T17:56:17.610,-11.691,0,,0,48,30,5
2026-04-15T17:56:18.610,-11.708,0,,0,48,30,5
2026-04-15T17:56:19.610,-11.708,0,,0,48,30,5
2026-04-15T17:56:20.820,-11.723,0,,0,48,30,5
2026-04-15T17:56:21.600,-11.691,0,,0,48,30,5
2026-04-15T17:56:22.610,-11.696,0,,0,48,30,5
2026-04-15T17:56:23.610,-11.697,0,,0,48,30,5
2026-04-15T17:56:24.610,-11.714,0,,0,48,30,5
2026-04-15T17:56:25.610,-11.716,0,,0,48,30,5
2026-04-15T17:56:26.600,-11.721,0,,0,48,30,5
2026-04-15T17:56:27.610,-11.718,0,,0,48,30,5
2026-04-15T17:56:28.610,-11.717,0,,0,48,30,5
2026-04-15T17:56:29.610,-11.716,0,,0,48,30,5
2026-04-15T17:56:30.970,-11.708,0,Image_292.png,0,48,30,5
2026-04-15T17:56:31.920,-11.717,0,,0,48,30,5
2026-04-15T17:56:32.610,-11.717,0,,0,48,30,5
2026-04-15T17:56:33.600,-11.718,0,,0,48,30,5
2026-04-15T17:56:34.610,-11.705,0,,0,48,30,5
2026-04-15T17:56:35.610,-11.715,0,,0,48,30,5
2026-04-15T17:56:36.600,-11.704,0,,0,48,30,5
2026-04-15T17:56:37.600,-11.702,0,,0,48,30,5
2026-04-15T17:56:38.620,-11.714,0,,0,48,30,5
2026-04-15T17:56:39.600,-11.686,0,,0,48,30,5
2026-04-15T17:56:40.600,-11.695,0,,0,48,30,5
2026-04-15T17:56:41.600,-11.696,0,,0,48,30,5
2026-04-15T17:56:42.610,-11.696,0,,0,48,30,5
2026-04-15T17:56:43.600,-11.691,0,,0,48,30,5
2026-04-15T17:56:44.620,-11.693,0,,0,48,30,5
2026-04-15T17:56:45.610,-11.698,0,,0,48,30,5
2026-04-15T17:56:46.600,-11.703,0,,0,48,30,5
2026-04-15T17:56:47.610,-11.701,0,,0,48,30,5
2026-04-15T17:56:48.610,-11.692,0,,0,48,30,5
2026-04-15T17:56:49.610,-11.691,0,,0,48,30,5
2026-04-15T17:56:50.620,-11.697,0,,0,48,30,5
2026-04-15T17:56:51.610,-11.688,0,,0,48,30,5
2026-04-15T17:56:52.660,-11.684,0,,0,48,30,5
2026-04-15T17:56:53.610,-11.686,0,,0,48,30,5
2026-04-15T17:56:54.610,-11.695,0,,0,48,30,5
2026-04-15T17:56:55.600,-11.698,0,,0,48,30,5
2026-04-15T17:56:56.600,-11.700,0,,0,48,30,5
2026-04-15T17:56:57.600,-11.687,0,,0,48,30,5
2026-04-15T17:56:58.610,-11.689,0,,0,48,30,5
2026-04-15T17:56:59.610,-11.696,0,,0,48,30,5
2026-04-15T17:57:00.610,-11.706,0,,0,48,30,5
2026-04-15T17:57:01.600,-11.711,0,,0,48,30,5
2026-04-15T17:57:02.760,-11.696,0,,0,48,30,5
2026-04-15T17:57:03.600,-11.691,0,,0,48,30,5
2026-04-15T17:57:04.620,-11.685,0,,0,48,30,5
2026-04-15T17:57:05.610,-11.685,0,,0,48,30,5
2026-04-15T17:57:06.610,-11.699,0,,0,48,30,5
2026-04-15T17:57:07.610,-11.699,0,,0,48,30,5
2026-04-15T17:57:08.760,-11.694,0,,0,48,30,5
2026-04-15T17:57:09.610,-11.691,0,,0,48,30,5
2026-04-15T17:57:10.680,-11.687,0,,0,48,30,5
2026-04-15T17:57:11.620,-11.687,0,,0,48,30,5
2026-04-15T17:57:12.610,-11.693,0,,0,48,30,5
2026-04-15T17:57:13.600,-11.694,0,,0,48,30,5
2026-04-15T17:57:14.610,-11.699,0,,0,48,30,5
2026-04-15T17:57:15.610,-11.700,0,,0,48,30,5
2026-04-15T17:57:16.610,-11.701,0,,0,48,30,5
2026-04-15T17:57:17.610,-11.696,0,,0,48,30,5
2026-04-15T17:57:18.610,-11.698,0,,0,48,30,5
2026-04-15T17:57:19.600,-11.692,0,,0,48,30,5
2026-04-15T17:57:20.620,-11.710,0,,0,48,30,5
2026-04-15T17:57:21.610,-11.704,0,,0,48,30,5
2026-04-15T17:57:22.610,-11.711,0,,0,48,30,5
2026-04-15T17:57:23.610,-11.706,0,,0,48,30,5
2026-04-15T17:57:24.610,-11.719,0,,0,48,30,5
2026-04-15T17:57:25.600,-11.717,0,,0,48,30,5
2026-04-15T17:57:26.600,-11.716,0,,0,48,30,5
2026-04-15T17:57:27.600,-11.719,0,,0,48,30,5
2026-04-15T17:57:28.610,-11.719,0,,0,48,30,5
2026-04-15T17:57:29.610,-11.713,0,,0,48,30,5
2026-04-15T17:57:30.610,-11.721,0,Image_293.png,0,48,30,5
2026-04-15T17:57:31.930,-11.729,0,,0,48,30,5
2026-04-15T17:57:32.610,-11.717,0,,0,48,30,5
2026-04-15T17:57:33.600,-11.726,0,,0,48,30,5
2026-04-15T17:57:34.600,-11.711,0,,0,48,30,5
2026-04-15T17:57:35.620,-11.717,0,,0,48,30,5
2026-04-15T17:57:36.610,-11.716,0,,0,48,30,5
2026-04-15T17:57:37.610,-11.730,0,,0,48,30,5
2026-04-15T17:57:38.600,-11.723,0,,0,48,30,5
2026-04-15T17:57:39.610,-11.727,0,,0,48,30,5
2026-04-15T17:57:40.620,-11.721,0,,0,48,30,5
2026-04-15T17:57:41.600,-11.739,0,,0,48,30,5
2026-04-15T17:57:42.610,-11.747,0,,0,48,30,5
2026-04-15T17:57:43.610,-11.753,0,,0,48,30,5
2026-04-15T17:57:45.020,-11.754,0,,0,48,30,5
2026-04-15T17:57:45.610,-11.719,0,,0,48,30,5
2026-04-15T17:57:46.910,-11.713,0,,0,48,30,5
2026-04-15T17:57:47.620,-11.717,0,,0,48,30,5
2026-04-15T17:57:48.610,-11.714,0,,0,48,30,5
2026-04-15T17:57:49.610,-11.700,0,,0,48,30,5
2026-04-15T17:57:50.610,-11.706,0,,0,48,30,5
2026-04-15T17:57:51.610,-11.716,0,,0,48,30,5
2026-04-15T17:57:52.610,-11.712,0,,0,48,30,5
2026-04-15T17:57:53.620,-11.720,0,,0,48,30,5
2026-04-15T17:57:54.610,-11.714,0,,0,48,30,5
2026-04-15T17:57:55.610,-11.717,0,,0,48,30,5
2026-04-15T17:57:56.610,-11.720,0,,0,48,30,5
2026-04-15T17:57:57.610,-11.712,0,,0,48,30,5
2026-04-15T17:57:58.610,-11.712,0,,0,48,30,5
2026-04-15T17:57:59.620,-11.718,0,,0,48,30,5
2026-04-15T17:58:00.800,-11.719,0,,0,48,30,5
2026-04-15T17:58:01.600,-11.726,0,,0,48,30,5
2026-04-15T17:58:02.610,-11.717,0,,0,48,30,5
2026-04-15T17:58:03.610,-11.719,0,,0,48,30,5
2026-04-15T17:58:04.610,-11.719,0,,0,48,30,5
2026-04-15T17:58:05.610,-11.731,0,,0,48,30,5
2026-04-15T17:58:06.730,-11.721,0,,0,48,30,5
2026-04-15T17:58:07.610,-11.729,0,,0,48,30,5
2026-04-15T17:58:08.610,-11.731,0,,0,48,30,5
2026-04-15T17:58:09.610,-11.742,0,,0,48,30,5
2026-04-15T17:58:10.600,-11.738,0,,0,48,30,5
2026-04-15T17:58:11.620,-11.739,0,,0,48,30,5
2026-04-15T17:58:12.750,-11.740,0,,0,48,30,5
2026-04-15T17:58:13.610,-11.743,0,,0,48,30,5
2026-04-15T17:58:14.610,-11.752,0,,0,48,30,5
2026-04-15T17:58:15.610,-11.758,0,,0,48,30,5
2026-04-15T17:58:16.860,-11.752,0,,0,48,30,5
2026-04-15T17:58:17.620,-11.748,0,,0,48,30,5
2026-04-15T17:58:18.610,-11.741,0,,0,48,30,5
2026-04-15T17:58:19.620,-11.744,0,,0,48,30,5
2026-04-15T17:58:20.610,-11.734,0,,0,48,30,5
2026-04-15T17:58:21.610,-11.749,0,,0,48,30,5
2026-04-15T17:58:22.600,-11.754,0,,0,48,30,5
2026-04-15T17:58:23.610,-11.758,0,,0,48,30,5
2026-04-15T17:58:24.610,-11.740,0,,0,48,30,5
2026-04-15T17:58:25.610,-11.741,0,,0,48,30,5
2026-04-15T17:58:27.100,-11.727,0,,0,48,30,5
2026-04-15T17:58:27.610,-11.736,0,,0,48,30,5
2026-04-15T17:58:28.610,-11.734,0,,0,48,30,5
2026-04-15T17:58:29.610,-11.717,0,,0,48,30,5
2026-04-15T17:58:31.030,-11.732,0,,0,48,30,5
2026-04-15T17:58:31.610,-11.729,0,Image_294.png,0,48,30,5
2026-04-15T17:58:32.920,-11.723,0,,0,48,30,5
2026-04-15T17:58:33.610,-11.751,0,,0,48,30,5
2026-04-15T17:58:34.610,-11.743,0,,0,48,30,5
2026-04-15T17:58:35.610,-11.732,0,,0,48,30,5
2026-04-15T17:58:36.610,-11.751,0,,0,48,30,5
2026-04-15T17:58:37.600,-11.738,0,,0,48,30,5
2026-04-15T17:58:38.610,-11.736,0,,0,48,30,5
2026-04-15T17:58:39.610,-11.734,0,,0,48,30,5
2026-04-15T17:58:40.610,-11.719,0,,0,48,30,5
2026-04-15T17:58:41.610,-11.720,0,,0,48,30,5
2026-04-15T17:58:42.820,-11.715,0,,0,48,30,5
2026-04-15T17:58:43.600,-11.734,0,,0,48,30,5
2026-04-15T17:58:44.600,-11.734,0,,0,48,30,5
2026-04-15T17:58:45.610,-11.744,0,,0,48,30,5
2026-04-15T17:58:46.740,-11.756,0,,0,48,30,5
2026-04-15T17:58:47.610,-11.729,0,,0,48,30,5
2026-04-15T17:58:48.600,-11.748,0,,0,48,30,5
2026-04-15T17:58:49.590,-11.746,0,,0,48,30,5
2026-04-15T17:58:50.610,-11.739,0,,0,48,30,5
2026-04-15T17:58:51.610,-11.743,0,,0,48,30,5
2026-04-15T17:58:53.040,-11.734,0,,0,48,30,5
2026-04-15T17:58:53.610,-11.743,0,,0,48,30,5
2026-04-15T17:58:54.610,-11.744,0,,0,48,30,5
2026-04-15T17:58:55.600,-11.760,0,,0,48,30,5
2026-04-15T17:58:56.800,-11.743,0,,0,48,30,5
2026-04-15T17:58:57.600,-11.737,0,,0,48,30,5
2026-04-15T17:58:58.610,-11.751,0,,0,48,30,5
2026-04-15T17:58:59.610,-11.752,0,,0,48,30,5
2026-04-15T17:59:00.610,-11.756,0,,0,48,30,5
2026-04-15T17:59:01.610,-11.769,0,,0,48,30,5
2026-04-15T17:59:02.640,-11.769,0,,0,48,30,5
2026-04-15T17:59:03.610,-11.772,0,,0,48,30,5
2026-04-15T17:59:04.610,-11.762,0,,0,48,30,5
2026-04-15T17:59:05.610,-11.772,0,,0,48,30,5
2026-04-15T17:59:06.610,-11.760,0,,0,48,30,5
2026-04-15T17:59:07.600,-11.768,0,,0,48,30,5
2026-04-15T17:59:08.620,-11.772,0,,0,48,30,5
2026-04-15T17:59:09.600,-11.758,0,,0,48,30,5
2026-04-15T17:59:10.610,-11.767,0,,0,48,30,5
2026-04-15T17:59:11.610,-11.754,0,,0,48,30,5
2026-04-15T17:59:12.610,-11.756,0,,0,48,30,5
2026-04-15T17:59:13.610,-11.752,0,,0,48,30,5
2026-04-15T17:59:14.600,-11.760,0,,0,48,30,5
2026-04-15T17:59:15.600,-11.752,0,,0,48,30,5
2026-04-15T17:59:16.610,-11.753,0,,0,48,30,5
2026-04-15T17:59:17.610,-11.761,0,,0,48,30,5
2026-04-15T17:59:18.610,-11.754,0,,0,48,30,5
2026-04-15T17:59:19.620,-11.749,0,,0,48,30,5
2026-04-15T17:59:20.610,-11.770,0,,0,48,30,5
2026-04-15T17:59:21.600,-11.770,0,,0,48,30,5
2026-04-15T17:59:23.150,-11.747,0,,0,48,30,5
2026-04-15T17:59:23.610,-11.753,0,,0,48,30,5
2026-04-15T17:59:24.610,-11.747,0,,0,48,30,5
2026-04-15T17:59:25.610,-11.726,0,,0,48,30,5
2026-04-15T17:59:26.620,-11.751,0,,0,48,30,5
2026-04-15T17:59:27.600,-11.734,0,,0,48,30,5
2026-04-15T17:59:28.610,-11.730,0,,0,48,30,5
2026-04-15T17:59:29.590,-11.749,0,,0,48,30,5
2026-04-15T17:59:30.610,-11.738,0,,0,48,30,5
2026-04-15T17:59:31.600,-11.759,0,,0,48,30,5
2026-04-15T17:59:32.610,-11.762,0,Image_295.png,0,48,30,5
2026-04-15T17:59:33.910,-11.755,0,,0,48,30,5
2026-04-15T17:59:34.620,-11.752,0,,0,48,30,5
2026-04-15T17:59:35.610,-11.756,0,,0,48,30,5
2026-04-15T17:59:36.610,-11.758,0,,0,48,30,5
2026-04-15T17:59:37.610,-11.766,0,,0,48,30,5
2026-04-15T17:59:38.620,-11.749,0,,0,48,30,5
2026-04-15T17:59:39.590,-11.742,0,,0,48,30,5
2026-04-15T17:59:40.610,-11.750,0,,0,48,30,5
2026-04-15T17:59:41.610,-11.749,0,,0,48,30,5
2026-04-15T17:59:42.610,-11.745,0,,0,48,30,5
2026-04-15T17:59:43.610,-11.725,0,,0,48,30,5
2026-04-15T17:59:44.620,-11.733,0,,0,48,30,5
2026-04-15T17:59:45.610,-11.728,0,,0,48,30,5
2026-04-15T17:59:46.610,-11.729,0,,0,48,30,5
2026-04-15T17:59:47.610,-11.749,0,,0,48,30,5
2026-04-15T17:59:48.600,-11.746,0,,0,48,30,5
2026-04-15T17:59:49.610,-11.744,0,,0,48,30,5
2026-04-15T17:59:50.780,-11.742,0,,0,48,30,5
2026-04-15T17:59:51.610,-11.740,0,,0,48,30,5
2026-04-15T17:59:52.610,-11.733,0,,0,48,30,5
2026-04-15T17:59:53.610,-11.741,0,,0,48,30,5
2026-04-15T17:59:54.630,-11.741,0,,0,48,30,5
2026-04-15T17:59:55.610,-11.753,0,,0,48,30,5
2026-04-15T17:59:56.620,-11.738,0,,0,48,30,5
2026-04-15T17:59:57.610,-11.740,0,,0,48,30,5
2026-04-15T17:59:58.620,-11.743,0,,0,48,30,5
2026-04-15T17:59:59.620,-11.748,0,,0,48,30,5
2026-04-15T18:00:00.610,-11.746,0,,0,48,30,5
2026-04-15T18:00:01.600,-11.733,0,,0,48,30,5
2026-04-15T18:00:02.610,-11.729,0,,0,48,30,5
2026-04-15T18:00:03.610,-11.735,0,,0,48,30,5
2026-04-15T18:00:04.650,-11.730,0,,0,48,30,5
2026-04-15T18:00:05.610,-11.734,0,,0,48,30,5
2026-04-15T18:00:06.610,-11.731,0,,0,48,30,5
2026-04-15T18:00:07.610,-11.739,0,,0,48,30,5
2026-04-15T18:00:08.610,-11.735,0,,0,48,30,5
2026-04-15T18:00:09.610,-11.736,0,,0,48,30,5
2026-04-15T18:00:10.610,-11.733,0,,0,48,30,5
2026-04-15T18:00:11.610,-11.729,0,,0,48,30,5
2026-04-15T18:00:12.610,-11.737,0,,0,48,30,5
2026-04-15T18:00:13.610,-11.765,0,,0,48,30,5
2026-04-15T18:00:14.610,-11.762,0,,0,48,30,5
2026-04-15T18:00:15.610,-11.764,0,,0,48,30,5
2026-04-15T18:00:17.420,-11.732,0,,0,48,30,5
2026-04-15T18:00:17.770,-11.741,0,,0,48,30,5
2026-04-15T18:00:18.610,-11.727,0,,0,48,30,5
2026-04-15T18:00:19.610,-11.723,0,,0,48,30,5
2026-04-15T18:00:20.610,-11.724,0,,0,48,30,5
2026-04-15T18:00:21.610,-11.741,0,,0,48,30,5
2026-04-15T18:00:22.980,-11.763,0,,0,48,30,5
2026-04-15T18:00:23.620,-11.754,0,,0,48,30,5
2026-04-15T18:00:24.610,-11.747,0,,0,48,30,5
2026-04-15T18:00:25.610,-11.741,0,,0,48,30,5
2026-04-15T18:00:26.620,-11.729,0,,0,48,30,5
2026-04-15T18:00:27.610,-11.717,0,,0,48,30,5
2026-04-15T18:00:29.610,-11.726,0,,0,48,30,5
2026-04-15T18:00:30.600,-11.730,0,,0,48,30,5
2026-04-15T18:00:31.610,-11.745,0,,0,48,30,5
2026-04-15T18:00:32.620,-11.732,0,Image_296.png,0,48,30,5
2026-04-15T18:00:33.910,-11.734,0,,0,48,30,5
2026-04-15T18:00:34.610,-11.727,0,,0,48,30,5
2026-04-15T18:00:35.620,-11.724,0,,0,48,30,5
2026-04-15T18:00:36.610,-11.708,0,,0,48,30,5
2026-04-15T18:00:37.610,-11.710,0,,0,48,30,5
2026-04-15T18:00:38.610,-11.705,0,,0,48,30,5
2026-04-15T18:00:39.590,-11.701,0,,0,48,30,5
2026-04-15T18:00:41.790,-11.704,0,,0,48,30,5
2026-04-15T18:00:42.600,-11.712,0,,0,48,30,5
2026-04-15T18:00:43.600,-11.709,0,,0,48,30,5
2026-04-15T18:00:44.620,-11.713,0,,0,48,30,5
2026-04-15T18:00:45.610,-11.712,0,,0,48,30,5
2026-04-15T18:00:46.600,-11.732,0,,0,48,30,5
2026-04-15T18:00:47.610,-11.734,0,,0,48,30,5
2026-04-15T18:00:48.610,-11.724,0,,0,48,30,5
2026-04-15T18:00:49.610,-11.743,0,,0,48,30,5
2026-04-15T18:00:50.730,-11.706,0,,0,48,30,5
2026-04-15T18:00:51.610,-11.718,0,,0,48,30,5
2026-04-15T18:00:52.610,-11.719,0,,0,48,30,5
2026-04-15T18:00:53.610,-11.725,0,,0,48,30,5
2026-04-15T18:00:54.610,-11.743,0,,0,48,30,5
2026-04-15T18:00:55.600,-11.771,0,,0,48,30,5
2026-04-15T18:00:56.660,-11.763,0,,0,48,30,5
2026-04-15T18:00:57.600,-11.768,0,,0,48,30,5
2026-04-15T18:00:58.800,-11.764,0,,0,48,30,5
2026-04-15T18:00:59.610,-11.751,0,,0,48,30,5
2026-04-15T18:01:00.610,-11.778,0,,0,48,30,5
2026-04-15T18:01:01.600,-11.781,0,,0,48,30,5
2026-04-15T18:01:02.610,-11.775,0,,0,48,30,5
2026-04-15T18:01:03.610,-11.773,0,,0,48,30,5
2026-04-15T18:01:04.610,-11.770,0,,0,48,30,5
2026-04-15T18:01:05.610,-11.761,0,,0,48,30,5
2026-04-15T18:01:06.610,-11.756,0,,0,48,30,5
2026-04-15T18:01:07.610,-11.737,0,,0,48,30,5
2026-04-15T18:01:08.810,-11.738,0,,0,48,30,5
2026-04-15T18:01:09.610,-11.750,0,,0,48,30,5
2026-04-15T18:01:10.610,-11.772,0,,0,48,30,5
2026-04-15T18:01:11.610,-11.770,0,,0,48,30,5
2026-04-15T18:01:12.610,-11.768,0,,0,48,30,5
2026-04-15T18:01:13.600,-11.770,0,,0,48,30,5
2026-04-15T18:01:14.620,-11.765,0,,0,48,30,5
2026-04-15T18:01:15.600,-11.774,0,,0,48,30,5
2026-04-15T18:01:16.610,-11.751,0,,0,48,30,5
2026-04-15T18:01:17.600,-11.764,0,,0,48,30,5
2026-04-15T18:01:18.610,-11.756,0,,0,48,30,5
2026-04-15T18:01:19.610,-11.770,0,,0,48,30,5
2026-04-15T18:01:20.610,-11.761,0,,0,48,30,5
2026-04-15T18:01:21.610,-11.763,0,,0,48,30,5
2026-04-15T18:01:23.190,-11.757,0,,0,48,30,5
2026-04-15T18:01:23.610,-11.758,0,,0,48,30,5
2026-04-15T18:01:24.610,-11.776,0,,0,48,30,5
2026-04-15T18:01:25.610,-11.767,0,,0,48,30,5
2026-04-15T18:01:26.620,-11.759,0,,0,48,30,5
2026-04-15T18:01:27.610,-11.760,0,,0,48,30,5
2026-04-15T18:01:29.280,-11.767,0,,0,48,30,5
2026-04-15T18:01:29.610,-11.768,0,,0,48,30,5
2026-04-15T18:01:30.610,-11.768,0,,0,48,30,5
2026-04-15T18:01:31.610,-11.759,0,,0,48,30,5
2026-04-15T18:01:32.830,-11.766,0,Image_297.png,0,48,30,5
2026-04-15T18:01:33.920,-11.770,0,,0,48,30,5
2026-04-15T18:01:35.000,-11.767,0,,0,48,30,5
2026-04-15T18:01:35.610,-11.765,0,,0,48,30,5
2026-04-15T18:01:36.610,-11.768,0,,0,48,30,5
2026-04-15T18:01:37.610,-11.764,0,,0,48,30,5
2026-04-15T18:01:38.610,-11.761,0,,0,48,30,5
2026-04-15T18:01:39.610,-11.757,0,,0,48,30,5
2026-04-15T18:01:40.630,-11.755,0,,0,48,30,5
2026-04-15T18:01:41.620,-11.751,0,,0,48,30,5
2026-04-15T18:01:42.610,-11.755,0,,0,48,30,5
2026-04-15T18:01:43.610,-11.763,0,,0,48,30,5
2026-04-15T18:01:44.610,-11.765,0,,0,48,30,5
2026-04-15T18:01:45.610,-11.777,0,,0,48,30,5
2026-04-15T18:01:46.610,-11.764,0,,0,48,30,5
2026-04-15T18:01:47.610,-11.763,0,,0,48,30,5
2026-04-15T18:01:48.610,-11.755,0,,0,48,30,5
2026-04-15T18:01:49.610,-11.766,0,,0,48,30,5
2026-04-15T18:01:50.610,-11.756,0,,0,48,30,5
2026-04-15T18:01:51.610,-11.738,0,,0,48,30,5
2026-04-15T18:01:52.600,-11.745,0,,0,48,30,5
2026-04-15T18:01:53.610,-11.740,0,,0,48,30,5
2026-04-15T18:01:54.610,-11.761,0,,0,48,30,5
2026-04-15T18:01:55.610,-11.775,0,,0,48,30,5
2026-04-15T18:01:56.610,-11.784,0,,0,48,30,5
2026-04-15T18:01:57.620,-11.779,0,,0,48,30,5
2026-04-15T18:01:58.600,-11.780,0,,0,48,30,5
2026-04-15T18:01:59.620,-11.765,0,,0,48,30,5
2026-04-15T18:02:00.610,-11.768,0,,0,48,30,5
2026-04-15T18:02:01.610,-11.769,0,,0,48,30,5
2026-04-15T18:02:02.600,-11.773,0,,0,48,30,5
2026-04-15T18:02:03.610,-11.772,0,,0,48,30,5
2026-04-15T18:02:04.610,-11.781,0,,0,48,30,5
2026-04-15T18:02:05.620,-11.778,0,,0,48,30,5
2026-04-15T18:02:06.890,-11.774,0,,0,48,30,5
2026-04-15T18:02:07.610,-11.777,0,,0,48,30,5
2026-04-15T18:02:08.610,-11.764,0,,0,48,30,5
2026-04-15T18:02:09.610,-11.766,0,,0,48,30,5
2026-04-15T18:02:10.600,-11.773,0,,0,48,30,5
2026-04-15T18:02:11.620,-11.774,0,,0,48,30,5
2026-04-15T18:02:12.660,-11.771,0,,0,48,30,5
2026-04-15T18:02:13.610,-11.759,0,,0,48,30,5
2026-04-15T18:02:14.610,-11.770,0,,0,48,30,5
2026-04-15T18:02:15.610,-11.774,0,,0,48,30,5
2026-04-15T18:02:16.600,-11.775,0,,0,48,30,5
2026-04-15T18:02:17.610,-11.778,0,,0,48,30,5
2026-04-15T18:02:18.740,-11.763,0,,0,48,30,5
2026-04-15T18:02:19.610,-11.773,0,,0,48,30,5
2026-04-15T18:02:20.620,-11.762,0,,0,48,30,5
2026-04-15T18:02:21.610,-11.777,0,,0,48,30,5
2026-04-15T18:02:22.600,-11.777,0,,0,48,30,5
2026-04-15T18:02:23.610,-11.774,0,,0,48,30,5
2026-04-15T18:02:24.610,-11.775,0,,0,48,30,5
2026-04-15T18:02:25.610,-11.775,0,,0,48,30,5
2026-04-15T18:02:27.520,-11.773,0,,0,48,30,5
2026-04-15T18:02:27.850,-11.761,0,,0,48,30,5
2026-04-15T18:02:28.600,-11.770,0,,0,48,30,5
2026-04-15T18:02:29.620,-11.786,0,,0,48,30,5
2026-04-15T18:02:31.020,-11.773,0,,0,48,30,5
2026-04-15T18:02:31.610,-11.767,0,,0,48,30,5
2026-04-15T18:02:32.600,-11.768,0,,0,48,30,5
2026-04-15T18:02:33.610,-11.780,0,Image_298.png,0,48,30,5
2026-04-15T18:02:34.930,-11.767,0,,0,48,30,5
2026-04-15T18:02:35.620,-11.772,0,,0,48,30,5
2026-04-15T18:02:36.610,-11.783,0,,0,48,30,5
2026-04-15T18:02:37.590,-11.776,0,,0,48,30,5
2026-04-15T18:02:38.600,-11.786,0,,0,48,30,5
2026-04-15T18:02:39.580,-11.770,0,,0,48,30,5
2026-04-15T18:02:40.620,-11.768,0,,0,48,30,5
2026-04-15T18:02:41.610,-11.775,0,,0,48,30,5
2026-04-15T18:02:42.600,-11.772,0,,0,48,30,5
2026-04-15T18:02:43.600,-11.775,0,,0,48,30,5
2026-04-15T18:02:44.610,-11.768,0,,0,48,30,5
2026-04-15T18:02:45.610,-11.775,0,,0,48,30,5
2026-04-15T18:02:47.020,-11.779,0,,0,48,30,5
2026-04-15T18:02:48.080,-11.780,0,,0,48,30,5
2026-04-15T18:02:48.610,-11.776,0,,0,48,30,5
2026-04-15T18:02:49.610,-11.775,0,,0,48,30,5
2026-04-15T18:02:50.620,-11.779,0,,0,48,30,5
2026-04-15T18:02:51.610,-11.768,0,,0,48,30,5
2026-04-15T18:02:52.610,-11.770,0,,0,48,30,5
2026-04-15T18:02:53.610,-11.770,0,,0,48,30,5
2026-04-15T18:02:54.610,-11.775,0,,0,48,30,5
2026-04-15T18:02:55.610,-11.767,0,,0,48,30,5
2026-04-15T18:02:56.620,-11.781,0,,0,48,30,5
2026-04-15T18:02:57.610,-11.770,0,,0,48,30,5
2026-04-15T18:02:58.610,-11.779,0,,0,48,30,5
2026-04-15T18:02:59.610,-11.779,0,,0,48,30,5
2026-04-15T18:03:00.610,-11.791,0,,0,48,30,5
2026-04-15T18:03:01.600,-11.782,0,,0,48,30,5
2026-04-15T18:03:02.600,-11.786,0,,0,48,30,5
2026-04-15T18:03:03.600,-11.793,0,,0,48,30,5
2026-04-15T18:03:04.610,-11.801,0,,0,48,30,5
2026-04-15T18:03:05.610,-11.796,0,,0,48,30,5
2026-04-15T18:03:06.860,-11.788,0,,0,48,30,5
2026-04-15T18:03:07.590,-11.794,0,,0,48,30,5
2026-04-15T18:03:08.610,-11.797,0,,0,48,30,5
2026-04-15T18:03:09.610,-11.782,0,,0,48,30,5
2026-04-15T18:03:10.610,-11.778,0,,0,48,30,5
2026-04-15T18:03:11.610,-11.772,0,,0,48,30,5
2026-04-15T18:03:12.610,-11.778,0,,0,48,30,5
2026-04-15T18:03:13.610,-11.775,0,,0,48,30,5
2026-04-15T18:03:14.620,-11.772,0,,0,48,30,5
2026-04-15T18:03:15.610,-11.776,0,,0,48,30,5
2026-04-15T18:03:16.610,-11.770,0,,0,48,30,5
2026-04-15T18:03:17.610,-11.783,0,,0,48,30,5
2026-04-15T18:03:18.610,-11.784,0,,0,48,30,5
2026-04-15T18:03:19.610,-11.770,0,,0,48,30,5
2026-04-15T18:03:20.680,-11.781,0,,0,48,30,5
2026-04-15T18:03:21.600,-11.786,0,,0,48,30,5
2026-04-15T18:03:22.610,-11.793,0,,0,48,30,5
2026-04-15T18:03:23.610,-11.783,0,,0,48,30,5
2026-04-15T18:03:24.610,-11.792,0,,0,48,30,5
2026-04-15T18:03:25.600,-11.785,0,,0,48,30,5
2026-04-15T18:03:26.620,-11.804,0,,0,48,30,5
2026-04-15T18:03:27.600,-11.784,0,,0,48,30,5
2026-04-15T18:03:28.610,-11.790,0,,0,48,30,5
2026-04-15T18:03:29.610,-11.797,0,,0,48,30,5
2026-04-15T18:03:30.610,-11.800,0,,0,48,30,5
2026-04-15T18:03:31.610,-11.807,0,,0,48,31,5
2026-04-15T18:03:32.650,-11.795,0,,0,48,31,5
2026-04-15T18:03:33.610,-11.798,0,,0,48,31,5
2026-04-15T18:03:34.610,-11.806,0,Image_299.png,0,48,31,5
2026-04-15T18:03:35.910,-11.797,0,,0,48,31,5
2026-04-15T18:03:36.610,-11.793,0,,0,48,31,5
2026-04-15T18:03:37.610,-11.792,0,,0,48,31,5
2026-04-15T18:03:38.610,-11.810,0,,0,48,31,5
2026-04-15T18:03:39.610,-11.807,0,,0,48,31,5
2026-04-15T18:03:40.610,-11.801,0,,0,48,31,5
2026-04-15T18:03:41.620,-11.822,0,,0,48,31,5
2026-04-15T18:03:42.610,-11.817,0,,0,48,31,5
2026-04-15T18:03:43.610,-11.805,0,,0,48,31,5
2026-04-15T18:03:44.620,-11.813,0,,0,48,31,5
2026-04-15T18:03:45.610,-11.791,0,,0,48,31,5
2026-04-15T18:03:46.610,-11.807,0,,0,48,31,5
2026-04-15T18:03:47.620,-11.795,0,,0,48,31,5
2026-04-15T18:03:48.610,-11.789,0,,0,48,31,5
2026-04-15T18:03:49.610,-11.794,0,,0,48,31,5
2026-04-15T18:03:50.620,-11.799,0,,0,48,31,5
2026-04-15T18:03:51.610,-11.797,0,,0,48,31,5
2026-04-15T18:03:52.610,-11.798,0,,0,48,31,5
2026-04-15T18:03:53.610,-11.793,0,,0,48,31,5
2026-04-15T18:03:54.610,-11.798,0,,0,48,31,5
2026-04-15T18:03:55.610,-11.794,0,,0,48,31,5
2026-04-15T18:03:56.830,-11.814,0,,0,48,31,5
2026-04-15T18:03:57.610,-11.806,0,,0,48,31,5
2026-04-15T18:03:59.070,-11.827,0,,0,48,31,5
2026-04-15T18:03:59.610,-11.829,0,,0,48,31,5
2026-04-15T18:04:00.610,-11.807,0,,0,48,31,5
2026-04-15T18:04:01.610,-11.807,0,,0,48,31,5
2026-04-15T18:04:02.620,-11.785,0,,0,48,31,5
2026-04-15T18:04:03.610,-11.807,0,,0,48,31,5
2026-04-15T18:04:04.610,-11.799,0,,0,48,31,5
2026-04-15T18:04:05.610,-11.791,0,,0,48,31,5
2026-04-15T18:04:07.040,-11.789,0,,0,48,31,5
2026-04-15T18:04:07.610,-11.804,0,,0,48,31,5
2026-04-15T18:04:08.620,-11.805,0,,0,48,31,5
2026-04-15T18:04:09.610,-11.814,0,,0,48,31,5
2026-04-15T18:04:10.600,-11.809,0,,0,48,31,5
2026-04-15T18:04:11.610,-11.800,0,,0,48,31,5
2026-04-15T18:04:12.610,-11.816,0,,0,48,31,5
2026-04-15T18:04:13.610,-11.813,0,,0,48,31,5
2026-04-15T18:04:14.620,-11.815,0,,0,48,31,5
2026-04-15T18:04:15.600,-11.820,0,,0,48,31,5
2026-04-15T18:04:16.610,-11.788,0,,0,48,31,5
2026-04-15T18:04:17.610,-11.799,0,,0,48,31,5
2026-04-15T18:04:18.610,-11.792,0,,0,48,31,5
2026-04-15T18:04:19.610,-11.800,0,,0,48,31,5
2026-04-15T18:04:20.600,-11.798,0,,0,48,31,5
2026-04-15T18:04:21.610,-11.800,0,,0,48,31,5
2026-04-15T18:04:22.610,-11.797,0,,0,48,31,5
2026-04-15T18:04:23.610,-11.799,0,,0,48,31,5
2026-04-15T18:04:24.610,-11.795,0,,0,48,31,5
2026-04-15T18:04:25.600,-11.795,0,,0,48,31,5
2026-04-15T18:04:27.130,-11.801,0,,0,48,31,5
2026-04-15T18:04:27.610,-11.797,0,,0,48,31,5
2026-04-15T18:04:28.820,-11.789,0,,0,48,31,5
2026-04-15T18:04:29.620,-11.798,0,,0,48,31,5
2026-04-15T18:04:30.610,-11.794,0,,0,48,31,5
2026-04-15T18:04:31.600,-11.801,0,,0,48,31,5
2026-04-15T18:04:32.620,-11.793,0,,0,48,31,5
2026-04-15T18:04:33.610,-11.798,0,,0,48,31,5
2026-04-15T18:04:34.610,-11.793,0,Image_300.png,0,48,31,5
2026-04-15T18:04:35.920,-11.793,0,,0,48,31,5
2026-04-15T18:04:36.610,-11.788,0,,0,48,31,5
2026-04-15T18:04:37.610,-11.799,0,,0,48,31,5
2026-04-15T18:04:38.610,-11.798,0,,0,48,31,5
2026-04-15T18:04:39.600,-11.815,0,,0,48,31,5
2026-04-15T18:04:40.620,-11.821,0,,0,48,31,5
2026-04-15T18:04:41.610,-11.812,0,,0,48,31,5
2026-04-15T18:04:42.610,-11.811,0,,0,48,31,5
2026-04-15T18:04:43.600,-11.801,0,,0,48,31,5
2026-04-15T18:04:44.610,-11.801,0,,0,48,31,5
2026-04-15T18:04:45.610,-11.802,0,,0,48,31,5
2026-04-15T18:04:46.810,-11.797,0,,0,48,31,5
2026-04-15T18:04:47.610,-11.799,0,,0,48,31,5
2026-04-15T18:04:48.610,-11.793,0,,0,48,31,5
2026-04-15T18:04:49.600,-11.795,0,,0,48,31,5
2026-04-15T18:04:50.720,-11.805,0,,0,48,31,5
2026-04-15T18:04:51.610,-11.819,0,,0,48,31,5
2026-04-15T18:04:52.850,-11.813,0,,0,48,31,5
2026-04-15T18:04:53.610,-11.820,0,,0,48,31,5
2026-04-15T18:04:54.610,-11.798,0,,0,48,31,5
2026-04-15T18:04:55.600,-11.786,0,,0,48,31,5
2026-04-15T18:04:56.620,-11.790,0,,0,48,31,5
2026-04-15T18:04:57.610,-11.812,0,,0,48,31,5
2026-04-15T18:04:58.600,-11.795,0,,0,48,31,5
2026-04-15T18:04:59.610,-11.804,0,,0,48,31,5
2026-04-15T18:05:00.610,-11.817,0,,0,48,31,5
2026-04-15T18:05:01.610,-11.823,0,,0,48,31,5
2026-04-15T18:05:02.610,-11.815,0,,0,48,31,5
2026-04-15T18:05:03.600,-11.831,0,,0,48,31,5
2026-04-15T18:05:04.610,-11.797,0,,0,48,31,5
2026-04-15T18:05:05.600,-11.808,0,,0,48,31,5
2026-04-15T18:05:06.610,-11.807,0,,0,48,31,5
2026-04-15T18:05:07.600,-11.806,0,,0,48,31,5
2026-04-15T18:05:08.620,-11.825,0,,0,48,31,5
2026-04-15T18:05:09.600,-11.832,0,,0,48,31,5
2026-04-15T18:05:10.880,-11.829,0,,0,48,31,5
2026-04-15T18:05:11.610,-11.823,0,,0,48,31,5
2026-04-15T18:05:12.610,-11.816,0,,0,48,31,5
2026-04-15T18:05:13.600,-11.811,0,,0,48,31,5
2026-04-15T18:05:14.620,-11.811,0,,0,48,31,5
2026-04-15T18:05:15.610,-11.799,0,,0,48,31,5
2026-04-15T18:05:16.600,-11.800,0,,0,48,31,5
2026-04-15T18:05:17.610,-11.814,0,,0,48,31,5
2026-04-15T18:05:18.610,-11.806,0,,0,48,31,5
2026-04-15T18:05:19.600,-11.818,0,,0,48,31,5
2026-04-15T18:05:20.620,-11.810,0,,0,48,31,5
2026-04-15T18:05:21.610,-11.814,0,,0,48,31,5
2026-04-15T18:05:22.610,-11.802,0,,0,48,31,5
2026-04-15T18:05:23.610,-11.812,0,,0,48,31,5
2026-04-15T18:05:24.610,-11.799,0,,0,48,31,5
2026-04-15T18:05:25.610,-11.802,0,,0,48,31,5
2026-04-15T18:05:26.620,-11.814,0,,0,48,31,5
2026-04-15T18:05:27.610,-11.803,0,,0,48,31,5
2026-04-15T18:05:28.610,-11.799,0,,0,48,31,5
2026-04-15T18:05:29.610,-11.799,0,,0,48,31,5
2026-04-15T18:05:30.610,-11.802,0,,0,48,31,5
2026-04-15T18:05:31.610,-11.801,0,,0,48,31,5
2026-04-15T18:05:32.610,-11.805,0,,0,48,31,5
2026-04-15T18:05:33.610,-11.806,0,,0,48,31,5
2026-04-15T18:05:34.610,-11.812,0,,0,48,31,5
2026-04-15T18:05:35.600,-11.801,0,Image_301.png,0,48,31,5
2026-04-15T18:05:36.910,-11.804,0,,0,48,31,5
2026-04-15T18:05:37.610,-11.814,0,,0,48,31,5
2026-04-15T18:05:38.610,-11.799,0,,0,48,31,5
2026-04-15T18:05:39.610,-11.801,0,,0,48,31,5
2026-04-15T18:05:40.610,-11.796,0,,0,48,31,5
2026-04-15T18:05:41.620,-11.787,0,,0,48,31,5
2026-04-15T18:05:42.610,-11.820,0,,0,48,31,5
2026-04-15T18:05:43.610,-11.829,0,,0,48,31,5
2026-04-15T18:05:44.610,-11.817,0,,0,48,31,5
2026-04-15T18:05:45.610,-11.816,0,,0,48,31,5
2026-04-15T18:05:46.600,-11.803,0,,0,48,31,5
2026-04-15T18:05:47.620,-11.801,0,,0,48,31,5
2026-04-15T18:05:48.600,-11.805,0,,0,48,31,5
2026-04-15T18:05:49.610,-11.810,0,,0,48,31,5
2026-04-15T18:05:50.610,-11.811,0,,0,48,31,5
2026-04-15T18:05:51.610,-11.821,0,,0,48,31,5
2026-04-15T18:05:52.610,-11.822,0,,0,48,31,5
2026-04-15T18:05:53.610,-11.833,0,,0,48,31,5
2026-04-15T18:05:54.610,-11.835,0,,0,48,31,5
2026-04-15T18:05:55.610,-11.807,0,,0,48,31,5
2026-04-15T18:05:56.610,-11.807,0,,0,48,31,5
2026-04-15T18:05:57.610,-11.800,0,,0,48,31,5
2026-04-15T18:05:58.620,-11.809,0,,0,48,31,5
2026-04-15T18:05:59.610,-11.801,0,,0,48,31,5
2026-04-15T18:06:01.150,-11.807,0,,0,48,31,5
2026-04-15T18:06:01.610,-11.804,0,,0,48,31,5
2026-04-15T18:06:02.610,-11.817,0,,0,48,31,5
2026-04-15T18:06:03.610,-11.817,0,,0,48,31,5
2026-04-15T18:06:04.600,-11.819,0,,0,48,31,5
2026-04-15T18:06:05.620,-11.804,0,,0,48,31,5
2026-04-15T18:06:06.610,-11.813,0,,0,48,31,5
2026-04-15T18:06:07.610,-11.819,0,,0,48,31,5
2026-04-15T18:06:08.620,-11.825,0,,0,48,31,5
2026-04-15T18:06:09.610,-11.811,0,,0,48,31,5
2026-04-15T18:06:10.610,-11.809,0,,0,48,31,5
2026-04-15T18:06:11.620,-11.819,0,,0,48,32,5
2026-04-15T18:06:12.610,-11.812,0,,0,48,32,5
2026-04-15T18:06:13.610,-11.818,0,,0,48,32,5
2026-04-15T18:06:14.620,-11.806,0,,0,48,32,5
2026-04-15T18:06:15.610,-11.813,0,,0,48,32,5
2026-04-15T18:06:16.610,-11.815,0,,0,48,32,5
2026-04-15T18:06:17.620,-11.816,0,,0,48,32,5
2026-04-15T18:06:18.970,-11.808,0,,0,48,32,5
2026-04-15T18:06:19.610,-11.812,0,,0,48,32,5
2026-04-15T18:06:20.610,-11.811,0,,0,48,32,5
2026-04-15T18:06:21.610,-11.808,0,,0,48,32,5
2026-04-15T18:06:22.610,-11.817,0,,0,48,32,5
2026-04-15T18:06:23.620,-11.801,0,,0,48,32,5
2026-04-15T18:06:24.610,-11.812,0,,0,48,32,5
2026-04-15T18:06:25.610,-11.809,0,,0,48,32,5
2026-04-15T18:06:26.620,-11.815,0,,0,48,32,5
2026-04-15T18:06:27.610,-11.804,0,,0,48,32,5
2026-04-15T18:06:28.610,-11.810,0,,0,48,32,5
2026-04-15T18:06:29.610,-11.814,0,,0,48,32,5
2026-04-15T18:06:30.610,-11.798,0,,0,48,32,5
2026-04-15T18:06:31.610,-11.823,0,,0,48,32,5
2026-04-15T18:06:32.620,-11.813,0,,0,48,32,5
2026-04-15T18:06:33.610,-11.818,0,,0,48,32,5
2026-04-15T18:06:34.600,-11.819,0,,0,48,32,5
2026-04-15T18:06:35.620,-11.821,0,,0,48,32,5
2026-04-15T18:06:36.610,-11.815,0,Image_302.png,0,48,32,5
2026-04-15T18:06:37.920,-11.810,0,,0,48,32,5
2026-04-15T18:06:38.610,-11.817,0,,0,48,32,5
2026-04-15T18:06:39.610,-11.819,0,,0,48,32,5
2026-04-15T18:06:40.610,-11.817,0,,0,48,32,5
2026-04-15T18:06:41.600,-11.824,0,,0,48,32,5
2026-04-15T18:06:42.610,-11.825,0,,0,48,32,5
2026-04-15T18:06:43.610,-11.823,0,,0,48,32,5
2026-04-15T18:06:44.620,-11.830,0,,0,48,32,5
2026-04-15T18:06:45.610,-11.822,0,,0,48,32,5
2026-04-15T18:06:46.600,-11.823,0,,0,48,32,5
2026-04-15T18:06:47.610,-11.832,0,,0,48,32,5
2026-04-15T18:06:48.630,-11.825,0,,0,48,32,5
2026-04-15T18:06:49.600,-11.837,0,,0,48,32,5
2026-04-15T18:06:50.620,-11.836,0,,0,48,32,5
2026-04-15T18:06:51.610,-11.845,0,,0,48,32,5
2026-04-15T18:06:52.610,-11.840,0,,0,48,32,5
2026-04-15T18:06:53.610,-11.832,0,,0,48,32,5
2026-04-15T18:06:54.610,-11.844,0,,0,48,32,5
2026-04-15T18:06:55.610,-11.832,0,,0,48,32,5
2026-04-15T18:06:56.610,-11.842,0,,0,48,32,5
2026-04-15T18:06:57.610,-11.851,0,,0,48,32,5
2026-04-15T18:06:58.610,-11.839,0,,0,48,32,5
2026-04-15T18:06:59.610,-11.846,0,,0,48,32,5
2026-04-15T18:07:00.610,-11.838,0,,0,48,32,5
2026-04-15T18:07:01.600,-11.841,0,,0,48,32,5
2026-04-15T18:07:02.610,-11.846,0,,0,48,32,5
2026-04-15T18:07:03.610,-11.850,0,,0,48,32,5
2026-04-15T18:07:04.600,-11.844,0,,0,48,32,5
2026-04-15T18:07:05.610,-11.845,0,,0,48,32,5
2026-04-15T18:07:06.610,-11.841,0,,0,48,32,5
2026-04-15T18:07:07.590,-11.845,0,,0,48,32,5
2026-04-15T18:07:08.610,-11.850,0,,0,48,32,5
2026-04-15T18:07:09.610,-11.839,0,,0,48,32,5
2026-04-15T18:07:10.610,-11.846,0,,0,48,32,5
2026-04-15T18:07:11.610,-11.851,0,,0,48,32,5
2026-04-15T18:07:12.610,-11.848,0,,0,48,32,5
2026-04-15T18:07:13.600,-11.856,0,,0,48,32,5
2026-04-15T18:07:14.610,-11.851,0,,0,48,32,5
2026-04-15T18:07:15.610,-11.859,0,,0,48,32,5
2026-04-15T18:07:16.610,-11.859,0,,0,48,32,5
2026-04-15T18:07:17.610,-11.855,0,,0,48,32,5
2026-04-15T18:07:18.610,-11.835,0,,0,48,32,5
2026-04-15T18:07:19.610,-11.821,0,,0,48,32,5
2026-04-15T18:07:20.620,-11.824,0,,0,48,32,5
2026-04-15T18:07:21.610,-11.823,0,,0,48,32,5
2026-04-15T18:07:22.600,-11.834,0,,0,48,32,5
2026-04-15T18:07:23.610,-11.858,0,,0,48,32,5
2026-04-15T18:07:24.610,-11.839,0,,0,48,32,5
2026-04-15T18:07:25.600,-11.831,0,,0,48,32,5
2026-04-15T18:07:26.680,-11.846,0,,0,48,32,5
2026-04-15T18:07:27.610,-11.825,0,,0,48,32,5
2026-04-15T18:07:28.610,-11.851,0,,0,48,32,5
2026-04-15T18:07:29.610,-11.847,0,,0,48,32,5
2026-04-15T18:07:30.610,-11.850,0,,0,48,32,5
2026-04-15T18:07:31.600,-11.865,0,,0,48,32,5
2026-04-15T18:07:32.620,-11.872,0,,0,48,32,5
2026-04-15T18:07:33.610,-11.864,0,,0,48,32,5
2026-04-15T18:07:34.620,-11.867,0,,0,48,32,5
2026-04-15T18:07:35.610,-11.868,0,,0,48,32,5
2026-04-15T18:07:36.610,-11.862,0,,0,48,32,5
2026-04-15T18:07:37.600,-11.867,0,Image_303.png,0,48,32,5
2026-04-15T18:07:38.930,-11.868,0,,0,48,32,5
2026-04-15T18:07:39.610,-11.857,0,,0,48,32,5
2026-04-15T18:07:40.610,-11.865,0,,0,48,32,5
2026-04-15T18:07:41.610,-11.855,0,,0,48,32,5
2026-04-15T18:07:42.610,-11.867,0,,0,48,32,5
2026-04-15T18:07:43.610,-11.857,0,,0,48,32,5
2026-04-15T18:07:44.610,-11.864,0,,0,48,32,5
2026-04-15T18:07:45.610,-11.847,0,,0,48,32,5
2026-04-15T18:07:46.710,-11.842,0,,0,48,32,5
2026-04-15T18:07:47.610,-11.849,0,,0,48,32,5
2026-04-15T18:07:48.610,-11.857,0,,0,48,32,5
2026-04-15T18:07:49.610,-11.863,0,,0,48,32,5
2026-04-15T18:07:50.650,-11.875,0,,0,48,32,5
2026-04-15T18:07:51.610,-11.873,0,,0,48,32,5
2026-04-15T18:07:52.610,-11.859,0,,0,48,32,5
2026-04-15T18:07:53.620,-11.853,0,,0,48,32,5
2026-04-15T18:07:54.610,-11.839,0,,0,48,32,5
2026-04-15T18:07:55.610,-11.842,0,,0,48,32,5
2026-04-15T18:07:56.620,-11.829,0,,0,48,32,5
2026-04-15T18:07:57.610,-11.839,0,,0,48,32,5
2026-04-15T18:07:58.610,-11.860,0,,0,48,32,5
2026-04-15T18:07:59.610,-11.863,0,,0,48,32,5
2026-04-15T18:08:00.610,-11.856,0,,0,48,32,5
2026-04-15T18:08:01.600,-11.871,0,,0,48,32,5
2026-04-15T18:08:02.610,-11.870,0,,0,48,32,5
2026-04-15T18:08:03.610,-11.881,0,,0,48,32,5
2026-04-15T18:08:04.610,-11.874,0,,0,48,32,5
2026-04-15T18:08:05.620,-11.879,0,,0,48,32,5
2026-04-15T18:08:07.730,-11.868,0,,0,48,32,5
2026-04-15T18:08:08.620,-11.871,0,,0,48,32,5
2026-04-15T18:08:09.610,-11.844,0,,0,48,32,5
2026-04-15T18:08:10.610,-11.867,0,,0,48,32,5
2026-04-15T18:08:11.610,-11.833,0,,0,48,32,5
2026-04-15T18:08:12.610,-11.813,0,,0,48,32,5
2026-04-15T18:08:13.610,-11.825,0,,0,48,32,5
2026-04-15T18:08:14.610,-11.817,0,,0,48,32,5
2026-04-15T18:08:15.610,-11.827,0,,0,48,32,5
2026-04-15T18:08:16.600,-11.847,0,,0,48,32,5
2026-04-15T18:08:17.620,-11.860,0,,0,48,32,5
2026-04-15T18:08:18.720,-11.848,0,,0,48,32,5
2026-04-15T18:08:19.610,-11.846,0,,0,48,32,5
2026-04-15T18:08:20.620,-11.837,0,,0,48,32,5
2026-04-15T18:08:21.610,-11.823,0,,0,48,32,5
2026-04-15T18:08:22.610,-11.826,0,,0,48,32,5
2026-04-15T18:08:23.620,-11.808,0,,0,48,32,5
2026-04-15T18:08:24.610,-11.827,0,,0,48,32,5
2026-04-15T18:08:25.610,-11.834,0,,0,48,32,5
2026-04-15T18:08:26.830,-11.825,0,,0,48,32,5
2026-04-15T18:08:27.610,-11.829,0,,0,48,32,5
2026-04-15T18:08:28.610,-11.832,0,,0,48,32,5
2026-04-15T18:08:29.620,-11.862,0,,0,48,32,5
2026-04-15T18:08:30.610,-11.858,0,,0,48,32,5
2026-04-15T18:08:31.610,-11.860,0,,0,48,32,5
2026-04-15T18:08:32.610,-11.848,0,,0,48,32,5
2026-04-15T18:08:33.610,-11.843,0,,0,48,32,5
2026-04-15T18:08:34.610,-11.844,0,,0,48,32,5
2026-04-15T18:08:35.610,-11.852,0,,0,48,32,5
2026-04-15T18:08:36.610,-11.854,0,,0,48,32,5
2026-04-15T18:08:37.610,-11.871,0,Image_304.png,0,48,32,5
2026-04-15T18:08:38.930,-11.876,0,,0,48,32,5
2026-04-15T18:08:39.610,-11.895,0,,0,48,32,5
2026-04-15T18:08:40.600,-11.907,0,,0,48,32,5
2026-04-15T18:08:41.620,-11.895,0,,0,48,32,5
2026-04-15T18:08:42.600,-11.868,0,,0,48,32,5
2026-04-15T18:08:43.610,-11.885,0,,0,48,32,5
2026-04-15T18:08:44.610,-11.866,0,,0,48,32,5
2026-04-15T18:08:45.610,-11.878,0,,0,48,32,5
2026-04-15T18:08:46.600,-11.874,0,,0,48,32,5
2026-04-15T18:08:47.610,-11.858,0,,0,48,32,5
2026-04-15T18:08:48.610,-11.864,0,,0,48,32,5
2026-04-15T18:08:49.610,-11.864,0,,0,48,32,5
2026-04-15T18:08:50.620,-11.880,0,,0,48,32,5
2026-04-15T18:08:51.610,-11.874,0,,0,48,32,5
2026-04-15T18:08:52.600,-11.882,0,,0,48,32,5
2026-04-15T18:08:53.620,-11.880,0,,0,48,32,5
2026-04-15T18:08:54.750,-11.861,0,,0,48,32,5
2026-04-15T18:08:55.610,-11.862,0,,0,48,32,5
2026-04-15T18:08:56.620,-11.869,0,,0,48,32,5
2026-04-15T18:08:57.610,-11.864,0,,0,48,32,5
2026-04-15T18:08:58.660,-11.866,0,,0,48,32,5
2026-04-15T18:08:59.600,-11.865,0,,0,48,32,5
2026-04-15T18:09:00.610,-11.878,0,,0,48,32,5
2026-04-15T18:09:01.610,-11.893,0,,0,48,32,5
2026-04-15T18:09:02.620,-11.886,0,,0,48,32,5
2026-04-15T18:09:03.610,-11.904,0,,0,48,32,5
2026-04-15T18:09:04.600,-11.877,0,,0,48,32,5
2026-04-15T18:09:05.610,-11.874,0,,0,48,32,5
2026-04-15T18:09:06.620,-11.874,0,,0,48,32,5
2026-04-15T18:09:07.610,-11.877,0,,0,48,32,5
2026-04-15T18:09:08.610,-11.883,0,,0,48,32,5
2026-04-15T18:09:09.610,-11.880,0,,0,48,32,5
2026-04-15T18:09:10.600,-11.870,0,,0,48,32,5
2026-04-15T18:09:11.620,-11.872,0,,0,48,32,5
2026-04-15T18:09:12.600,-11.872,0,,0,48,32,5
2026-04-15T18:09:13.610,-11.875,0,,0,48,32,5
2026-04-15T18:09:14.600,-11.868,0,,0,48,32,5
2026-04-15T18:09:15.610,-11.851,0,,0,48,32,5
2026-04-15T18:09:16.600,-11.860,0,,0,48,32,5
2026-04-15T18:09:17.610,-11.861,0,,0,48,32,5
2026-04-15T18:09:18.610,-11.850,0,,0,48,32,5
2026-04-15T18:09:19.610,-11.851,0,,0,48,32,5
2026-04-15T18:09:20.610,-11.852,0,,0,48,32,5
2026-04-15T18:09:21.610,-11.858,0,,0,48,32,5
2026-04-15T18:09:22.600,-11.858,0,,0,48,32,5
2026-04-15T18:09:23.610,-11.878,0,,0,48,32,5
2026-04-15T18:09:24.610,-11.880,0,,0,48,32,5
2026-04-15T18:09:25.610,-11.881,0,,0,48,32,5
2026-04-15T18:09:26.610,-11.899,0,,0,48,32,5
2026-04-15T18:09:27.610,-11.876,0,,0,48,32,5
2026-04-15T18:09:28.600,-11.888,0,,0,48,32,5
2026-04-15T18:09:29.610,-11.897,0,,0,48,32,5
2026-04-15T18:09:30.610,-11.866,0,,0,48,32,5
2026-04-15T18:09:31.610,-11.862,0,,0,48,32,5
2026-04-15T18:09:32.600,-11.845,0,,0,48,32,5
2026-04-15T18:09:33.610,-11.846,0,,0,48,32,5
2026-04-15T18:09:34.600,-11.841,0,,0,48,32,5
2026-04-15T18:09:35.620,-11.847,0,,0,48,32,5
2026-04-15T18:09:36.610,-11.861,0,,0,48,32,5
2026-04-15T18:09:37.610,-11.847,0,Image_305.png,0,48,32,5
2026-04-15T18:09:38.950,-11.830,0,,0,48,32,5
2026-04-15T18:09:39.610,-11.853,0,,0,48,32,5
2026-04-15T18:09:40.620,-11.852,0,,0,48,32,5
2026-04-15T18:09:41.610,-11.847,0,,0,48,32,5
2026-04-15T18:09:42.610,-11.855,0,,0,48,32,5
2026-04-15T18:09:43.610,-11.846,0,,0,48,32,5
2026-04-15T18:09:44.610,-11.851,0,,0,48,32,5
2026-04-15T18:09:45.610,-11.856,0,,0,48,32,5
2026-04-15T18:09:46.610,-11.848,0,,0,48,32,5
2026-04-15T18:09:47.610,-11.844,0,,0,48,32,5
2026-04-15T18:09:48.610,-11.853,0,,0,48,32,5
2026-04-15T18:09:49.610,-11.872,0,,0,48,32,5
2026-04-15T18:09:50.620,-11.866,0,,0,48,32,5
2026-04-15T18:09:51.610,-11.865,0,,0,48,32,5
2026-04-15T18:09:52.610,-11.870,0,,0,48,32,5
2026-04-15T18:09:53.610,-11.851,0,,0,48,32,5
2026-04-15T18:09:54.610,-11.842,0,,0,48,32,5
2026-04-15T18:09:55.610,-11.871,0,,0,48,32,5
2026-04-15T18:09:57.080,-11.866,0,,0,48,32,5
2026-04-15T18:09:57.610,-11.887,0,,0,48,32,5
2026-04-15T18:09:58.610,-11.880,0,,0,48,32,5
2026-04-15T18:09:59.620,-11.859,0,,0,48,32,5
2026-04-15T18:10:00.610,-11.861,0,,0,48,32,5
2026-04-15T18:10:01.610,-11.842,0,,0,48,32,5
2026-04-15T18:10:02.620,-11.827,0,,0,48,32,5
2026-04-15T18:10:03.610,-11.854,0,,0,48,32,5
2026-04-15T18:10:04.820,-11.855,0,,0,48,32,5
2026-04-15T18:10:05.610,-11.857,0,,0,48,32,5
2026-04-15T18:10:06.610,-11.848,0,,0,48,32,5
2026-04-15T18:10:07.610,-11.836,0,,0,48,32,5
2026-04-15T18:10:08.710,-11.824,0,,0,48,32,5
2026-04-15T18:10:09.610,-11.831,0,,0,48,32,5
2026-04-15T18:10:10.610,-11.836,0,,0,48,32,5
2026-04-15T18:10:11.610,-11.831,0,,0,48,32,5
2026-04-15T18:10:12.620,-11.841,0,,0,48,32,5
2026-04-15T18:10:13.610,-11.830,0,,0,48,32,5
2026-04-15T18:10:14.620,-11.846,0,,0,48,32,5
2026-04-15T18:10:15.610,-11.843,0,,0,48,32,5
2026-04-15T18:10:16.610,-11.842,0,,0,48,32,5
2026-04-15T18:10:17.610,-11.849,0,,0,48,32,5
2026-04-15T18:10:18.610,-11.837,0,,0,48,32,5
2026-04-15T18:10:19.600,-11.842,0,,0,48,32,5
2026-04-15T18:10:20.620,-11.834,0,,0,48,32,5
2026-04-15T18:10:21.610,-11.850,0,,0,48,32,5
2026-04-15T18:10:22.610,-11.840,0,,0,48,32,5
2026-04-15T18:10:23.610,-11.848,0,,0,48,32,5
2026-04-15T18:10:24.820,-11.839,0,,0,48,32,5
2026-04-15T18:10:25.610,-11.845,0,,0,48,32,5
2026-04-15T18:10:26.620,-11.851,0,,0,48,32,5
2026-04-15T18:10:27.610,-11.852,0,,0,48,32,5
2026-04-15T18:10:28.610,-11.877,0,,0,48,32,5
2026-04-15T18:10:29.620,-11.867,0,,0,48,32,5
2026-04-15T18:10:30.610,-11.895,0,,0,48,32,5
2026-04-15T18:10:31.610,-11.867,0,,0,48,32,5
2026-04-15T18:10:32.620,-11.860,0,,0,48,32,5
2026-04-15T18:10:33.610,-11.838,0,,0,48,32,5
2026-04-15T18:10:34.610,-11.825,0,,0,48,32,5
2026-04-15T18:10:35.610,-11.823,0,,0,48,32,5
2026-04-15T18:10:36.610,-11.850,0,,0,48,32,5
2026-04-15T18:10:37.610,-11.867,0,,0,48,32,5
2026-04-15T18:10:38.620,-11.883,0,Image_306.png,0,48,32,5
2026-04-15T18:10:39.920,-11.866,0,,0,48,32,5
2026-04-15T18:10:40.600,-11.866,0,,0,48,32,5
2026-04-15T18:10:41.620,-11.852,0,,0,48,32,5
2026-04-15T18:10:42.600,-11.869,0,,0,48,32,5
2026-04-15T18:10:43.610,-11.837,0,,0,48,32,5
2026-04-15T18:10:44.610,-11.851,0,,0,48,32,5
2026-04-15T18:10:45.610,-11.853,0,,0,48,32,5
2026-04-15T18:10:46.600,-11.839,0,,0,48,32,5
2026-04-15T18:10:47.590,-11.839,0,,0,48,32,5
2026-04-15T18:10:48.610,-11.830,0,,0,48,32,5
2026-04-15T18:10:49.610,-11.827,0,,0,48,32,5
2026-04-15T18:10:50.610,-11.829,0,,0,48,32,5
2026-04-15T18:10:51.610,-11.838,0,,0,48,32,5
2026-04-15T18:10:52.600,-11.816,0,,0,48,32,5
2026-04-15T18:10:53.610,-11.823,0,,0,48,32,5
2026-04-15T18:10:54.610,-11.846,0,,0,48,32,5
2026-04-15T18:10:55.610,-11.844,0,,0,48,32,5
2026-04-15T18:10:56.610,-11.842,0,,0,48,32,5
2026-04-15T18:10:57.610,-11.851,0,,0,48,32,5
2026-04-15T18:10:58.600,-11.846,0,,0,48,32,5
2026-04-15T18:10:59.620,-11.843,0,,0,48,32,5
2026-04-15T18:11:00.610,-11.840,0,,0,48,32,5
2026-04-15T18:11:01.610,-11.852,0,,0,48,32,5
2026-04-15T18:11:02.660,-11.851,0,,0,48,32,5
2026-04-15T18:11:03.610,-11.852,0,,0,48,32,5
2026-04-15T18:11:04.610,-11.823,0,,0,48,32,5
2026-04-15T18:11:05.610,-11.803,0,,0,48,32,5
2026-04-15T18:11:06.610,-11.821,0,,0,48,32,5
2026-04-15T18:11:07.600,-11.827,0,,0,48,32,5
2026-04-15T18:11:08.610,-11.829,0,,0,48,32,5
2026-04-15T18:11:09.610,-11.835,0,,0,48,32,5
2026-04-15T18:11:10.600,-11.819,0,,0,48,32,5
2026-04-15T18:11:11.620,-11.823,0,,0,48,32,5
2026-04-15T18:11:12.610,-11.825,0,,0,48,32,5
2026-04-15T18:11:13.610,-11.832,0,,0,48,32,5
2026-04-15T18:11:14.610,-11.837,0,,0,48,32,5
2026-04-15T18:11:15.610,-11.824,0,,0,48,32,5
2026-04-15T18:11:16.600,-11.827,0,,0,48,32,5
2026-04-15T18:11:17.620,-11.840,0,,0,48,32,5
2026-04-15T18:11:18.610,-11.838,0,,0,48,32,5
2026-04-15T18:11:19.610,-11.834,0,,0,48,32,5
2026-04-15T18:11:20.640,-11.825,0,,0,48,32,5
2026-04-15T18:11:21.610,-11.825,0,,0,48,32,5
2026-04-15T18:11:22.600,-11.827,0,,0,48,32,5
2026-04-15T18:11:23.610,-11.824,0,,0,48,32,5
2026-04-15T18:11:25.020,-11.818,0,,0,48,32,5
2026-04-15T18:11:25.610,-11.841,0,,0,48,32,5
2026-04-15T18:11:26.610,-11.834,0,,0,48,32,5
2026-04-15T18:11:27.610,-11.832,0,,0,48,32,5
2026-04-15T18:11:28.600,-11.839,0,,0,48,32,5
2026-04-15T18:11:29.610,-11.825,0,,0,48,32,5
2026-04-15T18:11:30.610,-11.823,0,,0,48,32,5
2026-04-15T18:11:31.610,-11.812,0,,0,48,32,5
2026-04-15T18:11:32.600,-11.821,0,,0,48,32,5
2026-04-15T18:11:33.610,-11.836,0,,0,48,32,5
2026-04-15T18:11:34.600,-11.836,0,,0,48,32,5
2026-04-15T18:11:35.610,-11.845,0,,0,48,32,5
2026-04-15T18:11:36.610,-11.846,0,,0,48,32,5
2026-04-15T18:11:37.610,-11.854,0,,0,48,32,5
2026-04-15T18:11:38.620,-11.853,0,,0,48,32,5
2026-04-15T18:11:39.610,-11.854,0,Image_307.png,0,48,32,5
2026-04-15T18:11:40.920,-11.882,0,,0,48,32,5
2026-04-15T18:11:41.620,-11.880,0,,0,48,32,5
2026-04-15T18:11:42.610,-11.883,0,,0,48,32,5
2026-04-15T18:11:43.610,-11.875,0,,0,48,32,5
2026-04-15T18:11:44.610,-11.866,0,,0,48,32,5
2026-04-15T18:11:45.610,-11.851,0,,0,48,32,5
2026-04-15T18:11:46.610,-11.870,0,,0,48,32,5
2026-04-15T18:11:47.620,-11.861,0,,0,48,32,5
2026-04-15T18:11:48.610,-11.872,0,,0,48,32,5
2026-04-15T18:11:49.610,-11.869,0,,0,48,32,5
2026-04-15T18:11:50.670,-11.856,0,,0,48,32,5
2026-04-15T18:11:51.610,-11.848,0,,0,48,32,5
2026-04-15T18:11:52.600,-11.875,0,,0,48,32,5
2026-04-15T18:11:53.620,-11.854,0,,0,48,32,5
2026-04-15T18:11:54.610,-11.848,0,,0,48,32,5
2026-04-15T18:11:55.610,-11.856,0,,0,48,32,5
2026-04-15T18:11:56.620,-11.859,0,,0,48,32,5
2026-04-15T18:11:57.610,-11.857,0,,0,48,32,5
2026-04-15T18:11:58.610,-11.842,0,,0,48,32,5
2026-04-15T18:11:59.620,-11.843,0,,0,48,32,5
2026-04-15T18:12:00.610,-11.860,0,,0,48,32,5
2026-04-15T18:12:01.610,-11.845,0,,0,48,32,5
2026-04-15T18:12:02.600,-11.865,0,,0,48,32,5
2026-04-15T18:12:03.610,-11.864,0,,0,48,32,5
2026-04-15T18:12:04.610,-11.850,0,,0,48,32,5
2026-04-15T18:12:05.600,-11.841,0,,0,48,32,5
2026-04-15T18:12:06.610,-11.831,0,,0,48,32,5
2026-04-15T18:12:07.610,-11.816,0,,0,48,32,5
2026-04-15T18:12:08.610,-11.842,0,,0,48,32,5
2026-04-15T18:12:09.610,-11.831,0,,0,48,32,5
2026-04-15T18:12:10.610,-11.824,0,,0,48,32,5
2026-04-15T18:12:11.620,-11.825,0,,0,48,32,5
2026-04-15T18:12:12.610,-11.818,0,,0,48,32,5
2026-04-15T18:12:13.610,-11.834,0,,0,48,32,5
2026-04-15T18:12:14.620,-11.851,0,,0,48,32,5
2026-04-15T18:12:15.610,-11.852,0,,0,48,32,5
2026-04-15T18:12:16.610,-11.846,0,,0,48,32,5
2026-04-15T18:12:17.610,-11.847,0,,0,48,32,5
2026-04-15T18:12:19.830,-11.853,0,,0,48,32,5
2026-04-15T18:12:20.600,-11.852,0,,0,48,32,5
2026-04-15T18:12:21.610,-11.850,0,,0,48,32,5
2026-04-15T18:12:22.610,-11.854,0,,0,48,32,5
2026-04-15T18:12:23.610,-11.850,0,,0,48,32,5
2026-04-15T18:12:24.610,-11.856,0,,0,48,32,5
2026-04-15T18:12:25.590,-11.851,0,,0,48,32,5
2026-04-15T18:12:26.620,-11.837,0,,0,48,32,5
2026-04-15T18:12:27.610,-11.846,0,,0,48,32,5
2026-04-15T18:12:28.630,-11.830,0,,0,48,32,5
2026-04-15T18:12:29.610,-11.827,0,,0,48,32,5
2026-04-15T18:12:30.600,-11.827,0,,0,48,32,5
2026-04-15T18:12:31.610,-11.835,0,,0,48,32,5
2026-04-15T18:12:32.790,-11.839,0,,0,48,32,5
2026-04-15T18:12:33.610,-11.847,0,,0,48,32,5
2026-04-15T18:12:34.610,-11.850,0,,0,48,32,5
2026-04-15T18:12:35.600,-11.850,0,,0,48,32,5
2026-04-15T18:12:36.610,-11.843,0,,0,48,32,5
2026-04-15T18:12:37.610,-11.841,0,,0,48,32,5
2026-04-15T18:12:38.610,-11.846,0,,0,48,32,5
2026-04-15T18:12:39.610,-11.834,0,,0,48,32,5
2026-04-15T18:12:40.590,-11.841,0,Image_308.png,0,48,32,5
2026-04-15T18:12:41.920,-11.838,0,,0,48,32,5
2026-04-15T18:12:42.610,-11.830,0,,0,48,32,5
2026-04-15T18:12:43.600,-11.835,0,,0,48,32,5
2026-04-15T18:12:44.600,-11.834,0,,0,48,32,5
2026-04-15T18:12:45.600,-11.841,0,,0,48,32,5
2026-04-15T18:12:46.600,-11.836,0,,0,48,32,5
2026-04-15T18:12:47.610,-11.830,0,,0,48,32,5
2026-04-15T18:12:48.610,-11.823,0,,0,48,32,5
2026-04-15T18:12:49.610,-11.830,0,,0,48,32,5
2026-04-15T18:12:50.620,-11.816,0,,0,48,32,5
2026-04-15T18:12:51.610,-11.843,0,,0,48,32,5
2026-04-15T18:12:52.610,-11.836,0,,0,48,32,5
2026-04-15T18:12:53.610,-11.830,0,,0,48,32,5
2026-04-15T18:12:54.610,-11.844,0,,0,48,32,5
2026-04-15T18:12:55.610,-11.835,0,,0,48,32,5
2026-04-15T18:12:56.610,-11.849,0,,0,48,32,5
2026-04-15T18:12:57.610,-11.845,0,,0,48,32,5
2026-04-15T18:12:58.610,-11.824,0,,0,48,32,5
2026-04-15T18:12:59.610,-11.825,0,,0,48,32,5
2026-04-15T18:13:00.610,-11.827,0,,0,48,32,5
2026-04-15T18:13:01.610,-11.812,0,,0,48,32,5
2026-04-15T18:13:02.610,-11.827,0,,0,48,32,5
2026-04-15T18:13:03.610,-11.838,0,,0,48,32,5
2026-04-15T18:13:04.730,-11.844,0,,0,48,32,5
2026-04-15T18:13:05.600,-11.836,0,,0,48,32,5
2026-04-15T18:13:06.610,-11.839,0,,0,48,32,5
2026-04-15T18:13:07.610,-11.837,0,,0,48,32,5
2026-04-15T18:13:08.620,-11.850,0,,0,48,32,5
2026-04-15T18:13:09.610,-11.858,0,,0,48,32,5
2026-04-15T18:13:10.610,-11.849,0,,0,48,32,5
2026-04-15T18:13:11.610,-11.850,0,,0,48,32,5
2026-04-15T18:13:12.610,-11.855,0,,0,48,32,5
2026-04-15T18:13:13.610,-11.852,0,,0,48,32,5
2026-04-15T18:13:14.620,-11.861,0,,0,48,32,5
2026-04-15T18:13:15.610,-11.864,0,,0,48,32,5
2026-04-15T18:13:16.610,-11.857,0,,0,48,32,5
2026-04-15T18:13:17.610,-11.862,0,,0,48,32,5
2026-04-15T18:13:18.610,-11.830,0,,0,48,32,5
2026-04-15T18:13:19.600,-11.837,0,,0,48,32,5
2026-04-15T18:13:20.620,-11.853,0,,0,48,32,5
2026-04-15T18:13:21.610,-11.845,0,,0,48,32,5
2026-04-15T18:13:22.610,-11.855,0,,0,48,32,5
2026-04-15T18:13:23.610,-11.868,0,,0,48,32,5
2026-04-15T18:13:24.610,-11.857,0,,0,48,32,5
2026-04-15T18:13:25.610,-11.845,0,,0,48,32,5
2026-04-15T18:13:26.620,-11.845,0,,0,48,32,5
2026-04-15T18:13:27.610,-11.838,0,,0,48,32,5
2026-04-15T18:13:28.600,-11.841,0,,0,48,32,5
2026-04-15T18:13:29.610,-11.832,0,,0,48,32,5
2026-04-15T18:13:30.620,-11.845,0,,0,48,32,5
2026-04-15T18:13:31.600,-11.843,0,,0,48,32,5
2026-04-15T18:13:32.610,-11.844,0,,0,48,32,5
2026-04-15T18:13:33.610,-11.851,0,,0,48,32,5
2026-04-15T18:13:34.610,-11.847,0,,0,48,32,5
2026-04-15T18:13:35.600,-11.847,0,,0,48,32,5
2026-04-15T18:13:36.610,-11.851,0,,0,48,32,5
2026-04-15T18:13:37.610,-11.855,0,,0,48,32,5
2026-04-15T18:13:38.610,-11.857,0,,0,48,32,5
2026-04-15T18:13:39.610,-11.845,0,,0,48,32,5
2026-04-15T18:13:40.600,-11.848,0,Image_309.png,0,48,32,5
2026-04-15T18:13:41.920,-11.855,0,,0,48,32,5
2026-04-15T18:13:42.610,-11.867,0,,0,48,32,5
2026-04-15T18:13:43.610,-11.846,0,,0,48,32,5
2026-04-15T18:13:44.620,-11.863,0,,0,48,32,5
2026-04-15T18:13:45.600,-11.857,0,,0,48,32,5
2026-04-15T18:13:46.600,-11.830,0,,0,48,32,5
2026-04-15T18:13:47.620,-11.867,0,,0,48,32,5
2026-04-15T18:13:48.860,-11.873,0,,0,48,32,5
2026-04-15T18:13:49.610,-11.877,0,,0,48,32,5
2026-04-15T18:13:50.610,-11.863,0,,0,48,32,5
2026-04-15T18:13:51.610,-11.890,0,,0,48,32,5
2026-04-15T18:13:52.740,-11.865,0,,0,48,32,5
2026-04-15T18:13:53.610,-11.851,0,,0,48,32,5
2026-04-15T18:13:54.610,-11.846,0,,0,48,32,5
2026-04-15T18:13:55.600,-11.815,0,,0,48,32,5
2026-04-15T18:13:56.620,-11.827,0,,0,48,32,5
2026-04-15T18:13:57.610,-11.851,0,,0,48,32,5
2026-04-15T18:13:58.610,-11.856,0,,0,48,32,5
2026-04-15T18:13:59.620,-11.867,0,,0,48,32,5
2026-04-15T18:14:00.610,-11.874,0,,0,48,32,5
2026-04-15T18:14:01.610,-11.868,0,,0,48,32,5
2026-04-15T18:14:02.660,-11.884,0,,0,48,32,5
2026-04-15T18:14:03.610,-11.862,0,,0,48,32,5
2026-04-15T18:14:04.600,-11.855,0,,0,48,32,5
2026-04-15T18:14:05.620,-11.842,0,,0,48,32,5
2026-04-15T18:14:06.610,-11.846,0,,0,48,32,5
2026-04-15T18:14:07.610,-11.855,0,,0,48,32,5
2026-04-15T18:14:08.610,-11.847,0,,0,48,32,5
2026-04-15T18:14:09.610,-11.863,0,,0,48,32,5
2026-04-15T18:14:10.610,-11.886,0,,0,48,32,5
2026-04-15T18:14:11.620,-11.881,0,,0,48,32,5
2026-04-15T18:14:12.610,-11.906,0,,0,48,32,5
2026-04-15T18:14:13.610,-11.909,0,,0,48,32,5
2026-04-15T18:14:14.620,-11.907,0,,0,48,32,5
2026-04-15T18:14:15.610,-11.887,0,,0,48,32,5
2026-04-15T18:14:16.610,-11.866,0,,0,48,32,5
2026-04-15T18:14:17.610,-11.869,0,,0,48,32,5
2026-04-15T18:14:18.610,-11.856,0,,0,48,32,5
2026-04-15T18:14:19.610,-11.880,0,,0,48,32,5
2026-04-15T18:14:20.620,-11.879,0,,0,48,32,5
2026-04-15T18:14:21.610,-11.869,0,,0,48,32,5
2026-04-15T18:14:22.610,-11.857,0,,0,48,32,5
2026-04-15T18:14:23.620,-11.857,0,,0,48,32,5
2026-04-15T18:14:24.720,-11.887,0,,0,48,32,5
2026-04-15T18:14:25.600,-11.886,0,,0,48,32,5
2026-04-15T18:14:26.610,-11.897,0,,0,48,32,5
2026-04-15T18:14:27.600,-11.897,0,,0,48,32,5
2026-04-15T18:14:28.600,-11.890,0,,0,48,32,5
2026-04-15T18:14:29.590,-11.885,0,,0,48,32,5
2026-04-15T18:14:30.610,-11.866,0,,0,48,32,5
2026-04-15T18:14:31.590,-11.852,0,,0,48,32,5
2026-04-15T18:14:32.620,-11.855,0,,0,48,32,5
2026-04-15T18:14:33.600,-11.865,0,,0,48,32,5
2026-04-15T18:14:34.610,-11.859,0,,0,48,32,5
2026-04-15T18:14:35.620,-11.865,0,,0,48,32,5
2026-04-15T18:14:36.580,-11.873,0,,0,48,32,5
2026-04-15T18:14:37.610,-11.875,0,,0,48,32,5
2026-04-15T18:14:38.600,-11.874,0,,0,48,32,5
2026-04-15T18:14:39.610,-11.867,0,,0,48,32,5
2026-04-15T18:14:40.610,-11.887,0,,0,48,32,5
2026-04-15T18:14:41.610,-11.886,0,Image_310.png,0,48,32,5
2026-04-15T18:14:42.930,-11.872,0,,0,48,32,5
2026-04-15T18:14:43.610,-11.884,0,,0,48,32,5
2026-04-15T18:14:44.620,-11.890,0,,0,48,32,5
2026-04-15T18:14:45.610,-11.883,0,,0,48,32,5
2026-04-15T18:14:46.610,-11.874,0,,0,48,32,5
2026-04-15T18:14:47.610,-11.887,0,,0,48,32,5
2026-04-15T18:14:48.610,-11.897,0,,0,48,32,5
2026-04-15T18:14:49.610,-11.896,0,,0,48,32,5
2026-04-15T18:14:50.610,-11.906,0,,0,48,32,5
2026-04-15T18:14:51.610,-11.894,0,,0,48,32,5
2026-04-15T18:14:52.610,-11.890,0,,0,48,32,5
2026-04-15T18:14:53.620,-11.898,0,,0,48,32,5
2026-04-15T18:14:54.610,-11.903,0,,0,48,32,5
2026-04-15T18:14:55.610,-11.891,0,,0,48,32,5
2026-04-15T18:14:56.620,-11.903,0,,0,48,32,5
2026-04-15T18:14:57.600,-11.899,0,,0,48,32,5
2026-04-15T18:14:58.610,-11.899,0,,0,48,32,5
2026-04-15T18:14:59.610,-11.906,0,,0,48,32,5
2026-04-15T18:15:00.610,-11.919,0,,0,48,32,5
2026-04-15T18:15:01.600,-11.908,0,,0,48,32,5
2026-04-15T18:15:02.600,-11.907,0,,0,48,32,5
2026-04-15T18:15:03.580,-11.905,0,,0,48,32,5
2026-04-15T18:15:04.610,-11.908,0,,0,48,32,5
2026-04-15T18:15:05.590,-11.910,0,,0,48,32,5
2026-04-15T18:15:06.620,-11.911,0,,0,48,32,5
2026-04-15T18:15:07.610,-11.917,0,,0,48,32,5
2026-04-15T18:15:08.590,-11.910,0,,0,48,32,5
2026-04-15T18:15:09.610,-11.911,0,,0,48,32,5
2026-04-15T18:15:10.630,-11.906,0,,0,48,32,5
2026-04-15T18:15:11.610,-11.904,0,,0,48,32,5
2026-04-15T18:15:12.610,-11.912,0,,0,48,32,5
2026-04-15T18:15:13.580,-11.906,0,,0,48,32,5
2026-04-15T18:15:14.620,-11.913,0,,0,48,32,5
2026-04-15T18:15:15.610,-11.909,0,,0,48,32,5
2026-04-15T18:15:16.610,-11.913,0,,0,48,32,5
2026-04-15T18:15:17.590,-11.906,0,,0,48,32,5
2026-04-15T18:15:18.600,-11.906,0,,0,48,32,5
2026-04-15T18:15:19.610,-11.898,0,,0,48,32,5
2026-04-15T18:15:20.620,-11.898,0,,0,48,32,5
2026-04-15T18:15:21.610,-11.905,0,,0,48,32,5
2026-04-15T18:15:22.610,-11.903,0,,0,48,32,5
2026-04-15T18:15:23.610,-11.902,0,,0,48,32,5
2026-04-15T18:15:24.610,-11.906,0,,0,48,32,5
2026-04-15T18:15:25.610,-11.902,0,,0,48,32,5
2026-04-15T18:15:26.760,-11.904,0,,0,48,32,5
2026-04-15T18:15:27.610,-11.894,0,,0,48,32,5
2026-04-15T18:15:28.630,-11.901,0,,0,48,32,5
2026-04-15T18:15:29.610,-11.895,0,,0,48,32,5
2026-04-15T18:15:30.610,-11.901,0,,0,48,32,5
2026-04-15T18:15:31.610,-11.905,0,,0,48,32,5
2026-04-15T18:15:32.610,-11.899,0,,0,48,32,5
2026-04-15T18:15:33.610,-11.892,0,,0,48,32,5
2026-04-15T18:15:34.600,-11.897,0,,0,48,32,5
2026-04-15T18:15:35.610,-11.894,0,,0,48,32,5
2026-04-15T18:15:36.610,-11.893,0,,0,48,32,5
2026-04-15T18:15:37.610,-11.895,0,,0,48,32,5
2026-04-15T18:15:38.610,-11.892,0,,0,48,32,5
2026-04-15T18:15:39.600,-11.898,0,,0,48,32,5
2026-04-15T18:15:40.610,-11.907,0,,0,48,32,5
2026-04-15T18:15:41.610,-11.895,0,,0,48,32,5
2026-04-15T18:15:43.050,-11.891,0,Image_311.png,0,48,32,5
2026-04-15T18:15:43.900,-11.898,0,,0,48,32,5
2026-04-15T18:15:44.610,-11.896,0,,0,48,32,5
2026-04-15T18:15:45.610,-11.891,0,,0,48,32,5
2026-04-15T18:15:46.610,-11.902,0,,0,48,32,5
2026-04-15T18:15:47.620,-11.901,0,,0,48,32,5
2026-04-15T18:15:48.600,-11.890,0,,0,48,32,5
2026-04-15T18:15:49.600,-11.896,0,,0,48,32,5
2026-04-15T18:15:50.620,-11.883,0,,0,48,32,5
2026-04-15T18:15:51.610,-11.892,0,,0,48,32,5
2026-04-15T18:15:52.790,-11.905,0,,0,48,32,5
2026-04-15T18:15:53.610,-11.886,0,,0,48,32,5
2026-04-15T18:15:54.610,-11.897,0,,0,48,32,5
2026-04-15T18:15:55.610,-11.895,0,,0,48,32,5
2026-04-15T18:15:56.860,-11.894,0,,0,48,32,5
2026-04-15T18:15:57.610,-11.866,0,,0,48,32,5
2026-04-15T18:15:58.610,-11.881,0,,0,48,32,5
2026-04-15T18:15:59.620,-11.875,0,,0,48,32,5
2026-04-15T18:16:00.610,-11.881,0,,0,48,32,5
2026-04-15T18:16:01.610,-11.895,0,,0,48,32,5
2026-04-15T18:16:02.790,-11.897,0,,0,48,32,5
2026-04-15T18:16:03.610,-11.897,0,,0,48,32,5
2026-04-15T18:16:04.790,-11.897,0,,0,48,32,5
2026-04-15T18:16:05.610,-11.893,0,,0,48,32,5
2026-04-15T18:16:06.610,-11.900,0,,0,48,32,5
2026-04-15T18:16:07.610,-11.890,0,,0,48,32,5
2026-04-15T18:16:08.770,-11.896,0,,0,48,32,5
2026-04-15T18:16:09.610,-11.888,0,,0,48,32,5
2026-04-15T18:16:10.610,-11.892,0,,0,48,32,5
2026-04-15T18:16:11.620,-11.904,0,,0,48,32,5
2026-04-15T18:16:12.990,-11.888,0,,0,48,32,5
2026-04-15T18:16:13.600,-11.903,0,,0,48,32,5
2026-04-15T18:16:14.620,-11.904,0,,0,48,32,5
2026-04-15T18:16:15.610,-11.894,0,,0,48,32,5
2026-04-15T18:16:16.610,-11.890,0,,0,48,32,5
2026-04-15T18:16:17.610,-11.874,0,,0,48,32,5
2026-04-15T18:16:18.610,-11.869,0,,0,48,32,5
2026-04-15T18:16:19.610,-11.866,0,,0,48,32,5
2026-04-15T18:16:20.620,-11.899,0,,0,48,32,5
2026-04-15T18:16:21.610,-11.897,0,,0,48,32,5
2026-04-15T18:16:22.610,-11.907,0,,0,48,32,5
2026-04-15T18:16:23.620,-11.879,0,,0,48,32,5
2026-04-15T18:16:24.610,-11.876,0,,0,48,32,5
2026-04-15T18:16:25.610,-11.892,0,,0,48,32,5
2026-04-15T18:16:26.610,-11.884,0,,0,48,32,5
2026-04-15T18:16:27.610,-11.871,0,,0,48,32,5
2026-04-15T18:16:28.610,-11.879,0,,0,48,32,5
2026-04-15T18:16:29.620,-11.887,0,,0,48,32,5
2026-04-15T18:16:30.610,-11.920,0,,0,48,32,5
2026-04-15T18:16:31.610,-11.928,0,,0,48,32,5
2026-04-15T18:16:32.620,-11.924,0,,0,48,32,5
2026-04-15T18:16:33.610,-11.912,0,,0,48,32,5
2026-04-15T18:16:34.610,-11.906,0,,0,48,32,5
2026-04-15T18:16:35.620,-11.883,0,,0,48,32,5
2026-04-15T18:16:36.610,-11.883,0,,0,48,32,5
2026-04-15T18:16:37.610,-11.897,0,,0,48,32,5
2026-04-15T18:16:38.620,-11.919,0,,0,48,32,5
2026-04-15T18:16:39.610,-11.942,0,,0,48,32,5
2026-04-15T18:16:40.610,-11.928,0,,0,48,32,5
2026-04-15T18:16:41.610,-11.923,0,,0,48,32,5
2026-04-15T18:16:42.610,-11.936,0,Image_312.png,0,48,32,5
2026-04-15T18:16:43.930,-11.917,0,,0,48,32,5
2026-04-15T18:16:44.610,-11.923,0,,0,48,32,5
2026-04-15T18:16:45.600,-11.913,0,,0,48,32,5
2026-04-15T18:16:46.600,-11.916,0,,0,48,32,5
2026-04-15T18:16:47.610,-11.889,0,,0,48,32,5
2026-04-15T18:16:48.610,-11.924,0,,0,48,32,5
2026-04-15T18:16:49.610,-11.916,0,,0,48,32,5
2026-04-15T18:16:50.620,-11.918,0,,0,48,32,5
2026-04-15T18:16:51.610,-11.939,0,,0,48,32,5
2026-04-15T18:16:52.610,-11.940,0,,0,48,32,5
2026-04-15T18:16:53.610,-11.941,0,,0,48,32,5
2026-04-15T18:16:54.610,-11.951,0,,0,48,32,5
2026-04-15T18:16:55.610,-11.944,0,,0,48,32,5
2026-04-15T18:16:56.610,-11.934,0,,0,48,32,5
2026-04-15T18:16:57.610,-11.951,0,,0,48,32,5
2026-04-15T18:16:58.610,-11.959,0,,0,48,32,5
2026-04-15T18:16:59.610,-11.940,0,,0,48,32,5
2026-04-15T18:17:00.700,-11.931,0,,0,48,32,5
2026-04-15T18:17:01.610,-11.933,0,,0,48,32,5
2026-04-15T18:17:02.620,-11.927,0,,0,48,32,5
2026-04-15T18:17:03.610,-11.941,0,,0,48,32,5
2026-04-15T18:17:04.850,-11.932,0,,0,48,32,5
2026-04-15T18:17:05.610,-11.934,0,,0,48,32,5
2026-04-15T18:17:06.610,-11.921,0,,0,48,32,5
2026-04-15T18:17:07.610,-11.898,0,,0,48,32,5
2026-04-15T18:17:08.610,-11.898,0,,0,48,32,5
2026-04-15T18:17:09.610,-11.912,0,,0,48,32,5
2026-04-15T18:17:10.660,-11.927,0,,0,48,32,5
2026-04-15T18:17:11.610,-11.952,0,,0,48,32,5
2026-04-15T18:17:12.610,-11.970,0,,0,48,32,5
2026-04-15T18:17:13.600,-11.976,0,,0,48,32,5
2026-04-15T18:17:14.620,-11.979,0,,0,48,32,5
2026-04-15T18:17:15.610,-11.965,0,,0,48,32,5
2026-04-15T18:17:16.610,-11.962,0,,0,48,32,5
2026-04-15T18:17:17.610,-11.968,0,,0,48,32,5
2026-04-15T18:17:18.870,-11.938,0,,0,48,32,5
2026-04-15T18:17:19.600,-11.959,0,,0,48,32,5
2026-04-15T18:17:20.620,-11.962,0,,0,48,32,5
2026-04-15T18:17:21.610,-11.960,0,,0,48,32,5
2026-04-15T18:17:22.610,-11.971,0,,0,48,32,5
2026-04-15T18:17:23.600,-11.975,0,,0,48,32,5
2026-04-15T18:17:24.690,-11.978,0,,0,48,32,5
2026-04-15T18:17:25.610,-11.988,0,,0,48,32,5
2026-04-15T18:17:26.640,-11.968,0,,0,48,32,5
2026-04-15T18:17:27.610,-11.953,0,,0,48,32,5
2026-04-15T18:17:28.650,-11.950,0,,0,48,32,5
2026-04-15T18:17:29.610,-11.921,0,,0,48,32,5
2026-04-15T18:17:30.610,-11.945,0,,0,48,32,5
2026-04-15T18:17:31.610,-11.973,0,,0,48,32,5
2026-04-15T18:17:32.620,-11.984,0,,0,48,32,5
2026-04-15T18:17:33.600,-12.004,0,,0,48,32,5
2026-04-15T18:17:34.610,-11.979,0,,0,48,32,5
2026-04-15T18:17:35.610,-11.980,0,,0,48,32,5
2026-04-15T18:17:36.610,-11.951,0,,0,48,32,5
2026-04-15T18:17:37.610,-11.960,0,,0,48,32,5
2026-04-15T18:17:38.610,-11.979,0,,0,48,32,5
2026-04-15T18:17:39.610,-11.982,0,,0,48,32,5
2026-04-15T18:17:40.610,-11.988,0,,0,48,32,5
2026-04-15T18:17:41.610,-11.967,0,,0,48,32,5
2026-04-15T18:17:42.610,-11.966,0,,0,48,32,5
2026-04-15T18:17:43.620,-11.984,0,Image_313.png,0,48,32,5
2026-04-15T18:17:44.920,-11.991,0,,0,48,32,5
2026-04-15T18:17:45.610,-11.990,0,,0,48,32,5
2026-04-15T18:17:46.610,-11.963,0,,0,48,32,5
2026-04-15T18:17:47.620,-11.974,0,,0,48,32,5
2026-04-15T18:17:48.610,-11.973,0,,0,48,32,5
2026-04-15T18:17:49.610,-12.005,0,,0,48,32,5
2026-04-15T18:17:50.610,-11.999,0,,0,48,32,5
2026-04-15T18:17:51.610,-12.022,0,,0,48,32,5
2026-04-15T18:17:52.610,-12.025,0,,0,48,32,5
2026-04-15T18:17:53.600,-12.020,0,,0,48,32,5
2026-04-15T18:17:54.610,-12.034,0,,0,48,32,5
2026-04-15T18:17:55.610,-12.043,0,,0,48,32,5
2026-04-15T18:17:56.610,-12.030,0,,0,48,32,5
2026-04-15T18:17:57.610,-12.029,0,,0,48,32,5
2026-04-15T18:17:58.610,-12.017,0,,0,48,32,5
2026-04-15T18:17:59.620,-12.015,0,,0,48,32,5
2026-04-15T18:18:00.610,-12.029,0,,0,48,32,5
2026-04-15T18:18:01.610,-12.031,0,,0,48,32,5
2026-04-15T18:18:02.610,-12.063,0,,0,48,32,5
2026-04-15T18:18:03.610,-12.051,0,,0,48,32,5
2026-04-15T18:18:04.610,-12.037,0,,0,48,32,5
2026-04-15T18:18:05.620,-12.030,0,,0,48,32,5
2026-04-15T18:18:06.610,-12.033,0,,0,48,32,5
2026-04-15T18:18:07.610,-12.040,0,,0,48,32,5
2026-04-15T18:18:08.610,-12.021,0,,0,48,32,5
2026-04-15T18:18:09.610,-12.037,0,,0,48,32,5
2026-04-15T18:18:10.600,-12.044,0,,0,48,32,5
2026-04-15T18:18:11.620,-12.054,0,,0,48,32,5
2026-04-15T18:18:12.610,-12.068,0,,0,48,32,5
2026-04-15T18:18:13.610,-12.053,0,,0,48,32,5
2026-04-15T18:18:14.610,-12.066,0,,0,48,32,5
2026-04-15T18:18:15.610,-12.066,0,,0,48,32,5
2026-04-15T18:18:16.610,-12.077,0,,0,48,32,5
2026-04-15T18:18:17.610,-12.103,0,,0,48,32,5
2026-04-15T18:18:18.610,-12.105,0,,0,48,32,5
2026-04-15T18:18:19.610,-12.092,0,,0,48,32,5
2026-04-15T18:18:20.610,-12.102,0,,0,48,32,5
2026-04-15T18:18:21.610,-12.095,0,,0,48,32,5
2026-04-15T18:18:22.610,-12.104,0,,0,48,32,5
2026-04-15T18:18:23.620,-12.127,0,,0,48,32,5
2026-04-15T18:18:24.610,-12.119,0,,0,48,32,5
2026-04-15T18:18:25.610,-12.127,0,,0,48,32,5
2026-04-15T18:18:26.610,-12.106,0,,0,48,32,5
2026-04-15T18:18:27.610,-12.117,0,,0,48,32,5
2026-04-15T18:18:28.610,-12.104,0,,0,48,33,5
2026-04-15T18:18:29.620,-12.094,0,,0,48,33,5
2026-04-15T18:18:30.610,-12.133,0,,0,48,33,5
2026-04-15T18:18:31.610,-12.113,0,,0,48,33,5
2026-04-15T18:18:32.620,-12.116,0,,0,48,33,5
2026-04-15T18:18:33.610,-12.104,0,,0,48,33,5
2026-04-15T18:18:34.610,-12.086,0,,0,48,33,5
2026-04-15T18:18:35.620,-12.099,0,,0,48,33,5
2026-04-15T18:18:36.600,-12.130,0,,0,48,33,5
2026-04-15T18:18:37.610,-12.135,0,,0,48,33,5
2026-04-15T18:18:38.840,-12.151,0,,0,48,33,5
2026-04-15T18:18:39.610,-12.155,0,,0,48,33,5
2026-04-15T18:18:40.610,-12.169,0,,0,48,33,5
2026-04-15T18:18:41.610,-12.189,0,,0,48,33,5
2026-04-15T18:18:42.610,-12.191,0,,0,48,33,5
2026-04-15T18:18:43.610,-12.157,0,Image_314.png,0,48,33,5
2026-04-15T18:18:44.920,-12.187,0,,0,48,33,5
2026-04-15T18:18:45.610,-12.172,0,,0,48,33,5
2026-04-15T18:18:46.610,-12.165,0,,0,48,33,5
2026-04-15T18:18:47.610,-12.186,0,,0,48,33,5
2026-04-15T18:18:48.610,-12.174,0,,0,48,33,5
2026-04-15T18:18:49.610,-12.194,0,,0,48,33,5
2026-04-15T18:18:50.620,-12.201,0,,0,48,33,5
2026-04-15T18:18:51.610,-12.195,0,,0,48,33,5
2026-04-15T18:18:52.610,-12.213,0,,0,48,33,5
2026-04-15T18:18:53.600,-12.207,0,,0,48,33,5
2026-04-15T18:18:54.610,-12.187,0,,0,48,33,5
2026-04-15T18:18:55.610,-12.186,0,,0,48,33,5
2026-04-15T18:18:56.610,-12.201,0,,0,48,33,5
2026-04-15T18:18:57.610,-12.215,0,,0,48,34,5
2026-04-15T18:18:58.610,-12.230,0,,0,48,34,5
2026-04-15T18:18:59.610,-12.219,0,,0,48,34,5
2026-04-15T18:19:00.610,-12.224,0,,0,48,34,5
2026-04-15T18:19:01.610,-12.227,0,,0,48,34,5
2026-04-15T18:19:02.680,-12.227,0,,0,48,34,5
2026-04-15T18:19:03.610,-12.230,0,,0,48,34,5
2026-04-15T18:19:04.800,-12.235,0,,0,48,34,5
2026-04-15T18:19:05.610,-12.243,0,,0,48,34,5
2026-04-15T18:19:06.610,-12.240,0,,0,48,34,5
2026-04-15T18:19:07.610,-12.248,0,,0,48,34,5
2026-04-15T18:19:08.610,-12.236,0,,0,48,34,5
2026-04-15T18:19:09.610,-12.247,0,,0,48,34,5
2026-04-15T18:19:10.630,-12.256,0,,0,48,34,5
2026-04-15T18:19:11.600,-12.261,0,,0,48,34,5
2026-04-15T18:19:12.740,-12.272,0,,0,48,34,5
2026-04-15T18:19:13.610,-12.258,0,,0,48,34,5
2026-04-15T18:19:14.610,-12.256,0,,0,48,34,5
2026-04-15T18:19:15.610,-12.251,0,,0,48,34,5
2026-04-15T18:19:16.610,-12.244,0,,0,48,34,5
2026-04-15T18:19:17.610,-12.251,0,,0,48,34,5
2026-04-15T18:19:18.610,-12.252,0,,0,48,34,5
2026-04-15T18:19:19.610,-12.259,0,,0,48,34,5
2026-04-15T18:19:20.610,-12.260,0,,0,48,34,5
2026-04-15T18:19:21.610,-12.259,0,,0,48,34,5
2026-04-15T18:19:22.610,-12.281,0,,0,48,34,5
2026-04-15T18:19:23.620,-12.259,0,,0,48,34,5
2026-04-15T18:19:24.810,-12.276,0,,0,48,34,5
2026-04-15T18:19:25.610,-12.295,0,,0,48,34,5
2026-04-15T18:19:26.600,-12.310,0,,0,48,34,5
2026-04-15T18:19:27.610,-12.308,0,,0,48,34,5
2026-04-15T18:19:28.610,-12.311,0,,0,48,34,5
2026-04-15T18:19:29.610,-12.317,0,,0,48,34,5
2026-04-15T18:19:30.610,-12.323,0,,0,48,34,5
2026-04-15T18:19:31.600,-12.343,0,,0,48,34,5
2026-04-15T18:19:32.620,-12.352,0,,0,48,34,5
2026-04-15T18:19:33.610,-12.340,0,,0,48,34,5
2026-04-15T18:19:34.610,-12.349,0,,0,48,34,5
2026-04-15T18:19:35.610,-12.335,0,,0,48,34,5
2026-04-15T18:19:37.730,-12.337,0,,0,48,34,5
2026-04-15T18:19:38.610,-12.357,0,,0,48,34,5
2026-04-15T18:19:39.610,-12.366,0,,0,48,34,5
2026-04-15T18:19:40.600,-12.355,0,,0,48,34,5
2026-04-15T18:19:41.620,-12.357,0,,0,48,34,5
2026-04-15T18:19:42.610,-12.349,0,,0,48,34,5
2026-04-15T18:19:43.610,-12.349,0,Image_315.png,0,48,34,5
2026-04-15T18:19:45.000,-12.363,0,,0,48,34,5
2026-04-15T18:19:45.610,-12.369,0,,0,48,34,5
2026-04-15T18:19:46.610,-12.385,0,,0,48,34,5
2026-04-15T18:19:47.610,-12.387,0,,0,48,34,5
2026-04-15T18:19:48.610,-12.400,0,,0,48,34,5
2026-04-15T18:19:49.610,-12.417,0,,0,48,34,5
2026-04-15T18:19:50.620,-12.417,0,,0,48,34,5
2026-04-15T18:19:51.610,-12.423,0,,0,48,34,5
2026-04-15T18:19:52.610,-12.430,0,,0,48,34,5
2026-04-15T18:19:53.620,-12.421,0,,0,48,34,5
2026-04-15T18:19:54.610,-12.436,0,,0,48,34,5
2026-04-15T18:19:55.610,-12.450,0,,0,48,34,5
2026-04-15T18:19:56.660,-12.443,0,,0,48,34,5
2026-04-15T18:19:57.610,-12.438,0,,0,48,34,5
2026-04-15T18:19:58.610,-12.459,0,,0,48,34,5
2026-04-15T18:19:59.610,-12.459,0,,0,48,34,5
2026-04-15T18:20:00.610,-12.451,0,,0,48,34,5
2026-04-15T18:20:01.600,-12.459,0,,0,48,34,5
2026-04-15T18:20:02.610,-12.466,0,,0,48,34,5
2026-04-15T18:20:03.610,-12.476,0,,0,48,35,5
2026-04-15T18:20:04.610,-12.483,0,,0,48,35,5
2026-04-15T18:20:05.620,-12.477,0,,0,48,35,5
2026-04-15T18:20:06.610,-12.479,0,,0,48,35,5
2026-04-15T18:20:07.610,-12.488,0,,0,48,35,5
2026-04-15T18:20:08.620,-12.489,0,,0,48,35,5
2026-04-15T18:20:09.610,-12.482,0,,0,48,35,5
2026-04-15T18:20:10.610,-12.499,0,,0,48,35,5
2026-04-15T18:20:11.610,-12.508,0,,0,48,35,5
2026-04-15T18:20:12.610,-12.501,0,,0,48,35,5
2026-04-15T18:20:13.610,-12.507,0,,0,48,35,5
2026-04-15T18:20:15.520,-12.504,0,,0,48,35,5
2026-04-15T18:20:15.850,-12.514,0,,0,48,35,5
2026-04-15T18:20:16.610,-12.520,0,,0,48,35,5
2026-04-15T18:20:17.610,-12.526,0,,0,48,35,5
2026-04-15T18:20:18.620,-12.518,0,,0,48,35,5
2026-04-15T18:20:19.610,-12.529,0,,0,48,35,5
2026-04-15T18:20:20.620,-12.531,0,,0,48,35,5
2026-04-15T18:20:21.610,-12.531,0,,0,48,35,5
2026-04-15T18:20:22.610,-12.529,0,,0,48,35,5
2026-04-15T18:20:23.620,-12.531,0,,0,48,36,5
2026-04-15T18:20:24.770,-12.542,0,,0,48,36,5
2026-04-15T18:20:25.610,-12.538,0,,0,48,36,5
2026-04-15T18:20:26.620,-12.540,0,,0,48,36,5
2026-04-15T18:20:27.610,-12.539,0,,0,48,36,5
2026-04-15T18:20:28.610,-12.542,0,,0,48,36,5
2026-04-15T18:20:29.610,-12.559,0,,0,48,36,5
2026-04-15T18:20:30.610,-12.560,0,,0,48,36,5
2026-04-15T18:20:31.610,-12.556,0,,0,48,36,5
2026-04-15T18:20:32.660,-12.560,0,,0,48,36,5
2026-04-15T18:20:33.610,-12.557,0,,0,48,36,5
2026-04-15T18:20:34.610,-12.562,0,,0,48,36,5
2026-04-15T18:20:35.620,-12.573,0,,0,48,36,5
2026-04-15T18:20:36.610,-12.573,0,,0,48,36,5
2026-04-15T18:20:37.610,-12.576,0,,0,48,36,5
2026-04-15T18:20:38.610,-12.588,0,,0,48,36,5
2026-04-15T18:20:39.610,-12.582,0,,0,48,36,5
2026-04-15T18:20:40.620,-12.588,0,,0,48,36,5
2026-04-15T18:20:41.620,-12.588,0,,0,48,36,5
2026-04-15T18:20:42.610,-12.595,0,,0,48,36,5
2026-04-15T18:20:43.610,-12.592,0,,0,48,36,5
2026-04-15T18:20:44.610,-12.612,0,Image_316.png,0,48,36,5
2026-04-15T18:20:45.920,-12.613,0,,0,48,36,5
2026-04-15T18:20:46.600,-12.610,0,,0,48,36,5
2026-04-15T18:20:47.610,-12.609,0,,0,48,36,5
2026-04-15T18:20:48.610,-12.614,0,,0,48,36,5
2026-04-15T18:20:49.610,-12.615,0,,0,48,36,5
2026-04-15T18:20:50.610,-12.626,0,,0,48,36,5
2026-04-15T18:20:51.610,-12.612,0,,0,48,36,5
2026-04-15T18:20:52.610,-12.640,0,,0,48,36,5
2026-04-15T18:20:53.620,-12.649,0,,0,48,36,5
2026-04-15T18:20:54.610,-12.654,0,,0,48,36,5
2026-04-15T18:20:55.610,-12.681,0,,0,48,36,5
2026-04-15T18:20:56.610,-12.664,0,,0,48,36,5
2026-04-15T18:20:57.610,-12.662,0,,0,48,36,5
2026-04-15T18:20:58.610,-12.658,0,,0,48,36,5
2026-04-15T18:20:59.620,-12.678,0,,0,48,36,5
2026-04-15T18:21:00.760,-12.657,0,,0,48,36,5
2026-04-15T18:21:01.610,-12.661,0,,0,48,36,5
2026-04-15T18:21:02.610,-12.667,0,,0,48,36,5
2026-04-15T18:21:03.610,-12.698,0,,0,48,36,5
2026-04-15T18:21:04.610,-12.694,0,,0,48,36,5
2026-04-15T18:21:05.620,-12.706,0,,0,48,36,5
2026-04-15T18:21:06.610,-12.705,0,,0,48,36,5
2026-04-15T18:21:07.610,-12.717,0,,0,48,36,5
2026-04-15T18:21:08.610,-12.729,0,,0,48,36,5
2026-04-15T18:21:09.610,-12.743,0,,0,48,36,5
2026-04-15T18:21:10.600,-12.768,0,,0,48,36,5
2026-04-15T18:21:11.610,-12.770,0,,0,48,36,5
2026-04-15T18:21:12.610,-12.759,0,,0,48,36,5
2026-04-15T18:21:13.610,-12.742,0,,0,48,36,5
2026-04-15T18:21:14.620,-12.730,0,,0,48,36,5
2026-04-15T18:21:15.610,-12.739,0,,0,48,36,5
2026-04-15T18:21:16.610,-12.749,0,,0,48,36,5
2026-04-15T18:21:17.610,-12.753,0,,0,48,36,5
2026-04-15T18:21:18.610,-12.771,0,,0,48,36,5
2026-04-15T18:21:19.610,-12.766,0,,0,48,36,5
2026-04-15T18:21:20.850,-12.754,0,,0,48,36,5
2026-04-15T18:21:21.610,-12.764,0,,0,48,36,5
2026-04-15T18:21:22.600,-12.769,0,,0,48,36,5
2026-04-15T18:21:23.610,-12.780,0,,0,48,36,5
2026-04-15T18:21:24.600,-12.803,0,,0,48,36,5
2026-04-15T18:21:25.610,-12.806,0,,0,48,36,5
2026-04-15T18:21:26.780,-12.796,0,,0,48,36,5
2026-04-15T18:21:27.610,-12.797,0,,0,48,36,5
2026-04-15T18:21:28.660,-12.806,0,,0,48,36,5
2026-04-15T18:21:29.620,-12.809,0,,0,48,36,5
2026-04-15T18:21:30.610,-12.807,0,,0,48,36,5
2026-04-15T18:21:31.620,-12.814,0,,0,48,36,5
2026-04-15T18:21:32.620,-12.794,0,,0,48,36,5
2026-04-15T18:21:33.610,-12.825,0,,0,48,36,5
2026-04-15T18:21:34.600,-12.822,0,,0,48,36,5
2026-04-15T18:21:35.620,-12.847,0,,0,48,36,5
2026-04-15T18:21:36.610,-12.867,0,,0,48,36,5
2026-04-15T18:21:37.610,-12.851,0,,0,48,36,5
2026-04-15T18:21:38.600,-12.872,0,,0,48,36,5
2026-04-15T18:21:39.610,-12.877,0,,0,48,36,5
2026-04-15T18:21:40.600,-12.854,0,,0,48,36,5
2026-04-15T18:21:41.620,-12.877,0,,0,48,36,5
2026-04-15T18:21:42.600,-12.888,0,,0,48,36,5
2026-04-15T18:21:43.610,-12.894,0,,0,48,36,5
2026-04-15T18:21:44.770,-12.891,0,Image_317.png,0,48,36,5
2026-04-15T18:21:45.920,-12.904,0,,0,48,36,5
2026-04-15T18:21:46.610,-12.908,0,,0,48,36,5
2026-04-15T18:21:47.610,-12.899,0,,0,48,36,5
2026-04-15T18:21:48.610,-12.929,0,,0,48,36,5
2026-04-15T18:21:49.610,-12.938,0,,0,48,36,5
2026-04-15T18:21:50.610,-12.942,0,,0,48,36,5
2026-04-15T18:21:51.610,-12.939,0,,0,48,36,5
2026-04-15T18:21:52.790,-12.947,0,,0,48,36,5
2026-04-15T18:21:53.620,-12.948,0,,0,48,37,5
2026-04-15T18:21:54.610,-12.940,0,,0,48,37,5
2026-04-15T18:21:55.610,-12.940,0,,0,48,37,5
2026-04-15T18:21:56.620,-12.934,0,,0,48,37,5
2026-04-15T18:21:57.600,-12.933,0,,0,48,37,5
2026-04-15T18:21:58.610,-12.968,0,,0,48,38,5
2026-04-15T18:21:59.610,-12.971,0,,0,48,38,5
2026-04-15T18:22:00.610,-12.968,0,,0,48,38,5
2026-04-15T18:22:01.610,-12.999,0,,0,48,38,5
2026-04-15T18:22:02.600,-12.978,0,,0,48,38,5
2026-04-15T18:22:03.610,-13.005,0,,0,48,38,5
2026-04-15T18:22:04.610,-12.991,0,,0,48,38,5
2026-04-15T18:22:05.620,-12.999,0,,0,48,38,5
2026-04-15T18:22:06.610,-12.999,0,,0,48,38,5
2026-04-15T18:22:07.610,-13.000,0,,0,48,38,5
2026-04-15T18:22:08.620,-13.013,0,,0,48,38,5
2026-04-15T18:22:09.610,-13.030,0,,0,48,38,5
2026-04-15T18:22:10.610,-13.020,0,,0,48,38,5
2026-04-15T18:22:11.610,-13.040,0,,0,48,38,5
2026-04-15T18:22:12.600,-13.021,0,,0,48,38,5
2026-04-15T18:22:13.610,-13.035,0,,0,48,38,5
2026-04-15T18:22:15.030,-13.043,0,,0,48,38,5
2026-04-15T18:22:15.610,-13.058,0,,0,48,38,5
2026-04-15T18:22:16.610,-13.046,0,,0,48,38,5
2026-04-15T18:22:17.620,-13.050,0,,0,48,38,5
2026-04-15T18:22:18.610,-13.078,0,,0,48,38,5
2026-04-15T18:22:19.610,-13.081,0,,0,48,38,5
2026-04-15T18:22:20.800,-13.078,0,,0,48,38,5
2026-04-15T18:22:21.610,-13.063,0,,0,48,38,5
2026-04-15T18:22:22.610,-13.081,0,,0,48,38,5
2026-04-15T18:22:23.610,-13.082,0,,0,48,38,6
2026-04-15T18:22:24.610,-13.089,0,,0,48,38,6
2026-04-15T18:22:25.610,-13.096,0,,0,48,38,6
2026-04-15T18:22:27.100,-13.100,0,,0,48,38,6
2026-04-15T18:22:27.610,-13.091,0,,0,48,38,6
2026-04-15T18:22:28.610,-13.107,0,,0,48,38,6
2026-04-15T18:22:29.620,-13.113,0,,0,48,38,6
2026-04-15T18:22:30.610,-13.108,0,,0,48,38,6
2026-04-15T18:22:31.610,-13.127,0,,0,48,38,6
2026-04-15T18:22:32.610,-13.123,0,,0,48,38,6
2026-04-15T18:22:33.610,-13.133,0,,0,48,38,6
2026-04-15T18:22:34.610,-13.136,0,,0,48,38,6
2026-04-15T18:22:35.610,-13.143,0,,0,48,38,6
2026-04-15T18:22:37.120,-13.149,0,,0,48,38,6
2026-04-15T18:22:37.600,-13.140,0,,0,48,38,6
2026-04-15T18:22:38.610,-13.161,0,,0,48,38,6
2026-04-15T18:22:39.610,-13.147,0,,0,48,38,6
2026-04-15T18:22:40.610,-13.158,0,,0,48,38,6
2026-04-15T18:22:41.580,-13.164,0,,0,48,39,6
2026-04-15T18:22:43.060,-13.180,0,,0,48,39,6
2026-04-15T18:22:43.600,-13.168,0,,0,48,39,6
2026-04-15T18:22:44.620,-13.180,0,,0,48,39,6
2026-04-15T18:22:45.610,-13.185,0,Image_318.png,0,48,39,6
2026-04-15T18:22:46.920,-13.190,0,,0,48,39,6
2026-04-15T18:22:47.610,-13.179,0,,0,48,39,6
2026-04-15T18:22:48.610,-13.194,0,,0,48,39,6
2026-04-15T18:22:49.610,-13.192,0,,0,48,39,6
2026-04-15T18:22:50.610,-13.196,0,,0,48,39,6
2026-04-15T18:22:51.610,-13.201,0,,0,48,39,6
2026-04-15T18:22:52.600,-13.231,0,,0,48,39,6
2026-04-15T18:22:53.610,-13.255,0,,0,48,39,6
2026-04-15T18:22:54.610,-13.255,0,,0,48,39,6
2026-04-15T18:22:55.600,-13.272,0,,0,48,39,6
2026-04-15T18:22:56.900,-13.263,0,,0,48,39,6
2026-04-15T18:22:57.610,-13.249,0,,0,48,39,6
2026-04-15T18:22:58.610,-13.250,0,,0,48,39,6
2026-04-15T18:22:59.620,-13.241,0,,0,48,39,6
2026-04-15T18:23:00.610,-13.251,0,,0,48,39,6
2026-04-15T18:23:01.610,-13.256,0,,0,48,39,6
2026-04-15T18:23:02.610,-13.269,0,,0,48,39,6
2026-04-15T18:23:03.610,-13.276,0,,0,48,39,6
2026-04-15T18:23:04.610,-13.285,0,,0,48,39,6
2026-04-15T18:23:05.600,-13.312,0,,0,48,39,6
2026-04-15T18:23:06.610,-13.306,0,,0,48,39,6
2026-04-15T18:23:07.610,-13.300,0,,0,48,39,6
2026-04-15T18:23:08.610,-13.317,0,,0,48,39,6
2026-04-15T18:23:09.610,-13.300,0,,0,48,39,6
2026-04-15T18:23:10.770,-13.320,0,,0,48,39,7
2026-04-15T18:23:11.620,-13.316,0,,0,48,39,7
2026-04-15T18:23:12.610,-13.329,0,,0,48,39,7
2026-04-15T18:23:13.620,-13.334,0,,0,48,39,7
2026-04-15T18:23:14.610,-13.324,0,,0,48,39,7
2026-04-15T18:23:15.610,-13.321,0,,0,48,39,7
2026-04-15T18:23:16.610,-13.325,0,,0,48,39,7
2026-04-15T18:23:17.620,-13.337,0,,0,48,39,7
2026-04-15T18:23:18.720,-13.347,0,,0,48,39,7
2026-04-15T18:23:19.610,-13.337,0,,0,48,39,7
2026-04-15T18:23:20.610,-13.348,0,,0,48,39,7
2026-04-15T18:23:21.610,-13.355,0,,0,48,39,7
2026-04-15T18:23:22.610,-13.354,0,,0,48,39,7
2026-04-15T18:23:23.610,-13.360,0,,0,48,39,7
2026-04-15T18:23:24.610,-13.359,0,,0,48,39,7
2026-04-15T18:23:25.610,-13.384,0,,0,48,39,7
2026-04-15T18:23:26.610,-13.397,0,,0,48,39,7
2026-04-15T18:23:27.610,-13.416,0,,0,48,39,7
2026-04-15T18:23:28.600,-13.425,0,,0,48,39,7
2026-04-15T18:23:29.620,-13.420,0,,0,48,39,7
2026-04-15T18:23:30.760,-13.424,0,,0,48,39,7
2026-04-15T18:23:31.610,-13.426,0,,0,48,40,7
2026-04-15T18:23:32.610,-13.444,0,,0,48,40,7
2026-04-15T18:23:33.610,-13.439,0,,0,48,40,7
2026-04-15T18:23:34.610,-13.452,0,,0,48,40,7
2026-04-15T18:23:35.620,-13.429,0,,0,48,40,7
2026-04-15T18:23:36.610,-13.435,0,,0,48,40,7
2026-04-15T18:23:37.610,-13.445,0,,0,48,40,7
2026-04-15T18:23:38.620,-13.457,0,,0,48,40,7
2026-04-15T18:23:39.610,-13.476,0,,0,48,40,7
2026-04-15T18:23:40.610,-13.493,0,,0,48,40,7
2026-04-15T18:23:41.620,-13.513,0,,0,48,40,7
2026-04-15T18:23:42.610,-13.502,0,,0,48,40,7
2026-04-15T18:23:43.610,-13.514,0,,0,48,40,7
2026-04-15T18:23:44.600,-13.515,0,,0,48,40,7
2026-04-15T18:23:45.610,-13.530,0,,0,48,40,7
2026-04-15T18:23:46.610,-13.540,0,Image_319.png,0,48,40,7
2026-04-15T18:23:47.930,-13.539,0,,0,48,40,7
2026-04-15T18:23:48.610,-13.546,0,,0,48,40,7
2026-04-15T18:23:49.610,-13.529,0,,0,48,40,7
2026-04-15T18:23:50.600,-13.537,0,,0,48,40,7
2026-04-15T18:23:51.610,-13.558,0,,0,48,40,7
2026-04-15T18:23:52.610,-13.567,0,,0,48,40,7
2026-04-15T18:23:53.620,-13.572,0,,0,48,40,7
2026-04-15T18:23:54.620,-13.601,0,,0,48,40,7
2026-04-15T18:23:55.620,-13.602,0,,0,48,40,7
2026-04-15T18:23:56.680,-13.594,0,,0,48,40,7
2026-04-15T18:23:57.610,-13.610,0,,0,48,40,7
2026-04-15T18:23:59.490,-13.618,0,,0,48,40,7
2026-04-15T18:23:59.840,-13.628,0,,0,48,40,7
2026-04-15T18:24:00.610,-13.630,0,,0,48,40,7
2026-04-15T18:24:01.610,-13.635,0,,0,48,40,7
2026-04-15T18:24:02.620,-13.638,0,,0,48,40,7
2026-04-15T18:24:03.610,-13.631,0,,0,48,40,7
2026-04-15T18:24:04.610,-13.649,0,,0,48,40,7
2026-04-15T18:24:05.620,-13.647,0,,0,48,40,7
2026-04-15T18:24:06.610,-13.645,0,,0,48,40,7
2026-04-15T18:24:07.610,-13.651,0,,0,48,40,7
2026-04-15T18:24:08.620,-13.661,0,,0,48,40,7
2026-04-15T18:24:09.610,-13.663,0,,0,48,40,7
2026-04-15T18:24:10.610,-13.661,0,,0,48,40,7
2026-04-15T18:24:11.620,-13.669,0,,0,48,40,7
2026-04-15T18:24:12.610,-13.679,0,,0,48,40,7
2026-04-15T18:24:13.610,-13.688,0,,0,48,40,7
2026-04-15T18:24:14.620,-13.687,0,,0,48,40,7
2026-04-15T18:24:15.610,-13.690,0,,0,48,40,7
2026-04-15T18:24:16.630,-13.697,0,,0,48,40,7
2026-04-15T18:24:17.620,-13.708,0,,0,48,40,7
2026-04-15T18:24:18.610,-13.710,0,,0,48,40,7
2026-04-15T18:24:19.610,-13.710,0,,0,48,40,7
2026-04-15T18:24:20.620,-13.723,0,,0,48,40,7
2026-04-15T18:24:21.610,-13.726,0,,0,48,40,7
2026-04-15T18:24:22.610,-13.734,0,,0,48,40,7
2026-04-15T18:24:23.610,-13.736,0,,0,48,40,7
2026-04-15T18:24:24.610,-13.737,0,,0,48,40,7
2026-04-15T18:24:25.610,-13.742,0,,0,48,40,7
2026-04-15T18:24:26.620,-13.756,0,,0,48,40,7
2026-04-15T18:24:27.610,-13.764,0,,0,48,40,7
2026-04-15T18:24:28.610,-13.763,0,,0,48,40,7
2026-04-15T18:24:29.620,-13.769,0,,0,48,40,7
2026-04-15T18:24:30.840,-13.783,0,,0,48,40,7
2026-04-15T18:24:31.610,-13.790,0,,0,48,40,7
2026-04-15T18:24:32.620,-13.797,0,,0,48,40,7
2026-04-15T18:24:33.610,-13.792,0,,0,48,40,7
2026-04-15T18:24:34.610,-13.802,0,,0,48,40,7
2026-04-15T18:24:35.610,-13.807,0,,0,48,40,7
2026-04-15T18:24:36.620,-13.801,0,,0,48,40,7
2026-04-15T18:24:37.610,-13.809,0,,0,48,40,7
2026-04-15T18:24:38.620,-13.821,0,,0,48,40,7
2026-04-15T18:24:39.610,-13.815,0,,0,48,40,7
2026-04-15T18:24:40.610,-13.812,0,,0,48,40,7
2026-04-15T18:24:41.620,-13.823,0,,0,48,40,7
2026-04-15T18:24:42.610,-13.853,0,,0,48,40,7
2026-04-15T18:24:43.610,-13.861,0,,0,48,40,7
2026-04-15T18:24:44.620,-13.861,0,,0,48,40,7
2026-04-15T18:24:45.620,-13.868,0,,0,48,40,7
2026-04-15T18:24:46.670,-13.862,0,Image_320.png,0,48,40,7
2026-04-15T18:24:47.930,-13.865,0,,0,48,40,7
2026-04-15T18:24:49.050,-13.864,0,,0,48,40,7
2026-04-15T18:24:49.610,-13.863,0,,0,48,40,7
2026-04-15T18:24:50.610,-13.874,0,,0,48,40,7
2026-04-15T18:24:51.610,-13.893,0,,0,48,40,7
2026-04-15T18:24:52.610,-13.904,0,,0,48,40,7
2026-04-15T18:24:53.620,-13.913,0,,0,48,40,7
2026-04-15T18:24:54.610,-13.918,0,,0,48,40,7
2026-04-15T18:24:55.610,-13.893,0,,0,48,40,7
2026-04-15T18:24:57.020,-13.912,0,,0,48,40,7
2026-04-15T18:24:57.610,-13.916,0,,0,48,40,7
2026-04-15T18:24:58.620,-13.929,0,,0,48,40,7
2026-04-15T18:24:59.620,-13.924,0,,0,48,40,7
2026-04-15T18:25:00.610,-13.948,0,,0,48,40,7
2026-04-15T18:25:01.610,-13.956,0,,0,48,40,7
2026-04-15T18:25:02.610,-13.970,0,,0,48,40,7
2026-04-15T18:25:03.610,-13.967,0,,0,48,40,7
2026-04-15T18:25:05.070,-13.959,0,,0,48,40,7
2026-04-15T18:25:05.610,-13.961,0,,0,48,40,7
2026-04-15T18:25:06.610,-13.970,0,,0,48,40,7
2026-04-15T18:25:07.610,-13.987,0,,0,48,40,7
2026-04-15T18:25:08.600,-14.003,0,,0,48,40,7
2026-04-15T18:25:09.610,-14.008,0,,0,48,40,7
2026-04-15T18:25:10.600,-14.010,0,,0,48,40,7
2026-04-15T18:25:11.610,-14.007,0,,0,48,40,7
2026-04-15T18:25:12.610,-14.010,0,,0,48,40,7
2026-04-15T18:25:13.610,-14.001,0,,0,48,40,7
2026-04-15T18:25:14.610,-14.022,0,,0,48,40,7
2026-04-15T18:25:15.610,-14.019,0,,0,48,40,7
2026-04-15T18:25:16.610,-14.017,0,,0,48,40,7
2026-04-15T18:25:17.620,-14.039,0,,0,48,40,7
2026-04-15T18:25:18.610,-14.043,0,,0,48,40,7
2026-04-15T18:25:19.620,-14.051,0,,0,48,40,7
2026-04-15T18:25:20.610,-14.059,0,,0,48,40,7
2026-04-15T18:25:21.610,-14.084,0,,0,48,40,7
2026-04-15T18:25:22.600,-14.105,0,,0,48,40,7
2026-04-15T18:25:23.620,-14.097,0,,0,48,40,7
2026-04-15T18:25:24.610,-14.098,0,,0,48,40,7
2026-04-15T18:25:25.610,-14.085,0,,0,48,40,7
2026-04-15T18:25:26.610,-14.080,0,,0,48,40,8
2026-04-15T18:25:27.610,-14.093,0,,0,48,40,8
2026-04-15T18:25:28.600,-14.101,0,,0,48,40,8
2026-04-15T18:25:29.620,-14.128,0,,0,48,40,8
2026-04-15T18:25:30.610,-14.147,0,,0,48,40,8
2026-04-15T18:25:31.610,-14.171,0,,0,48,40,8
2026-04-15T18:25:32.610,-14.166,0,,0,48,40,8
2026-04-15T18:25:33.610,-14.169,0,,0,48,40,8
2026-04-15T18:25:34.610,-14.179,0,,0,48,40,8
2026-04-15T18:25:35.620,-14.183,0,,0,48,40,8
2026-04-15T18:25:36.610,-14.177,0,,0,48,40,8
2026-04-15T18:25:37.610,-14.180,0,,0,48,40,8
2026-04-15T18:25:38.600,-14.193,0,,0,48,40,8
2026-04-15T18:25:39.610,-14.191,0,,0,48,40,8
2026-04-15T18:25:40.610,-14.204,0,,0,48,40,8
2026-04-15T18:25:41.620,-14.195,0,,0,48,40,8
2026-04-15T18:25:42.610,-14.204,0,,0,48,40,8
2026-04-15T18:25:43.610,-14.205,0,,0,48,40,8
2026-04-15T18:25:44.660,-14.208,0,,0,48,40,8
2026-04-15T18:25:45.610,-14.214,0,,0,48,40,8
2026-04-15T18:25:46.600,-14.229,0,,0,48,40,8
2026-04-15T18:25:47.620,-14.216,0,Image_321.png,0,48,40,8
2026-04-15T18:25:48.930,-14.224,0,,0,48,40,8
2026-04-15T18:25:49.610,-14.224,0,,0,48,40,8
2026-04-15T18:25:50.620,-14.224,0,,0,48,40,8
2026-04-15T18:25:51.610,-14.247,0,,0,48,40,8
2026-04-15T18:25:52.610,-14.240,0,,0,48,40,8
2026-04-15T18:25:53.610,-14.251,0,,0,48,40,8
2026-04-15T18:25:54.610,-14.243,0,,0,48,40,8
2026-04-15T18:25:55.610,-14.261,0,,0,48,40,8
2026-04-15T18:25:56.620,-14.256,0,,0,48,40,8
2026-04-15T18:25:57.610,-14.258,0,,0,48,40,8
2026-04-15T18:25:58.600,-14.240,0,,0,48,40,8
2026-04-15T18:25:59.610,-14.244,0,,0,48,40,8
2026-04-15T18:26:00.700,-14.259,0,,0,48,40,8
2026-04-15T18:26:01.610,-14.252,0,,0,48,40,8
2026-04-15T18:26:02.620,-14.278,0,,0,48,40,8
2026-04-15T18:26:03.610,-14.286,0,,0,48,40,8
2026-04-15T18:26:04.610,-14.284,0,,0,48,40,8
2026-04-15T18:26:05.610,-14.280,0,,0,48,40,8
2026-04-15T18:26:06.600,-14.296,0,,0,48,40,8
2026-04-15T18:26:07.610,-14.299,0,,0,48,40,8
2026-04-15T18:26:08.960,-14.314,0,,0,48,40,8
2026-04-15T18:26:09.610,-14.316,0,,0,48,40,8
2026-04-15T18:26:10.900,-14.312,0,,0,48,40,8
2026-04-15T18:26:11.600,-14.323,0,,0,48,40,8
2026-04-15T18:26:12.610,-14.326,0,,0,48,40,8
2026-04-15T18:26:13.610,-14.320,0,,0,48,40,8
2026-04-15T18:26:14.620,-14.338,0,,0,48,40,8
2026-04-15T18:26:15.610,-14.334,0,,0,48,40,8
2026-04-15T18:26:16.620,-14.348,0,,0,48,40,8
2026-04-15T18:26:17.620,-14.344,0,,0,48,40,8
2026-04-15T18:26:19.080,-14.348,0,,0,48,40,8
2026-04-15T18:26:19.620,-14.353,0,,0,48,40,8
2026-04-15T18:26:20.620,-14.357,0,,0,48,40,8
2026-04-15T18:26:21.610,-14.362,0,,0,48,40,8
2026-04-15T18:26:22.610,-14.367,0,,0,48,40,8
2026-04-15T18:26:23.610,-14.368,0,,0,48,40,8
2026-04-15T18:26:24.610,-14.390,0,,0,48,40,8
2026-04-15T18:26:25.600,-14.404,0,,0,48,40,8
2026-04-15T18:26:26.620,-14.407,0,,0,48,40,8
2026-04-15T18:26:27.610,-14.409,0,,0,48,40,8
2026-04-15T18:26:28.830,-14.395,0,,0,48,40,8
2026-04-15T18:26:29.610,-14.391,0,,0,48,40,8
2026-04-15T18:26:30.610,-14.409,0,,0,48,40,8
2026-04-15T18:26:31.610,-14.424,0,,0,48,40,8
2026-04-15T18:26:32.620,-14.420,0,,0,48,40,8
2026-04-15T18:26:33.610,-14.409,0,,0,48,40,8
2026-04-15T18:26:34.610,-14.446,0,,0,48,41,8
2026-04-15T18:26:35.610,-14.441,0,,0,48,41,8
2026-04-15T18:26:36.610,-14.458,0,,0,48,41,8
2026-04-15T18:26:37.610,-14.471,0,,0,48,41,8
2026-04-15T18:26:38.780,-14.463,0,,0,48,41,8
2026-04-15T18:26:39.610,-14.461,0,,0,48,41,8
2026-04-15T18:26:40.610,-14.466,0,,0,48,41,8
2026-04-15T18:26:41.620,-14.467,0,,0,48,41,8
2026-04-15T18:26:42.610,-14.470,0,,0,48,41,8
2026-04-15T18:26:43.610,-14.490,0,,0,48,41,8
2026-04-15T18:26:44.620,-14.487,0,,0,48,41,8
2026-04-15T18:26:45.610,-14.480,0,,0,48,41,8
2026-04-15T18:26:46.610,-14.488,0,,0,48,41,8
2026-04-15T18:26:47.620,-14.496,0,,0,48,41,8
2026-04-15T18:26:48.740,-14.509,0,Image_322.png,0,48,41,8
2026-04-15T18:26:49.930,-14.510,0,,0,48,41,8
2026-04-15T18:26:50.780,-14.527,0,,0,48,41,8
2026-04-15T18:26:51.610,-14.531,0,,0,48,41,8
2026-04-15T18:26:52.600,-14.545,0,,0,48,41,8
2026-04-15T18:26:53.620,-14.539,0,,0,48,41,8
2026-04-15T18:26:54.610,-14.521,0,,0,48,41,8
2026-04-15T18:26:55.610,-14.529,0,,0,48,41,8
2026-04-15T18:26:56.610,-14.532,0,,0,48,41,8
2026-04-15T18:26:57.610,-14.545,0,,0,48,41,8
2026-04-15T18:26:58.640,-14.590,0,,0,48,41,8
2026-04-15T18:26:59.610,-14.609,0,,0,48,41,8
2026-04-15T18:27:00.610,-14.634,0,,0,48,41,8
2026-04-15T18:27:01.610,-14.628,0,,0,48,41,8
2026-04-15T18:27:02.620,-14.634,0,,0,48,41,8
2026-04-15T18:27:03.610,-14.631,0,,0,48,41,8
2026-04-15T18:27:04.610,-14.638,0,,0,48,41,8
2026-04-15T18:27:05.610,-14.630,0,,0,48,41,8
2026-04-15T18:27:06.610,-14.636,0,,0,48,41,8
2026-04-15T18:27:07.610,-14.651,0,,0,48,41,8
2026-04-15T18:27:08.730,-14.646,0,,0,48,41,8
2026-04-15T18:27:09.610,-14.659,0,,0,48,41,8
2026-04-15T18:27:10.600,-14.680,0,,0,48,41,8
2026-04-15T18:27:11.620,-14.661,0,,0,48,41,8
2026-04-15T18:27:12.610,-14.664,0,,0,48,41,8
2026-04-15T18:27:13.610,-14.668,0,,0,48,41,8
2026-04-15T18:27:14.610,-14.680,0,,0,48,41,8
2026-04-15T18:27:15.610,-14.679,0,,0,48,41,8
2026-04-15T18:27:16.600,-14.694,0,,0,48,41,8
2026-04-15T18:27:17.620,-14.691,0,,0,48,41,8
2026-04-15T18:27:18.610,-14.702,0,,0,48,41,8
2026-04-15T18:27:19.610,-14.683,0,,0,48,41,8
2026-04-15T18:27:20.600,-14.707,0,,0,48,41,8
2026-04-15T18:27:21.610,-14.698,0,,0,48,41,8
2026-04-15T18:27:22.950,-14.718,0,,0,48,41,8
2026-04-15T18:27:23.620,-14.728,0,,0,48,41,8
2026-04-15T18:27:24.610,-14.706,0,,0,48,42,8
2026-04-15T18:27:25.610,-14.734,0,,0,48,42,8
2026-04-15T18:27:26.610,-14.735,0,,0,48,42,8
2026-04-15T18:27:27.610,-14.740,0,,0,48,42,8
2026-04-15T18:27:28.610,-14.763,0,,0,48,42,8
2026-04-15T18:27:29.620,-14.776,0,,0,48,42,8
2026-04-15T18:27:30.610,-14.780,0,,0,48,42,8
2026-04-15T18:27:31.610,-14.788,0,,0,48,42,8
2026-04-15T18:27:32.610,-14.783,0,,0,48,42,8
2026-04-15T18:27:33.610,-14.802,0,,0,48,42,8
2026-04-15T18:27:34.610,-14.805,0,,0,48,42,8
2026-04-15T18:27:35.610,-14.804,0,,0,48,42,8
2026-04-15T18:27:36.870,-14.818,0,,0,48,42,8
2026-04-15T18:27:37.610,-14.825,0,,0,48,42,8
2026-04-15T18:27:38.610,-14.833,0,,0,48,42,8
2026-04-15T18:27:39.610,-14.850,0,,0,48,42,8
2026-04-15T18:27:40.850,-14.851,0,,0,48,42,8
2026-04-15T18:27:41.620,-14.856,0,,0,48,42,8
2026-04-15T18:27:42.830,-14.863,0,,0,48,42,8
2026-04-15T18:27:43.610,-14.864,0,,0,48,42,8
2026-04-15T18:27:44.600,-14.876,0,,0,48,42,8
2026-04-15T18:27:45.610,-14.883,0,,0,48,42,8
2026-04-15T18:27:46.600,-14.863,0,,0,48,42,8
2026-04-15T18:27:47.620,-14.865,0,,0,48,42,8
2026-04-15T18:27:49.000,-14.891,0,,0,48,42,8
2026-04-15T18:27:49.610,-14.893,0,Image_323.png,0,48,42,8
2026-04-15T18:27:51.050,-14.920,0,,0,48,42,8
2026-04-15T18:27:51.600,-14.927,0,,0,48,42,8
2026-04-15T18:27:52.610,-14.916,0,,0,48,42,8
2026-04-15T18:27:53.620,-14.923,0,,0,48,42,8
2026-04-15T18:27:54.610,-14.947,0,,0,48,42,8
2026-04-15T18:27:55.610,-14.953,0,,0,48,42,8
2026-04-15T18:27:56.620,-14.955,0,,0,48,42,8
2026-04-15T18:27:57.610,-14.965,0,,0,48,42,8
2026-04-15T18:27:58.610,-14.963,0,,0,48,42,8
2026-04-15T18:27:59.620,-14.970,0,,0,48,42,8
2026-04-15T18:28:00.610,-14.971,0,,0,48,42,8
2026-04-15T18:28:01.610,-14.986,0,,0,48,42,8
2026-04-15T18:28:02.620,-14.990,0,,0,48,42,8
2026-04-15T18:28:03.610,-14.995,0,,0,48,42,8
2026-04-15T18:28:04.610,-14.993,0,,0,48,42,8
2026-04-15T18:28:05.620,-15.005,0,,0,48,42,8
2026-04-15T18:28:06.610,-15.006,0,,0,48,42,8
2026-04-15T18:28:07.610,-15.013,0,,0,48,42,8
2026-04-15T18:28:08.610,-15.024,0,,0,48,42,8
2026-04-15T18:28:09.610,-15.002,0,,0,48,42,8
2026-04-15T18:28:10.610,-15.014,0,,0,48,42,8
2026-04-15T18:28:11.610,-15.001,0,,0,48,42,8
2026-04-15T18:28:12.610,-15.003,0,,0,48,42,8
2026-04-15T18:28:13.610,-15.028,0,,0,48,42,8
2026-04-15T18:28:14.620,-15.032,0,,0,48,42,8
2026-04-15T18:28:15.610,-15.051,0,,0,48,42,8
2026-04-15T18:28:16.610,-15.056,0,,0,48,42,8
2026-04-15T18:28:17.610,-15.057,0,,0,48,42,8
2026-04-15T18:28:18.610,-15.080,0,,0,48,42,8
2026-04-15T18:28:19.610,-15.058,0,,0,48,42,8
2026-04-15T18:28:20.620,-15.064,0,,0,48,42,8
2026-04-15T18:28:21.610,-15.061,0,,0,48,43,8
2026-04-15T18:28:22.610,-15.072,0,,0,48,44,8
2026-04-15T18:28:23.620,-15.091,0,,0,48,44,8
2026-04-15T18:28:24.610,-15.100,0,,0,48,44,8
2026-04-15T18:28:25.610,-15.106,0,,0,48,44,8
2026-04-15T18:28:26.620,-15.099,0,,0,48,44,8
2026-04-15T18:28:27.610,-15.115,0,,0,48,44,8
2026-04-15T18:28:28.610,-15.123,0,,0,48,44,8
2026-04-15T18:28:29.620,-15.127,0,,0,48,44,8
2026-04-15T18:28:30.610,-15.121,0,,0,48,44,8
2026-04-15T18:28:31.610,-15.139,0,,0,48,44,8
2026-04-15T18:28:32.620,-15.133,0,,0,48,44,8
2026-04-15T18:28:33.610,-15.139,0,,0,48,44,8
2026-04-15T18:28:34.590,-15.154,0,,0,48,44,8
2026-04-15T18:28:35.620,-15.163,0,,0,48,44,8
2026-04-15T18:28:36.610,-15.162,0,,0,48,44,8
2026-04-15T18:28:37.610,-15.163,0,,0,48,44,8
2026-04-15T18:28:38.620,-15.171,0,,0,48,44,8
2026-04-15T18:28:39.610,-15.165,0,,0,48,44,8
2026-04-15T18:28:40.610,-15.166,0,,0,48,44,8
2026-04-15T18:28:41.620,-15.188,0,,0,48,44,8
2026-04-15T18:28:42.600,-15.192,0,,0,48,44,8
2026-04-15T18:28:43.610,-15.198,0,,0,48,44,8
2026-04-15T18:28:45.110,-15.203,0,,0,48,44,8
2026-04-15T18:28:45.610,-15.201,0,,0,48,44,8
2026-04-15T18:28:46.610,-15.207,0,,0,48,44,8
2026-04-15T18:28:47.610,-15.215,0,,0,48,44,8
2026-04-15T18:28:48.600,-15.209,0,,0,48,44,8
2026-04-15T18:28:49.610,-15.216,0,Image_324.png,0,48,44,8
2026-04-15T18:28:50.920,-15.231,0,,0,48,44,8
2026-04-15T18:28:51.610,-15.229,0,,0,48,44,8
2026-04-15T18:28:52.610,-15.239,0,,0,48,44,8
2026-04-15T18:28:53.620,-15.253,0,,0,48,44,8
2026-04-15T18:28:54.610,-15.257,0,,0,48,44,8
2026-04-15T18:28:55.610,-15.259,0,,0,48,44,8
2026-04-15T18:28:56.610,-15.266,0,,0,48,44,8
2026-04-15T18:28:57.610,-15.268,0,,0,48,44,8
2026-04-15T18:28:58.600,-15.266,0,,0,48,44,8
2026-04-15T18:28:59.610,-15.281,0,,0,48,44,8
2026-04-15T18:29:00.610,-15.284,0,,0,48,44,8
2026-04-15T18:29:01.610,-15.289,0,,0,48,44,8
2026-04-15T18:29:02.610,-15.286,0,,0,48,44,8
2026-04-15T18:29:03.610,-15.296,0,,0,48,44,8
2026-04-15T18:29:04.620,-15.305,0,,0,48,44,8
2026-04-15T18:29:05.620,-15.290,0,,0,48,44,8
2026-04-15T18:29:06.610,-15.304,0,,0,48,44,8
2026-04-15T18:29:07.610,-15.300,0,,0,48,44,8
2026-04-15T18:29:08.610,-15.310,0,,0,48,44,8
2026-04-15T18:29:09.610,-15.343,0,,0,48,44,8
2026-04-15T18:29:10.610,-15.340,0,,0,48,44,8
2026-04-15T18:29:11.620,-15.346,0,,0,48,44,8
2026-04-15T18:29:12.690,-15.349,0,,0,48,44,8
2026-04-15T18:29:13.610,-15.355,0,,0,48,44,8
2026-04-15T18:29:14.700,-15.358,0,,0,48,44,8
2026-04-15T18:29:15.610,-15.358,0,,0,48,44,8
2026-04-15T18:29:16.600,-15.367,0,,0,48,44,8
2026-04-15T18:29:17.620,-15.369,0,,0,48,44,8
2026-04-15T18:29:18.610,-15.368,0,,0,48,44,8
2026-04-15T18:29:19.610,-15.386,0,,0,48,44,8
2026-04-15T18:29:20.610,-15.389,0,,0,48,44,8
2026-04-15T18:29:21.610,-15.405,0,,0,48,44,8
2026-04-15T18:29:22.610,-15.397,0,,0,48,44,8
2026-04-15T18:29:23.610,-15.407,0,,0,48,44,8
2026-04-15T18:29:24.610,-15.428,0,,0,48,44,8
2026-04-15T18:29:25.610,-15.425,0,,0,48,44,8
2026-04-15T18:29:26.610,-15.423,0,,0,48,44,8
2026-04-15T18:29:27.610,-15.436,0,,0,48,44,8
2026-04-15T18:29:28.670,-15.440,0,,0,48,44,8
2026-04-15T18:29:29.620,-15.443,0,,0,48,44,8
2026-04-15T18:29:30.610,-15.447,0,,0,48,44,8
2026-04-15T18:29:31.610,-15.458,0,,0,48,44,8
2026-04-15T18:29:32.610,-15.459,0,,0,48,44,8
2026-04-15T18:29:33.610,-15.467,0,,0,48,44,8
2026-04-15T18:29:34.600,-15.465,0,,0,48,44,8
2026-04-15T18:29:35.620,-15.475,0,,0,48,44,8
2026-04-15T18:29:36.610,-15.476,0,,0,48,44,8
2026-04-15T18:29:37.610,-15.493,0,,0,48,44,8
2026-04-15T18:29:38.790,-15.490,0,,0,48,44,8
2026-04-15T18:29:39.610,-15.500,0,,0,48,44,8
2026-04-15T18:29:40.600,-15.497,0,,0,48,44,8
2026-04-15T18:29:41.610,-15.503,0,,0,48,44,8
2026-04-15T18:29:42.800,-15.518,0,,0,48,44,8
2026-04-15T18:29:43.610,-15.517,0,,0,48,44,8
2026-04-15T18:29:44.610,-15.524,0,,0,48,44,8
2026-04-15T18:29:45.610,-15.534,0,,0,48,44,8
2026-04-15T18:29:46.620,-15.533,0,,0,48,44,9
2026-04-15T18:29:47.610,-15.558,0,,0,48,44,9
2026-04-15T18:29:48.610,-15.562,0,,0,48,44,9
2026-04-15T18:29:49.610,-15.558,0,,0,48,44,9
2026-04-15T18:29:50.610,-15.563,0,Image_325.png,0,48,44,9
2026-04-15T18:29:51.930,-15.550,0,,0,48,44,9
2026-04-15T18:29:52.610,-15.570,0,,0,48,44,9
2026-04-15T18:29:53.620,-15.574,0,,0,48,44,9
2026-04-15T18:29:54.580,-15.570,0,,0,48,44,9
2026-04-15T18:29:55.600,-15.571,0,,0,48,44,9
2026-04-15T18:29:56.620,-15.576,0,,0,48,44,9
2026-04-15T18:29:57.610,-15.591,0,,0,48,44,9
2026-04-15T18:29:58.610,-15.601,0,,0,48,44,9
2026-04-15T18:29:59.600,-15.602,0,,0,48,44,9
2026-04-15T18:30:00.610,-15.604,0,,0,48,44,9
2026-04-15T18:30:01.620,-15.599,0,,0,48,44,9
2026-04-15T18:30:02.620,-15.607,0,,0,48,44,9
2026-04-15T18:30:03.610,-15.620,0,,0,48,44,9
2026-04-15T18:30:04.600,-15.629,0,,0,48,44,9
2026-04-15T18:30:05.620,-15.628,0,,0,48,44,9
2026-04-15T18:30:06.610,-15.627,0,,0,48,44,9
2026-04-15T18:30:07.610,-15.644,0,,0,48,44,9
2026-04-15T18:30:08.630,-15.649,0,,0,48,44,9
2026-04-15T18:30:09.600,-15.655,0,,0,48,44,9
2026-04-15T18:30:10.610,-15.658,0,,0,48,44,9
2026-04-15T18:30:11.610,-15.660,0,,0,48,44,9
2026-04-15T18:30:12.610,-15.654,0,,0,48,44,9
2026-04-15T18:30:13.610,-15.692,0,,0,48,44,9
2026-04-15T18:30:14.860,-15.712,0,,0,48,44,9
2026-04-15T18:30:15.610,-15.722,0,,0,48,44,9
2026-04-15T18:30:16.610,-15.711,0,,0,48,44,9
2026-04-15T18:30:17.610,-15.703,0,,0,48,44,9
2026-04-15T18:30:18.610,-15.694,0,,0,48,44,9
2026-04-15T18:30:19.620,-15.700,0,,0,48,44,9
2026-04-15T18:30:20.620,-15.716,0,,0,48,44,9
2026-04-15T18:30:21.610,-15.715,0,,0,48,44,9
2026-04-15T18:30:22.610,-15.707,0,,0,48,44,9
2026-04-15T18:30:23.620,-15.715,0,,0,48,44,9
2026-04-15T18:30:24.620,-15.728,0,,0,48,44,9
2026-04-15T18:30:25.610,-15.731,0,,0,48,44,9
2026-04-15T18:30:26.760,-15.747,0,,0,48,44,9
2026-04-15T18:30:27.610,-15.773,0,,0,48,44,9
2026-04-15T18:30:28.610,-15.767,0,,0,48,44,9
2026-04-15T18:30:29.610,-15.796,0,,0,48,44,9
2026-04-15T18:30:30.610,-15.804,0,,0,48,44,9
2026-04-15T18:30:31.610,-15.799,0,,0,48,44,9
2026-04-15T18:30:32.610,-15.795,0,,0,48,44,9
2026-04-15T18:30:33.610,-15.795,0,,0,48,44,9
2026-04-15T18:30:34.740,-15.807,0,,0,48,44,9
2026-04-15T18:30:35.610,-15.813,0,,0,48,44,9
2026-04-15T18:30:36.610,-15.817,0,,0,48,44,9
2026-04-15T18:30:37.610,-15.820,0,,0,48,44,9
2026-04-15T18:30:38.630,-15.833,0,,0,48,44,9
2026-04-15T18:30:39.610,-15.838,0,,0,48,44,9
2026-04-15T18:30:40.780,-15.839,0,,0,48,44,9
2026-04-15T18:30:41.620,-15.845,0,,0,48,44,9
2026-04-15T18:30:42.610,-15.851,0,,0,48,44,9
2026-04-15T18:30:43.610,-15.873,0,,0,48,44,9
2026-04-15T18:30:44.620,-15.874,0,,0,48,44,9
2026-04-15T18:30:45.610,-15.884,0,,0,48,44,9
2026-04-15T18:30:46.610,-15.887,0,,0,48,44,9
2026-04-15T18:30:47.610,-15.893,0,,0,48,44,9
2026-04-15T18:30:48.610,-15.896,0,,0,48,44,9
2026-04-15T18:30:49.610,-15.906,0,,0,48,44,9
2026-04-15T18:30:50.620,-15.901,0,,0,48,44,9
2026-04-15T18:30:51.610,-15.917,0,Image_326.png,0,48,44,9
2026-04-15T18:30:53.290,-15.941,0,,0,48,44,9
2026-04-15T18:30:53.620,-15.942,0,,0,48,44,9
2026-04-15T18:30:54.610,-15.939,0,,0,48,44,9
2026-04-15T18:30:55.610,-15.952,0,,0,48,44,9
2026-04-15T18:30:56.610,-15.947,0,,0,48,44,9
2026-04-15T18:30:57.610,-15.956,0,,0,48,44,9
2026-04-15T18:30:58.600,-15.946,0,,0,48,44,9
2026-04-15T18:30:59.610,-15.962,0,,0,48,44,9
2026-04-15T18:31:00.610,-15.966,0,,0,48,44,9
2026-04-15T18:31:01.610,-15.969,0,,0,48,44,9
2026-04-15T18:31:02.610,-15.987,0,,0,48,44,9
2026-04-15T18:31:03.610,-15.988,0,,0,48,44,9
2026-04-15T18:31:04.600,-15.984,0,,0,48,44,9
2026-04-15T18:31:05.610,-16.003,0,,0,48,44,9
2026-04-15T18:31:06.610,-16.011,0,,0,48,44,9
2026-04-15T18:31:07.610,-15.997,0,,0,48,44,9
2026-04-15T18:31:08.750,-16.017,0,,0,48,44,9
2026-04-15T18:31:09.610,-16.022,0,,0,48,44,9
2026-04-15T18:31:10.600,-16.030,0,,0,48,44,9
2026-04-15T18:31:11.610,-16.038,0,,0,48,44,9
2026-04-15T18:31:12.610,-16.039,0,,0,48,44,9
2026-04-15T18:31:13.610,-16.040,0,,0,48,44,9
2026-04-15T18:31:14.620,-16.051,0,,0,48,44,9
2026-04-15T18:31:15.610,-16.068,0,,0,48,44,9
2026-04-15T18:31:16.740,-16.071,0,,0,48,44,9
2026-04-15T18:31:17.600,-16.062,0,,0,48,44,9
2026-04-15T18:31:18.610,-16.073,0,,0,48,44,9
2026-04-15T18:31:19.610,-16.083,0,,0,48,44,9
2026-04-15T18:31:20.720,-16.092,0,,0,48,44,9
2026-04-15T18:31:21.610,-16.090,0,,0,48,44,9
2026-04-15T18:31:22.610,-16.091,0,,0,48,44,9
2026-04-15T18:31:23.620,-16.105,0,,0,48,44,9
2026-04-15T18:31:24.610,-16.105,0,,0,48,44,9
2026-04-15T18:31:25.610,-16.113,0,,0,48,44,9
2026-04-15T18:31:26.750,-16.119,0,,0,48,44,9
2026-04-15T18:31:27.610,-16.132,0,,0,48,44,9
2026-04-15T18:31:28.610,-16.127,0,,0,48,44,9
2026-04-15T18:31:29.620,-16.149,0,,0,48,44,9
2026-04-15T18:31:30.610,-16.156,0,,0,48,44,9
2026-04-15T18:31:31.610,-16.175,0,,0,48,44,9
2026-04-15T18:31:32.600,-16.177,0,,0,48,44,9
2026-04-15T18:31:33.610,-16.196,0,,0,48,44,9
2026-04-15T18:31:34.600,-16.170,0,,0,48,44,9
2026-04-15T18:31:35.610,-16.179,0,,0,48,44,9
2026-04-15T18:31:36.610,-16.193,0,,0,48,44,9
2026-04-15T18:31:37.610,-16.200,0,,0,48,44,9
2026-04-15T18:31:38.670,-16.201,0,,0,48,44,9
2026-04-15T18:31:39.610,-16.201,0,,0,48,44,9
2026-04-15T18:31:40.610,-16.227,0,,0,48,44,9
2026-04-15T18:31:41.610,-16.213,0,,0,48,44,9
2026-04-15T18:31:42.610,-16.232,0,,0,48,44,9
2026-04-15T18:31:43.610,-16.240,0,,0,48,44,9
2026-04-15T18:31:44.610,-16.248,0,,0,48,44,9
2026-04-15T18:31:45.610,-16.254,0,,0,48,44,9
2026-04-15T18:31:47.150,-16.263,0,,0,48,44,9
2026-04-15T18:31:47.610,-16.270,0,,0,48,44,9
2026-04-15T18:31:48.610,-16.282,0,,0,48,44,9
2026-04-15T18:31:49.610,-16.284,0,,0,48,44,9
2026-04-15T18:31:50.600,-16.286,0,,0,48,44,9
2026-04-15T18:31:51.610,-16.288,0,,0,48,44,9
2026-04-15T18:31:52.600,-16.303,0,Image_327.png,0,48,44,9
2026-04-15T18:31:53.930,-16.312,0,,0,48,44,9
2026-04-15T18:31:54.610,-16.312,0,,0,48,44,9
2026-04-15T18:31:55.610,-16.334,0,,0,48,44,9
2026-04-15T18:31:56.620,-16.319,0,,0,48,44,9
2026-04-15T18:31:57.610,-16.338,0,,0,48,44,9
2026-04-15T18:31:58.610,-16.348,0,,0,48,44,9
2026-04-15T18:31:59.620,-16.357,0,,0,48,44,9
2026-04-15T18:32:00.610,-16.352,0,,0,48,44,9
2026-04-15T18:32:01.610,-16.374,0,,0,48,44,9
2026-04-15T18:32:02.620,-16.367,0,,0,48,44,9
2026-04-15T18:32:03.610,-16.364,0,,0,48,44,9
2026-04-15T18:32:04.610,-16.365,0,,0,48,44,9
2026-04-15T18:32:05.620,-16.375,0,,0,48,44,9
2026-04-15T18:32:06.930,-16.393,0,,0,48,44,9
2026-04-15T18:32:07.610,-16.390,0,,0,48,45,9
2026-04-15T18:32:08.620,-16.399,0,,0,48,45,9
2026-04-15T18:32:09.610,-16.418,0,,0,48,45,9
2026-04-15T18:32:10.610,-16.403,0,,0,48,45,9
2026-04-15T18:32:11.620,-16.428,0,,0,48,45,9
2026-04-15T18:32:12.620,-16.434,0,,0,48,45,9
2026-04-15T18:32:13.610,-16.424,0,,0,48,45,9
2026-04-15T18:32:14.740,-16.452,0,,0,48,45,9
2026-04-15T18:32:15.610,-16.437,0,,0,48,45,9
2026-04-15T18:32:16.890,-16.453,0,,0,48,45,9
2026-04-15T18:32:17.620,-16.448,0,,0,48,45,9
2026-04-15T18:32:18.610,-16.455,0,,0,48,45,9
2026-04-15T18:32:19.610,-16.481,0,,0,48,45,9
2026-04-15T18:32:20.770,-16.476,0,,0,48,45,9
2026-04-15T18:32:21.610,-16.479,0,,0,48,45,9
2026-04-15T18:32:22.610,-16.487,0,,0,48,45,9
2026-04-15T18:32:23.610,-16.509,0,,0,48,45,9
2026-04-15T18:32:24.610,-16.517,0,,0,48,45,9
2026-04-15T18:32:25.610,-16.505,0,,0,48,45,9
2026-04-15T18:32:26.620,-16.520,0,,0,48,45,9
2026-04-15T18:32:27.610,-16.523,0,,0,48,45,9
2026-04-15T18:32:28.610,-16.535,0,,0,48,45,9
2026-04-15T18:32:29.620,-16.546,0,,0,48,45,9
2026-04-15T18:32:31.260,-16.529,0,,0,48,45,9
2026-04-15T18:32:31.610,-16.530,0,,0,48,45,9
2026-04-15T18:32:32.620,-16.531,0,,0,48,45,10
2026-04-15T18:32:33.610,-16.548,0,,0,48,45,10
2026-04-15T18:32:34.610,-16.564,0,,0,48,45,10
2026-04-15T18:32:35.620,-16.568,0,,0,48,45,10
2026-04-15T18:32:36.610,-16.565,0,,0,48,45,10
2026-04-15T18:32:37.610,-16.586,0,,0,48,45,10
2026-04-15T18:32:38.610,-16.581,0,,0,48,45,10
2026-04-15T18:32:39.610,-16.596,0,,0,48,45,10
2026-04-15T18:32:40.600,-16.596,0,,0,48,45,10
2026-04-15T18:32:41.620,-16.612,0,,0,48,45,10
2026-04-15T18:32:43.050,-16.618,0,,0,48,45,10
2026-04-15T18:32:43.610,-16.601,0,,0,48,45,10
2026-04-15T18:32:44.620,-16.601,0,,0,48,45,10
2026-04-15T18:32:45.610,-16.603,0,,0,48,45,10
2026-04-15T18:32:46.610,-16.614,0,,0,48,45,10
2026-04-15T18:32:47.620,-16.622,0,,0,48,45,10
2026-04-15T18:32:49.890,-16.652,0,,0,48,45,10
2026-04-15T18:32:50.590,-16.638,0,,0,48,45,10
2026-04-15T18:32:51.610,-16.662,0,,0,48,45,10
2026-04-15T18:32:52.610,-16.650,0,,0,48,45,10
2026-04-15T18:32:53.620,-16.657,0,Image_328.png,0,48,45,10
2026-04-15T18:32:54.920,-16.647,0,,0,48,45,10
2026-04-15T18:32:55.610,-16.665,0,,0,48,45,10
2026-04-15T18:32:56.620,-16.698,0,,0,48,45,10
2026-04-15T18:32:57.610,-16.700,0,,0,48,45,10
2026-04-15T18:32:58.610,-16.698,0,,0,48,45,10
2026-04-15T18:32:59.610,-16.695,0,,0,48,45,10
2026-04-15T18:33:00.600,-16.723,0,,0,48,45,10
2026-04-15T18:33:01.610,-16.711,0,,0,48,45,10
2026-04-15T18:33:02.620,-16.702,0,,0,48,45,10
2026-04-15T18:33:03.610,-16.718,0,,0,48,45,10
2026-04-15T18:33:04.610,-16.706,0,,0,48,45,10
2026-04-15T18:33:05.620,-16.702,0,,0,48,45,10
2026-04-15T18:33:06.610,-16.698,0,,0,48,45,10
2026-04-15T18:33:07.610,-16.704,0,,0,48,45,10
2026-04-15T18:33:08.620,-16.724,0,,0,48,45,10
2026-04-15T18:33:09.610,-16.752,0,,0,48,45,10
2026-04-15T18:33:10.610,-16.755,0,,0,48,45,10
2026-04-15T18:33:11.610,-16.765,0,,0,48,45,10
2026-04-15T18:33:12.610,-16.769,0,,0,48,45,10
2026-04-15T18:33:13.610,-16.769,0,,0,48,45,10
2026-04-15T18:33:14.630,-16.783,0,,0,48,45,10
2026-04-15T18:33:15.610,-16.784,0,,0,48,45,10
2026-04-15T18:33:16.610,-16.794,0,,0,48,45,10
2026-04-15T18:33:17.610,-16.799,0,,0,48,45,10
2026-04-15T18:33:18.610,-16.814,0,,0,48,45,10
2026-04-15T18:33:19.610,-16.801,0,,0,48,45,10
2026-04-15T18:33:20.620,-16.814,0,,0,48,45,10
2026-04-15T18:33:21.610,-16.825,0,,0,48,45,10
2026-04-15T18:33:22.610,-16.828,0,,0,48,45,10
2026-04-15T18:33:23.610,-16.838,0,,0,48,45,10
2026-04-15T18:33:24.610,-16.847,0,,0,48,45,10
2026-04-15T18:33:25.610,-16.847,0,,0,48,45,10
2026-04-15T18:33:26.610,-16.855,0,,0,48,45,10
2026-04-15T18:33:27.610,-16.854,0,,0,48,45,10
2026-04-15T18:33:28.610,-16.860,0,,0,48,45,10
2026-04-15T18:33:29.610,-16.871,0,,0,48,45,10
2026-04-15T18:33:30.610,-16.868,0,,0,48,45,10
2026-04-15T18:33:31.610,-16.873,0,,0,48,45,10
2026-04-15T18:33:32.620,-16.884,0,,0,48,45,10
2026-04-15T18:33:33.610,-16.889,0,,0,48,45,10
2026-04-15T18:33:34.610,-16.884,0,,0,48,45,10
2026-04-15T18:33:35.600,-16.893,0,,0,48,45,10
2026-04-15T18:33:36.610,-16.899,0,,0,48,45,10
2026-04-15T18:33:37.610,-16.896,0,,0,48,45,10
2026-04-15T18:33:38.610,-16.900,0,,0,48,45,11
2026-04-15T18:33:39.610,-16.922,0,,0,48,45,11
2026-04-15T18:33:40.610,-16.915,0,,0,48,45,11
2026-04-15T18:33:41.610,-16.924,0,,0,48,45,11
2026-04-15T18:33:42.970,-16.934,0,,0,48,45,11
2026-04-15T18:33:43.610,-16.937,0,,0,48,45,11
2026-04-15T18:33:44.610,-16.934,0,,0,48,45,11
2026-04-15T18:33:45.610,-16.940,0,,0,48,45,11
2026-04-15T18:33:46.610,-16.942,0,,0,48,45,11
2026-04-15T18:33:47.610,-16.954,0,,0,48,45,11
2026-04-15T18:33:48.610,-16.963,0,,0,48,45,11
2026-04-15T18:33:49.610,-16.970,0,,0,48,45,11
2026-04-15T18:33:50.620,-16.964,0,,0,48,45,11
2026-04-15T18:33:51.610,-16.971,0,,0,48,45,11
2026-04-15T18:33:52.610,-16.982,0,,0,48,45,11
2026-04-15T18:33:53.620,-16.990,0,,0,48,45,11
2026-04-15T18:33:54.610,-17.003,0,Image_329.png,0,48,45,11
2026-04-15T18:33:55.930,-16.998,0,,0,48,45,11
2026-04-15T18:33:56.620,-17.000,0,,0,48,45,11
2026-04-15T18:33:57.610,-17.012,0,,0,48,45,11
2026-04-15T18:33:58.610,-17.019,0,,0,48,45,11
2026-04-15T18:33:59.620,-17.017,0,,0,48,45,11
2026-04-15T18:34:00.610,-17.026,0,,0,48,45,11
2026-04-15T18:34:01.610,-17.020,0,,0,48,45,11
2026-04-15T18:34:02.620,-17.039,0,,0,48,45,11
2026-04-15T18:34:03.610,-17.056,0,,0,48,45,11
2026-04-15T18:34:04.610,-17.043,0,,0,48,45,11
2026-04-15T18:34:05.600,-17.046,0,,0,48,45,11
2026-04-15T18:34:06.620,-17.040,0,,0,48,45,11
2026-04-15T18:34:07.610,-17.058,0,,0,48,45,11
2026-04-15T18:34:08.630,-17.060,0,,0,48,45,11
2026-04-15T18:34:09.610,-17.078,0,,0,48,45,11
2026-04-15T18:34:10.610,-17.072,0,,0,48,45,11
2026-04-15T18:34:11.620,-17.090,0,,0,48,45,11
2026-04-15T18:34:12.610,-17.088,0,,0,48,45,11
2026-04-15T18:34:13.610,-17.091,0,,0,48,45,11
2026-04-15T18:34:14.620,-17.091,0,,0,48,45,11
2026-04-15T18:34:15.610,-17.097,0,,0,48,45,11
2026-04-15T18:34:16.860,-17.107,0,,0,48,46,11
2026-04-15T18:34:17.620,-17.102,0,,0,48,46,11
2026-04-15T18:34:18.610,-17.119,0,,0,48,46,11
2026-04-15T18:34:19.610,-17.128,0,,0,48,46,11
2026-04-15T18:34:20.970,-17.131,0,,0,48,46,11
2026-04-15T18:34:21.610,-17.134,0,,0,48,46,11
2026-04-15T18:34:22.610,-17.143,0,,0,48,46,11
2026-04-15T18:34:23.620,-17.142,0,,0,48,46,11
2026-04-15T18:34:24.610,-17.147,0,,0,48,46,11
2026-04-15T18:34:25.610,-17.151,0,,0,48,46,11
2026-04-15T18:34:26.620,-17.162,0,,0,48,46,11
2026-04-15T18:34:27.610,-17.167,0,,0,48,46,11
2026-04-15T18:34:28.610,-17.168,0,,0,48,46,11
2026-04-15T18:34:29.620,-17.166,0,,0,48,46,11
2026-04-15T18:34:30.610,-17.178,0,,0,48,46,11
2026-04-15T18:34:31.610,-17.188,0,,0,48,46,11
2026-04-15T18:34:32.620,-17.188,0,,0,48,46,11
2026-04-15T18:34:33.610,-17.183,0,,0,48,46,11
2026-04-15T18:34:34.610,-17.197,0,,0,48,46,11
2026-04-15T18:34:35.610,-17.201,0,,0,48,46,11
2026-04-15T18:34:36.610,-17.209,0,,0,48,46,11
2026-04-15T18:34:37.610,-17.207,0,,0,48,46,11
2026-04-15T18:34:38.620,-17.214,0,,0,48,46,11
2026-04-15T18:34:39.610,-17.234,0,,0,48,46,12
2026-04-15T18:34:40.610,-17.253,0,,0,48,46,12
2026-04-15T18:34:41.620,-17.255,0,,0,48,46,12
2026-04-15T18:34:42.610,-17.248,0,,0,48,46,12
2026-04-15T18:34:43.610,-17.247,0,,0,48,46,12
2026-04-15T18:34:44.610,-17.248,0,,0,48,46,12
2026-04-15T18:34:45.610,-17.261,0,,0,48,46,12
2026-04-15T18:34:46.610,-17.264,0,,0,48,46,12
2026-04-15T18:34:47.620,-17.272,0,,0,48,46,12
2026-04-15T18:34:48.610,-17.275,0,,0,48,46,12
2026-04-15T18:34:49.610,-17.292,0,,0,48,46,12
2026-04-15T18:34:50.620,-17.288,0,,0,48,46,12
2026-04-15T18:34:51.610,-17.295,0,,0,48,46,12
2026-04-15T18:34:52.610,-17.299,0,,0,48,46,12
2026-04-15T18:34:53.620,-17.289,0,,0,48,46,12
2026-04-15T18:34:54.610,-17.305,0,Image_330.png,0,48,46,12
2026-04-15T18:34:55.930,-17.314,0,,0,48,46,12
2026-04-15T18:34:56.620,-17.312,0,,0,48,46,12
2026-04-15T18:34:57.610,-17.315,0,,0,48,46,12
2026-04-15T18:34:58.610,-17.332,0,,0,48,46,12
2026-04-15T18:34:59.620,-17.324,0,,0,48,46,12
2026-04-15T18:35:00.610,-17.341,0,,0,48,46,12
2026-04-15T18:35:01.610,-17.334,0,,0,48,46,12
2026-04-15T18:35:02.620,-17.348,0,,0,48,46,12
2026-04-15T18:35:03.610,-17.352,0,,0,48,46,12
2026-04-15T18:35:04.610,-17.362,0,,0,48,46,12
2026-04-15T18:35:05.620,-17.356,0,,0,48,46,12
2026-04-15T18:35:07.590,-17.380,0,,0,48,46,12
2026-04-15T18:35:08.610,-17.382,0,,0,48,46,12
2026-04-15T18:35:09.610,-17.385,0,,0,48,46,12
2026-04-15T18:35:10.770,-17.393,0,,0,48,46,12
2026-04-15T18:35:11.620,-17.399,0,,0,48,46,12
2026-04-15T18:35:12.610,-17.406,0,,0,48,46,12
2026-04-15T18:35:13.610,-17.411,0,,0,48,46,12
2026-04-15T18:35:14.630,-17.412,0,,0,48,46,12
2026-04-15T18:35:15.610,-17.413,0,,0,48,46,12
2026-04-15T18:35:16.610,-17.427,0,,0,48,46,12
2026-04-15T18:35:17.620,-17.423,0,,0,48,46,12
2026-04-15T18:35:18.610,-17.433,0,,0,48,46,12
2026-04-15T18:35:19.610,-17.428,0,,0,48,46,12
2026-04-15T18:35:20.610,-17.428,0,,0,48,46,12
2026-04-15T18:35:21.610,-17.451,0,,0,48,46,12
2026-04-15T18:35:22.600,-17.468,0,,0,48,46,12
2026-04-15T18:35:23.610,-17.477,0,,0,48,46,12
2026-04-15T18:35:24.610,-17.503,0,,0,48,46,12
2026-04-15T18:35:25.610,-17.513,0,,0,48,46,12
2026-04-15T18:35:26.610,-17.501,0,,0,48,46,12
2026-04-15T18:35:27.610,-17.519,0,,0,48,46,12
2026-04-15T18:35:28.830,-17.511,0,,0,48,46,12
2026-04-15T18:35:29.620,-17.490,0,,0,48,46,12
2026-04-15T18:35:30.610,-17.506,0,,0,48,46,12
2026-04-15T18:35:31.610,-17.511,0,,0,48,46,12
2026-04-15T18:35:32.620,-17.514,0,,0,48,46,12
2026-04-15T18:35:33.610,-17.514,0,,0,48,46,12
2026-04-15T18:35:34.610,-17.538,0,,0,48,46,12
2026-04-15T18:35:35.620,-17.532,0,,0,48,46,12
2026-04-15T18:35:36.610,-17.546,0,,0,48,46,12
2026-04-15T18:35:37.610,-17.553,0,,0,48,46,12
2026-04-15T18:35:38.610,-17.554,0,,0,48,46,12
2026-04-15T18:35:39.610,-17.559,0,,0,48,46,12
2026-04-15T18:35:40.610,-17.577,0,,0,48,46,12
2026-04-15T18:35:41.620,-17.598,0,,0,48,46,12
2026-04-15T18:35:42.610,-17.597,0,,0,48,46,12
2026-04-15T18:35:43.610,-17.595,0,,0,48,46,12
2026-04-15T18:35:44.610,-17.596,0,,0,48,46,12
2026-04-15T18:35:45.610,-17.595,0,,0,48,46,12
2026-04-15T18:35:46.600,-17.587,0,,0,48,46,12
2026-04-15T18:35:47.620,-17.607,0,,0,48,46,12
2026-04-15T18:35:48.610,-17.628,0,,0,48,46,12
2026-04-15T18:35:49.610,-17.631,0,,0,48,46,12
2026-04-15T18:35:50.880,-17.638,0,,0,48,46,12
2026-04-15T18:35:51.610,-17.639,0,,0,48,46,12
2026-04-15T18:35:52.610,-17.625,0,,0,48,46,12
2026-04-15T18:35:53.620,-17.647,0,,0,48,46,12
2026-04-15T18:35:54.610,-17.666,0,,0,48,46,12
2026-04-15T18:35:55.610,-17.671,0,Image_331.png,0,48,46,12
2026-04-15T18:35:56.920,-17.683,0,,0,48,46,12
2026-04-15T18:35:57.610,-17.683,0,,0,48,46,12
2026-04-15T18:35:58.610,-17.704,0,,0,48,46,12
2026-04-15T18:35:59.610,-17.714,0,,0,48,46,12
2026-04-15T18:36:00.610,-17.729,0,,0,48,46,12
2026-04-15T18:36:01.610,-17.740,0,,0,48,46,12
2026-04-15T18:36:02.620,-17.720,0,,0,48,46,12
2026-04-15T18:36:03.610,-17.725,0,,0,48,46,12
2026-04-15T18:36:04.610,-17.734,0,,0,48,46,13
2026-04-15T18:36:05.610,-17.730,0,,0,48,46,13
2026-04-15T18:36:06.630,-17.735,0,,0,48,46,13
2026-04-15T18:36:07.610,-17.746,0,,0,48,46,13
2026-04-15T18:36:08.620,-17.734,0,,0,48,46,13
2026-04-15T18:36:09.610,-17.747,0,,0,48,46,13
2026-04-15T18:36:10.610,-17.770,0,,0,48,46,13
2026-04-15T18:36:11.610,-17.764,0,,0,48,46,13
2026-04-15T18:36:12.610,-17.785,0,,0,48,46,13
2026-04-15T18:36:13.600,-17.787,0,,0,48,46,13
2026-04-15T18:36:14.620,-17.777,0,,0,48,46,13
2026-04-15T18:36:15.610,-17.795,0,,0,48,46,13
2026-04-15T18:36:16.600,-17.815,0,,0,48,46,13
2026-04-15T18:36:17.620,-17.794,0,,0,48,46,13
2026-04-15T18:36:18.600,-17.803,0,,0,48,46,13
2026-04-15T18:36:19.610,-17.814,0,,0,48,46,13
2026-04-15T18:36:20.620,-17.812,0,,0,48,46,13
2026-04-15T18:36:21.610,-17.821,0,,0,48,46,13
2026-04-15T18:36:23.010,-17.800,0,,0,48,46,13
2026-04-15T18:36:23.610,-17.811,0,,0,48,46,13
2026-04-15T18:36:24.830,-17.828,0,,0,48,46,13
2026-04-15T18:36:25.610,-17.854,0,,0,48,46,13
2026-04-15T18:36:26.620,-17.834,0,,0,48,46,13
2026-04-15T18:36:27.610,-17.859,0,,0,48,46,13
2026-04-15T18:36:28.610,-17.859,0,,0,48,46,13
2026-04-15T18:36:29.620,-17.850,0,,0,48,46,13
2026-04-15T18:36:30.610,-17.854,0,,0,48,46,13
2026-04-15T18:36:31.610,-17.844,0,,0,48,46,13
2026-04-15T18:36:32.610,-17.851,0,,0,48,46,13
2026-04-15T18:36:33.610,-17.872,0,,0,48,46,13
2026-04-15T18:36:34.610,-17.905,0,,0,48,46,13
2026-04-15T18:36:35.620,-17.926,0,,0,48,46,13
2026-04-15T18:36:36.610,-17.927,0,,0,48,46,13
2026-04-15T18:36:37.610,-17.913,0,,0,48,46,13
2026-04-15T18:36:38.860,-17.905,0,,0,48,46,13
2026-04-15T18:36:39.610,-17.908,0,,0,48,46,13
2026-04-15T18:36:40.610,-17.904,0,,0,48,46,13
2026-04-15T18:36:41.610,-17.924,0,,0,48,46,13
2026-04-15T18:36:42.610,-17.916,0,,0,48,46,13
2026-04-15T18:36:43.610,-17.929,0,,0,48,46,13
2026-04-15T18:36:44.610,-17.954,0,,0,48,46,13
2026-04-15T18:36:45.610,-17.948,0,,0,48,46,13
2026-04-15T18:36:46.610,-17.946,0,,0,48,46,13
2026-04-15T18:36:47.620,-17.957,0,,0,48,46,13
2026-04-15T18:36:48.610,-17.933,0,,0,48,46,13
2026-04-15T18:36:49.610,-17.938,0,,0,48,46,13
2026-04-15T18:36:50.810,-17.961,0,,0,48,46,13
2026-04-15T18:36:51.610,-17.972,0,,0,48,46,13
2026-04-15T18:36:52.610,-17.981,0,,0,48,46,13
2026-04-15T18:36:53.620,-17.994,0,,0,48,46,13
2026-04-15T18:36:54.610,-18.006,0,,0,48,46,13
2026-04-15T18:36:55.610,-18.001,0,,0,48,46,13
2026-04-15T18:36:56.620,-18.023,0,Image_332.png,0,48,46,13
2026-04-15T18:36:57.920,-18.044,0,,0,48,46,13
2026-04-15T18:36:58.610,-18.020,0,,0,48,46,13
2026-04-15T18:36:59.610,-18.042,0,,0,48,46,13
2026-04-15T18:37:00.610,-18.035,0,,0,48,46,13
2026-04-15T18:37:01.610,-18.034,0,,0,48,46,13
2026-04-15T18:37:02.610,-18.052,0,,0,48,46,13
2026-04-15T18:37:03.610,-18.067,0,,0,48,46,13
2026-04-15T18:37:04.600,-18.070,0,,0,48,46,13
2026-04-15T18:37:05.620,-18.068,0,,0,48,46,13
2026-04-15T18:37:06.610,-18.063,0,,0,48,46,13
2026-04-15T18:37:07.610,-18.062,0,,0,48,46,13
2026-04-15T18:37:08.590,-18.073,0,,0,48,46,13
2026-04-15T18:37:09.610,-18.062,0,,0,48,46,13
2026-04-15T18:37:10.610,-18.089,0,,0,48,46,13
2026-04-15T18:37:11.620,-18.097,0,,0,48,46,13
2026-04-15T18:37:12.690,-18.092,0,,0,48,46,13
2026-04-15T18:37:13.610,-18.083,0,,0,48,46,13
2026-04-15T18:37:14.620,-18.102,0,,0,48,46,13
2026-04-15T18:37:15.610,-18.094,0,,0,48,46,13
2026-04-15T18:37:16.610,-18.128,0,,0,48,46,13
2026-04-15T18:37:17.620,-18.125,0,,0,48,46,13
2026-04-15T18:37:18.700,-18.136,0,,0,48,46,13
2026-04-15T18:37:19.610,-18.139,0,,0,48,46,13
2026-04-15T18:37:20.610,-18.142,0,,0,48,46,13
2026-04-15T18:37:21.610,-18.149,0,,0,48,46,13
2026-04-15T18:37:22.600,-18.153,0,,0,48,46,13
2026-04-15T18:37:23.620,-18.160,0,,0,48,46,13
2026-04-15T18:37:24.610,-18.171,0,,0,48,46,13
2026-04-15T18:37:25.610,-18.168,0,,0,48,46,13
2026-04-15T18:37:26.610,-18.166,0,,0,48,46,13
2026-04-15T18:37:27.610,-18.169,0,,0,48,46,13
2026-04-15T18:37:28.610,-18.164,0,,0,48,46,13
2026-04-15T18:37:29.610,-18.178,0,,0,48,46,13
2026-04-15T18:37:30.610,-18.204,0,,0,48,46,13
2026-04-15T18:37:31.610,-18.189,0,,0,48,46,13
2026-04-15T18:37:32.610,-18.185,0,,0,48,46,13
2026-04-15T18:37:33.610,-18.165,0,,0,48,46,13
2026-04-15T18:37:34.610,-18.173,0,,0,48,46,13
2026-04-15T18:37:35.620,-18.209,0,,0,48,46,13
2026-04-15T18:37:36.840,-18.211,0,,0,48,46,13
2026-04-15T18:37:37.610,-18.226,0,,0,48,46,13
2026-04-15T18:37:38.600,-18.242,0,,0,48,46,13
2026-04-15T18:37:39.610,-18.247,0,,0,48,46,13
2026-04-15T18:37:40.600,-18.272,0,,0,48,46,13
2026-04-15T18:37:41.620,-18.271,0,,0,48,46,14
2026-04-15T18:37:42.610,-18.269,0,,0,48,46,14
2026-04-15T18:37:43.610,-18.275,0,,0,48,46,14
2026-04-15T18:37:44.610,-18.280,0,,0,48,46,14
2026-04-15T18:37:45.610,-18.315,0,,0,48,46,14
2026-04-15T18:37:46.610,-18.308,0,,0,48,46,14
2026-04-15T18:37:47.620,-18.319,0,,0,48,46,14
2026-04-15T18:37:48.610,-18.333,0,,0,48,46,14
2026-04-15T18:37:49.610,-18.337,0,,0,48,46,14
2026-04-15T18:37:50.620,-18.346,0,,0,48,46,14
2026-04-15T18:37:51.610,-18.326,0,,0,48,46,14
2026-04-15T18:37:52.610,-18.338,0,,0,48,46,14
2026-04-15T18:37:53.620,-18.337,0,,0,48,46,14
2026-04-15T18:37:55.510,-18.356,0,,0,48,46,14
2026-04-15T18:37:55.840,-18.362,0,,0,48,46,14
2026-04-15T18:37:56.610,-18.360,0,Image_333.png,0,48,46,14
2026-04-15T18:37:57.920,-18.377,0,,0,48,46,14
2026-04-15T18:37:58.610,-18.371,0,,0,48,46,14
2026-04-15T18:37:59.620,-18.387,0,,0,48,46,14
2026-04-15T18:38:00.610,-18.406,0,,0,48,46,14
2026-04-15T18:38:01.610,-18.402,0,,0,48,46,14
2026-04-15T18:38:02.620,-18.408,0,,0,48,46,14
2026-04-15T18:38:03.610,-18.421,0,,0,48,46,14
2026-04-15T18:38:04.900,-18.415,0,,0,48,46,14
2026-04-15T18:38:05.620,-18.427,0,,0,48,46,14
2026-04-15T18:38:06.610,-18.429,0,,0,48,46,14
2026-04-15T18:38:07.610,-18.420,0,,0,48,46,14
2026-04-15T18:38:08.620,-18.430,0,,0,48,46,14
2026-04-15T18:38:09.610,-18.450,0,,0,48,46,14
2026-04-15T18:38:10.610,-18.449,0,,0,48,46,14
2026-04-15T18:38:11.600,-18.465,0,,0,48,46,14
2026-04-15T18:38:12.740,-18.456,0,,0,48,46,14
2026-04-15T18:38:13.610,-18.464,0,,0,48,46,14
2026-04-15T18:38:14.620,-18.468,0,,0,48,46,14
2026-04-15T18:38:15.610,-18.467,0,,0,48,46,14
2026-04-15T18:38:16.610,-18.481,0,,0,48,46,14
2026-04-15T18:38:17.620,-18.491,0,,0,48,46,15
2026-04-15T18:38:18.610,-18.495,0,,0,48,46,15
2026-04-15T18:38:19.610,-18.493,0,,0,48,46,15
2026-04-15T18:38:20.780,-18.498,0,,0,48,46,15
2026-04-15T18:38:21.610,-18.509,0,,0,48,46,15
2026-04-15T18:38:22.630,-18.514,0,,0,48,46,15
2026-04-15T18:38:23.620,-18.527,0,,0,48,46,15
2026-04-15T18:38:24.610,-18.514,0,,0,48,46,15
2026-04-15T18:38:25.610,-18.524,0,,0,48,46,15
2026-04-15T18:38:26.620,-18.531,0,,0,48,46,15
2026-04-15T18:38:27.610,-18.547,0,,0,48,46,15
2026-04-15T18:38:28.610,-18.538,0,,0,48,46,15
2026-04-15T18:38:29.610,-18.538,0,,0,48,46,15
2026-04-15T18:38:30.610,-18.550,0,,0,48,46,15
2026-04-15T18:38:31.610,-18.558,0,,0,48,46,15
2026-04-15T18:38:32.620,-18.554,0,,0,48,46,15
2026-04-15T18:38:33.610,-18.563,0,,0,48,46,15
2026-04-15T18:38:34.610,-18.558,0,,0,48,46,15
2026-04-15T18:38:35.610,-18.576,0,,0,48,46,15
2026-04-15T18:38:36.610,-18.580,0,,0,48,46,15
2026-04-15T18:38:37.610,-18.560,0,,0,48,46,15
2026-04-15T18:38:39.590,-18.572,0,,0,48,46,15
2026-04-15T18:38:40.610,-18.581,0,,0,48,46,15
2026-04-15T18:38:41.600,-18.595,0,,0,48,46,15
2026-04-15T18:38:42.610,-18.612,0,,0,48,46,15
2026-04-15T18:38:43.620,-18.606,0,,0,48,46,16
2026-04-15T18:38:45.370,-18.591,0,,0,48,46,16
2026-04-15T18:38:45.710,-18.599,0,,0,48,46,16
2026-04-15T18:38:46.610,-18.603,0,,0,48,46,16
2026-04-15T18:38:47.610,-18.624,0,,0,48,46,16
2026-04-15T18:38:48.610,-18.634,0,,0,48,46,16
2026-04-15T18:38:49.610,-18.651,0,,0,48,46,16
2026-04-15T18:38:51.960,-18.656,0,,0,48,46,16
2026-04-15T18:38:52.610,-18.656,0,,0,48,46,16
2026-04-15T18:38:53.620,-18.653,0,,0,48,46,16
2026-04-15T18:38:54.610,-18.666,0,,0,48,46,16
2026-04-15T18:38:55.610,-18.667,0,,0,48,46,16
2026-04-15T18:38:56.740,-18.681,0,Image_334.png,0,48,46,16
2026-04-15T18:38:57.930,-18.680,0,,0,48,46,16
2026-04-15T18:38:59.080,-18.696,0,,0,48,46,16
2026-04-15T18:38:59.620,-18.701,0,,0,48,46,16
2026-04-15T18:39:00.610,-18.704,0,,0,48,46,16
2026-04-15T18:39:01.610,-18.717,0,,0,48,46,16
2026-04-15T18:39:02.610,-18.730,0,,0,48,46,16
2026-04-15T18:39:03.610,-18.725,0,,0,48,46,16
2026-04-15T18:39:04.610,-18.727,0,,0,48,46,16
2026-04-15T18:39:05.620,-18.740,0,,0,48,46,16
2026-04-15T18:39:06.610,-18.753,0,,0,48,46,16
2026-04-15T18:39:07.610,-18.761,0,,0,48,46,16
2026-04-15T18:39:08.620,-18.772,0,,0,48,46,16
2026-04-15T18:39:09.610,-18.774,0,,0,48,46,16
2026-04-15T18:39:10.600,-18.785,0,,0,48,46,16
2026-04-15T18:39:11.610,-18.765,0,,0,48,46,16
2026-04-15T18:39:12.610,-18.767,0,,0,48,46,16
2026-04-15T18:39:13.610,-18.773,0,,0,48,46,16
2026-04-15T18:39:14.620,-18.783,0,,0,48,46,16
2026-04-15T18:39:15.610,-18.786,0,,0,48,46,16
2026-04-15T18:39:16.600,-18.796,0,,0,48,46,16
2026-04-15T18:39:17.610,-18.808,0,,0,48,46,16
2026-04-15T18:39:18.610,-18.809,0,,0,48,46,16
2026-04-15T18:39:19.610,-18.824,0,,0,48,46,16
2026-04-15T18:39:20.800,-18.825,0,,0,48,46,16
2026-04-15T18:39:21.610,-18.839,0,,0,48,46,16
2026-04-15T18:39:22.690,-18.858,0,,0,48,46,16
2026-04-15T18:39:23.610,-18.847,0,,0,48,46,16
2026-04-15T18:39:24.610,-18.854,0,,0,48,46,16
2026-04-15T18:39:25.610,-18.860,0,,0,48,46,16
2026-04-15T18:39:26.610,-18.869,0,,0,48,46,16
2026-04-15T18:39:27.610,-18.871,0,,0,48,46,16
2026-04-15T18:39:28.610,-18.882,0,,0,48,46,16
2026-04-15T18:39:29.590,-18.893,0,,0,48,46,16
2026-04-15T18:39:30.610,-18.902,0,,0,48,46,16
2026-04-15T18:39:31.610,-18.894,0,,0,48,46,16
2026-04-15T18:39:32.800,-18.913,0,,0,48,46,16
2026-04-15T18:39:33.610,-18.916,0,,0,48,46,16
2026-04-15T18:39:34.610,-18.889,0,,0,48,46,16
2026-04-15T18:39:35.620,-18.905,0,,0,48,46,16
2026-04-15T18:39:36.610,-18.907,0,,0,48,46,16
2026-04-15T18:39:37.610,-18.918,0,,0,48,46,16
2026-04-15T18:39:38.610,-18.942,0,,0,48,46,16
2026-04-15T18:39:39.610,-18.944,0,,0,48,46,16
2026-04-15T18:39:40.760,-18.944,0,,0,48,46,16
2026-04-15T18:39:41.620,-18.954,0,,0,48,46,16
2026-04-15T18:39:42.610,-18.959,0,,0,48,46,16
2026-04-15T18:39:43.610,-18.967,0,,0,48,46,16
2026-04-15T18:39:44.620,-18.976,0,,0,48,46,16
2026-04-15T18:39:45.610,-18.973,0,,0,48,46,16
2026-04-15T18:39:46.810,-18.983,0,,0,48,46,16
2026-04-15T18:39:47.620,-18.979,0,,0,48,46,16
2026-04-15T18:39:48.610,-18.995,0,,0,48,46,16
2026-04-15T18:39:49.600,-19.011,0,,0,48,46,16
2026-04-15T18:39:51.000,-19.010,0,,0,48,46,16
2026-04-15T18:39:51.610,-19.007,0,,0,48,46,16
2026-04-15T18:39:52.600,-19.008,0,,0,48,46,16
2026-04-15T18:39:53.620,-19.005,0,,0,48,46,16
2026-04-15T18:39:54.650,-19.010,0,,0,48,46,16
2026-04-15T18:39:55.610,-19.018,0,,0,48,46,16
2026-04-15T18:39:56.610,-19.033,0,,0,48,46,16
2026-04-15T18:39:57.610,-19.035,0,Image_335.png,0,48,46,16
2026-04-15T18:39:58.920,-19.052,0,,0,48,46,16
2026-04-15T18:39:59.610,-19.060,0,,0,48,46,16
2026-04-15T18:40:00.610,-19.069,0,,0,48,46,16
2026-04-15T18:40:01.610,-19.064,0,,0,48,46,16
2026-04-15T18:40:02.620,-19.066,0,,0,48,46,16
2026-04-15T18:40:03.610,-19.081,0,,0,48,46,16
2026-04-15T18:40:04.610,-19.097,0,,0,48,46,16
2026-04-15T18:40:05.620,-19.083,0,,0,48,46,16
2026-04-15T18:40:06.610,-19.108,0,,0,48,46,16
2026-04-15T18:40:07.600,-19.092,0,,0,48,46,16
2026-04-15T18:40:08.620,-19.112,0,,0,48,46,16
2026-04-15T18:40:09.610,-19.116,0,,0,48,46,16
2026-04-15T18:40:10.610,-19.117,0,,0,48,46,16
2026-04-15T18:40:11.610,-19.120,0,,0,48,46,16
2026-04-15T18:40:12.610,-19.126,0,,0,48,46,16
2026-04-15T18:40:13.610,-19.133,0,,0,48,46,16
2026-04-15T18:40:14.820,-19.127,0,,0,48,46,16
2026-04-15T18:40:15.610,-19.129,0,,0,48,46,16
2026-04-15T18:40:16.690,-19.149,0,,0,48,46,16
2026-04-15T18:40:17.620,-19.140,0,,0,48,46,16
2026-04-15T18:40:18.610,-19.146,0,,0,48,46,16
2026-04-15T18:40:19.610,-19.149,0,,0,48,46,16
2026-04-15T18:40:20.620,-19.158,0,,0,48,46,16
2026-04-15T18:40:21.610,-19.174,0,,0,48,46,16
2026-04-15T18:40:22.710,-19.164,0,,0,48,46,16
2026-04-15T18:40:23.620,-19.168,0,,0,48,46,16
2026-04-15T18:40:24.620,-19.181,0,,0,48,46,16
2026-04-15T18:40:25.610,-19.194,0,,0,48,46,16
2026-04-15T18:40:26.620,-19.204,0,,0,48,46,16
2026-04-15T18:40:27.620,-19.200,0,,0,48,46,16
2026-04-15T18:40:28.610,-19.203,0,,0,48,46,16
2026-04-15T18:40:29.620,-19.215,0,,0,48,46,16
2026-04-15T18:40:30.610,-19.214,0,,0,48,46,16
2026-04-15T18:40:31.610,-19.222,0,,0,48,46,16
2026-04-15T18:40:32.630,-19.225,0,,0,48,46,16
2026-04-15T18:40:33.610,-19.225,0,,0,48,47,16
2026-04-15T18:40:34.610,-19.231,0,,0,48,47,16
2026-04-15T18:40:35.620,-19.235,0,,0,48,47,16
2026-04-15T18:40:36.610,-19.235,0,,0,48,47,16
2026-04-15T18:40:37.610,-19.246,0,,0,48,47,16
2026-04-15T18:40:38.610,-19.254,0,,0,48,47,16
2026-04-15T18:40:39.610,-19.254,0,,0,48,47,16
2026-04-15T18:40:40.610,-19.257,0,,0,48,47,16
2026-04-15T18:40:41.620,-19.265,0,,0,48,47,16
2026-04-15T18:40:42.850,-19.272,0,,0,48,47,16
2026-04-15T18:40:43.610,-19.277,0,,0,48,47,16
2026-04-15T18:40:44.620,-19.289,0,,0,48,47,16
2026-04-15T18:40:45.610,-19.283,0,,0,48,47,16
2026-04-15T18:40:46.610,-19.286,0,,0,48,48,16
2026-04-15T18:40:47.620,-19.294,0,,0,48,48,16
2026-04-15T18:40:48.750,-19.308,0,,0,48,48,16
2026-04-15T18:40:49.610,-19.303,0,,0,48,48,16
2026-04-15T18:40:50.610,-19.315,0,,0,48,48,16
2026-04-15T18:40:51.610,-19.307,0,,0,48,48,16
2026-04-15T18:40:52.610,-19.333,0,,0,48,48,16
2026-04-15T18:40:53.620,-19.333,0,,0,48,48,16
2026-04-15T18:40:54.610,-19.337,0,,0,48,48,16
2026-04-15T18:40:55.610,-19.333,0,,0,48,48,16
2026-04-15T18:40:56.670,-19.359,0,,0,48,48,16
2026-04-15T18:40:57.610,-19.364,0,Image_336.png,0,48,48,16
2026-04-15T18:40:58.920,-19.370,0,,0,48,48,16
2026-04-15T18:40:59.600,-19.364,0,,0,48,48,16
2026-04-15T18:41:00.610,-19.372,0,,0,48,48,16
2026-04-15T18:41:01.610,-19.374,0,,0,48,48,16
